kernel,M,N,K,cost_us
launch_overhead,0,0,0,2.37
cublas,1,2048,2048,4.6
cutlass_32x64_s4,1,2048,2048,8.9
cutlass_32x64_s3,1,2048,2048,8.8
cutlass_32x128_s4,1,2048,2048,14.7
cutlass_32x128_s3,1,2048,2048,14.7
cutlass_32x256_s3,1,2048,2048,15.9
cutlass_64x64_s4,1,2048,2048,8.5
cutlass_64x64_s3,1,2048,2048,8.5
cutlass_64x128_s4,1,2048,2048,13.8
cutlass_64x128_s3,1,2048,2048,13.8
cutlass_128x64_s4,1,2048,2048,14.0
cutlass_128x64_s3,1,2048,2048,14.0
cutlass_128x128_s4,1,2048,2048,27.1
cutlass_128x128_s3,1,2048,2048,27.1
cutlass_128x256_s3,1,2048,2048,54.8
cutlass_256x64_s4,1,2048,2048,27.9
cutlass_256x64_s3,1,2048,2048,27.9
cutlass_64x64_s4_sk2,1,2048,2048,6.0
cutlass_64x64_s4_sk4,1,2048,2048,4.7
cutlass_64x64_s4_sk8,1,2048,2048,5.1
cutlass_128x128_s3_sk2,1,2048,2048,15.9
cutlass_128x128_s3_sk4,1,2048,2048,9.4
cutlass_128x128_s3_sk8,1,2048,2048,7.2
cutlass_64x128_s4_sk2,1,2048,2048,8.8
cutlass_64x128_s4_sk4,1,2048,2048,5.6
cutlass_64x128_s4_sk8,1,2048,2048,4.9
cutlass_32x64_s4_sk4,1,2048,2048,4.3
cutlass_32x64_s4_sk8,1,2048,2048,4.1
cutlass_32x64_s4_sk16,1,2048,2048,4.6
cutlass_128x128_s4_sk2,1,2048,2048,15.8
cutlass_128x128_s4_sk4,1,2048,2048,9.3
cutlass_128x128_s4_sk8,1,2048,2048,7.0
cutlass_128x64_s4_sk2,1,2048,2048,9.0
cutlass_128x64_s4_sk4,1,2048,2048,6.5
cutlass_128x64_s4_sk8,1,2048,2048,7.0
cutlass_256x64_s4_sk2,1,2048,2048,16.1
cutlass_256x64_s4_sk4,1,2048,2048,10.1
cutlass_64x64_s4_sk16,1,2048,2048,6.6
cutlass_64x128_s4_sk16,1,2048,2048,5.8
cutlass_64x64_k64_s4,1,2048,2048,7.1
cutlass_64x64_k64_s3,1,2048,2048,6.9
cutlass_64x128_k64_s4,1,2048,2048,14.0
cutlass_64x128_k64_s3,1,2048,2048,13.9
cutlass_128x64_k64_s4,1,2048,2048,14.1
cutlass_128x64_k64_s3,1,2048,2048,14.1
cutlass_128x128_k64_s4,1,2048,2048,0.0
cutlass_128x128_k64_s3,1,2048,2048,28.0
cutlass_256x64_k64_s4,1,2048,2048,0.0
cutlass_256x64_k64_s3,1,2048,2048,0.0
cutlass_128x256_k64_s3,1,2048,2048,0.0
cutlass_32x64_k64_s4,1,2048,2048,8.1
cutlass_32x128_k64_s4,1,2048,2048,13.8
cutlass_64x64_k64_s4_sk2,1,2048,2048,6.1
cutlass_64x64_k64_s4_sk4,1,2048,2048,4.5
cutlass_64x64_k64_s4_sk8,1,2048,2048,5.7
cutlass_128x128_k64_s3_sk2,1,2048,2048,16.3
cutlass_128x128_k64_s3_sk4,1,2048,2048,9.7
cutlass_128x128_k64_s2,1,2048,2048,28.9
cutlass_64x64_k64_s2,1,2048,2048,11.3
cutlass_64x128_k64_s2,1,2048,2048,17.6
cutlass_128x64_k64_s2,1,2048,2048,18.0
cutlass_256x64_k64_s2,1,2048,2048,31.5
cutlass_256x128_s2,1,2048,2048,0.0
cutlass_64x64_s2,1,2048,2048,16.9
cutlass_64x128_s2,1,2048,2048,21.9
cutlass_128x64_s2,1,2048,2048,20.9
cutlass_128x128_s2,1,2048,2048,33.8
cutlass_128x256_s2,1,2048,2048,55.1
cutlass_256x64_s2,1,2048,2048,34.4
cutlass_gemv,1,2048,2048,3.1
cublas,2,2048,2048,7.5
cutlass_32x64_s4,2,2048,2048,8.9
cutlass_32x64_s3,2,2048,2048,8.8
cutlass_32x128_s4,2,2048,2048,14.7
cutlass_32x128_s3,2,2048,2048,14.7
cutlass_32x256_s3,2,2048,2048,15.9
cutlass_64x64_s4,2,2048,2048,8.5
cutlass_64x64_s3,2,2048,2048,8.5
cutlass_64x128_s4,2,2048,2048,13.8
cutlass_64x128_s3,2,2048,2048,13.9
cutlass_128x64_s4,2,2048,2048,14.0
cutlass_128x64_s3,2,2048,2048,14.0
cutlass_128x128_s4,2,2048,2048,27.1
cutlass_128x128_s3,2,2048,2048,27.1
cutlass_128x256_s3,2,2048,2048,54.8
cutlass_256x64_s4,2,2048,2048,27.9
cutlass_256x64_s3,2,2048,2048,27.8
cutlass_64x64_s4_sk2,2,2048,2048,6.0
cutlass_64x64_s4_sk4,2,2048,2048,4.8
cutlass_64x64_s4_sk8,2,2048,2048,5.2
cutlass_128x128_s3_sk2,2,2048,2048,15.8
cutlass_128x128_s3_sk4,2,2048,2048,9.3
cutlass_128x128_s3_sk8,2,2048,2048,7.4
cutlass_64x128_s4_sk2,2,2048,2048,8.8
cutlass_64x128_s4_sk4,2,2048,2048,5.6
cutlass_64x128_s4_sk8,2,2048,2048,4.9
cutlass_32x64_s4_sk4,2,2048,2048,4.2
cutlass_32x64_s4_sk8,2,2048,2048,4.1
cutlass_32x64_s4_sk16,2,2048,2048,4.9
cutlass_128x128_s4_sk2,2,2048,2048,15.7
cutlass_128x128_s4_sk4,2,2048,2048,9.3
cutlass_128x128_s4_sk8,2,2048,2048,7.2
cutlass_128x64_s4_sk2,2,2048,2048,9.0
cutlass_128x64_s4_sk4,2,2048,2048,6.6
cutlass_128x64_s4_sk8,2,2048,2048,7.0
cutlass_256x64_s4_sk2,2,2048,2048,16.0
cutlass_256x64_s4_sk4,2,2048,2048,10.1
cutlass_64x64_s4_sk16,2,2048,2048,6.6
cutlass_64x128_s4_sk16,2,2048,2048,6.0
cutlass_64x64_k64_s4,2,2048,2048,7.1
cutlass_64x64_k64_s3,2,2048,2048,6.9
cutlass_64x128_k64_s4,2,2048,2048,13.9
cutlass_64x128_k64_s3,2,2048,2048,13.9
cutlass_128x64_k64_s4,2,2048,2048,14.1
cutlass_128x64_k64_s3,2,2048,2048,14.1
cutlass_128x128_k64_s4,2,2048,2048,0.0
cutlass_128x128_k64_s3,2,2048,2048,28.0
cutlass_256x64_k64_s4,2,2048,2048,0.0
cutlass_256x64_k64_s3,2,2048,2048,0.0
cutlass_128x256_k64_s3,2,2048,2048,0.0
cutlass_32x64_k64_s4,2,2048,2048,8.1
cutlass_32x128_k64_s4,2,2048,2048,13.8
cutlass_64x64_k64_s4_sk2,2,2048,2048,6.2
cutlass_64x64_k64_s4_sk4,2,2048,2048,4.6
cutlass_64x64_k64_s4_sk8,2,2048,2048,5.9
cutlass_128x128_k64_s3_sk2,2,2048,2048,16.3
cutlass_128x128_k64_s3_sk4,2,2048,2048,9.7
cutlass_128x128_k64_s2,2,2048,2048,28.9
cutlass_64x64_k64_s2,2,2048,2048,11.3
cutlass_64x128_k64_s2,2,2048,2048,17.6
cutlass_128x64_k64_s2,2,2048,2048,18.0
cutlass_256x64_k64_s2,2,2048,2048,31.4
cutlass_256x128_s2,2,2048,2048,0.0
cutlass_64x64_s2,2,2048,2048,16.9
cutlass_64x128_s2,2,2048,2048,21.9
cutlass_128x64_s2,2,2048,2048,20.8
cutlass_128x128_s2,2,2048,2048,33.8
cutlass_128x256_s2,2,2048,2048,55.1
cutlass_256x64_s2,2,2048,2048,34.4
cublas,4,2048,2048,7.5
cutlass_32x64_s4,4,2048,2048,8.9
cutlass_32x64_s3,4,2048,2048,8.8
cutlass_32x128_s4,4,2048,2048,14.7
cutlass_32x128_s3,4,2048,2048,14.7
cutlass_32x256_s3,4,2048,2048,15.9
cutlass_64x64_s4,4,2048,2048,8.5
cutlass_64x64_s3,4,2048,2048,8.7
cutlass_64x128_s4,4,2048,2048,13.8
cutlass_64x128_s3,4,2048,2048,13.8
cutlass_128x64_s4,4,2048,2048,14.0
cutlass_128x64_s3,4,2048,2048,14.0
cutlass_128x128_s4,4,2048,2048,27.1
cutlass_128x128_s3,4,2048,2048,27.1
cutlass_128x256_s3,4,2048,2048,54.8
cutlass_256x64_s4,4,2048,2048,27.8
cutlass_256x64_s3,4,2048,2048,27.8
cutlass_64x64_s4_sk2,4,2048,2048,6.0
cutlass_64x64_s4_sk4,4,2048,2048,4.9
cutlass_64x64_s4_sk8,4,2048,2048,5.4
cutlass_128x128_s3_sk2,4,2048,2048,15.9
cutlass_128x128_s3_sk4,4,2048,2048,9.5
cutlass_128x128_s3_sk8,4,2048,2048,7.5
cutlass_64x128_s4_sk2,4,2048,2048,8.8
cutlass_64x128_s4_sk4,4,2048,2048,5.7
cutlass_64x128_s4_sk8,4,2048,2048,5.1
cutlass_32x64_s4_sk4,4,2048,2048,4.3
cutlass_32x64_s4_sk8,4,2048,2048,4.3
cutlass_32x64_s4_sk16,4,2048,2048,5.2
cutlass_128x128_s4_sk2,4,2048,2048,15.7
cutlass_128x128_s4_sk4,4,2048,2048,9.4
cutlass_128x128_s4_sk8,4,2048,2048,7.4
cutlass_128x64_s4_sk2,4,2048,2048,9.0
cutlass_128x64_s4_sk4,4,2048,2048,6.7
cutlass_128x64_s4_sk8,4,2048,2048,7.3
cutlass_256x64_s4_sk2,4,2048,2048,16.1
cutlass_256x64_s4_sk4,4,2048,2048,10.3
cutlass_64x64_s4_sk16,4,2048,2048,6.9
cutlass_64x128_s4_sk16,4,2048,2048,6.3
cutlass_64x64_k64_s4,4,2048,2048,7.1
cutlass_64x64_k64_s3,4,2048,2048,6.9
cutlass_64x128_k64_s4,4,2048,2048,13.9
cutlass_64x128_k64_s3,4,2048,2048,13.9
cutlass_128x64_k64_s4,4,2048,2048,14.1
cutlass_128x64_k64_s3,4,2048,2048,14.1
cutlass_128x128_k64_s4,4,2048,2048,0.0
cutlass_128x128_k64_s3,4,2048,2048,28.0
cutlass_256x64_k64_s4,4,2048,2048,0.0
cutlass_256x64_k64_s3,4,2048,2048,0.0
cutlass_128x256_k64_s3,4,2048,2048,0.0
cutlass_32x64_k64_s4,4,2048,2048,8.1
cutlass_32x128_k64_s4,4,2048,2048,13.8
cutlass_64x64_k64_s4_sk2,4,2048,2048,6.2
cutlass_64x64_k64_s4_sk4,4,2048,2048,4.8
cutlass_64x64_k64_s4_sk8,4,2048,2048,6.1
cutlass_128x128_k64_s3_sk2,4,2048,2048,16.3
cutlass_128x128_k64_s3_sk4,4,2048,2048,9.9
cutlass_128x128_k64_s2,4,2048,2048,29.0
cutlass_64x64_k64_s2,4,2048,2048,11.3
cutlass_64x128_k64_s2,4,2048,2048,17.7
cutlass_128x64_k64_s2,4,2048,2048,18.0
cutlass_256x64_k64_s2,4,2048,2048,31.4
cutlass_256x128_s2,4,2048,2048,0.0
cutlass_64x64_s2,4,2048,2048,16.9
cutlass_64x128_s2,4,2048,2048,22.0
cutlass_128x64_s2,4,2048,2048,20.9
cutlass_128x128_s2,4,2048,2048,33.8
cutlass_128x256_s2,4,2048,2048,55.1
cutlass_256x64_s2,4,2048,2048,34.4
cublas,8,2048,2048,7.7
cutlass_32x64_s4,8,2048,2048,8.9
cutlass_32x64_s3,8,2048,2048,8.8
cutlass_32x128_s4,8,2048,2048,14.7
cutlass_32x128_s3,8,2048,2048,14.7
cutlass_32x256_s3,8,2048,2048,15.9
cutlass_64x64_s4,8,2048,2048,8.5
cutlass_64x64_s3,8,2048,2048,8.5
cutlass_64x128_s4,8,2048,2048,13.8
cutlass_64x128_s3,8,2048,2048,13.8
cutlass_128x64_s4,8,2048,2048,14.0
cutlass_128x64_s3,8,2048,2048,14.0
cutlass_128x128_s4,8,2048,2048,27.1
cutlass_128x128_s3,8,2048,2048,27.1
cutlass_128x256_s3,8,2048,2048,54.8
cutlass_256x64_s4,8,2048,2048,27.8
cutlass_256x64_s3,8,2048,2048,27.8
cutlass_64x64_s4_sk2,8,2048,2048,6.0
cutlass_64x64_s4_sk4,8,2048,2048,4.9
cutlass_64x64_s4_sk8,8,2048,2048,5.7
cutlass_128x128_s3_sk2,8,2048,2048,15.9
cutlass_128x128_s3_sk4,8,2048,2048,9.5
cutlass_128x128_s3_sk8,8,2048,2048,7.7
cutlass_64x128_s4_sk2,8,2048,2048,8.8
cutlass_64x128_s4_sk4,8,2048,2048,5.7
cutlass_64x128_s4_sk8,8,2048,2048,5.4
cutlass_32x64_s4_sk4,8,2048,2048,4.4
cutlass_32x64_s4_sk8,8,2048,2048,4.5
cutlass_32x64_s4_sk16,8,2048,2048,5.4
cutlass_128x128_s4_sk2,8,2048,2048,15.8
cutlass_128x128_s4_sk4,8,2048,2048,9.5
cutlass_128x128_s4_sk8,8,2048,2048,7.6
cutlass_128x64_s4_sk2,8,2048,2048,9.0
cutlass_128x64_s4_sk4,8,2048,2048,6.7
cutlass_128x64_s4_sk8,8,2048,2048,7.4
cutlass_256x64_s4_sk2,8,2048,2048,16.1
cutlass_256x64_s4_sk4,8,2048,2048,10.3
cutlass_64x64_s4_sk16,8,2048,2048,7.1
cutlass_64x128_s4_sk16,8,2048,2048,6.4
cutlass_64x64_k64_s4,8,2048,2048,7.2
cutlass_64x64_k64_s3,8,2048,2048,6.9
cutlass_64x128_k64_s4,8,2048,2048,14.0
cutlass_64x128_k64_s3,8,2048,2048,13.9
cutlass_128x64_k64_s4,8,2048,2048,14.1
cutlass_128x64_k64_s3,8,2048,2048,14.1
cutlass_128x128_k64_s4,8,2048,2048,0.0
cutlass_128x128_k64_s3,8,2048,2048,28.0
cutlass_256x64_k64_s4,8,2048,2048,0.0
cutlass_256x64_k64_s3,8,2048,2048,0.0
cutlass_128x256_k64_s3,8,2048,2048,0.0
cutlass_32x64_k64_s4,8,2048,2048,8.1
cutlass_32x128_k64_s4,8,2048,2048,13.8
cutlass_64x64_k64_s4_sk2,8,2048,2048,6.2
cutlass_64x64_k64_s4_sk4,8,2048,2048,4.8
cutlass_64x64_k64_s4_sk8,8,2048,2048,6.2
cutlass_128x128_k64_s3_sk2,8,2048,2048,16.3
cutlass_128x128_k64_s3_sk4,8,2048,2048,10.0
cutlass_128x128_k64_s2,8,2048,2048,29.2
cutlass_64x64_k64_s2,8,2048,2048,11.3
cutlass_64x128_k64_s2,8,2048,2048,17.7
cutlass_128x64_k64_s2,8,2048,2048,18.0
cutlass_256x64_k64_s2,8,2048,2048,31.4
cutlass_256x128_s2,8,2048,2048,0.0
cutlass_64x64_s2,8,2048,2048,16.9
cutlass_64x128_s2,8,2048,2048,22.2
cutlass_128x64_s2,8,2048,2048,20.8
cutlass_128x128_s2,8,2048,2048,33.8
cutlass_128x256_s2,8,2048,2048,55.1
cutlass_256x64_s2,8,2048,2048,34.4
cublas,16,2048,2048,7.9
cutlass_32x64_s4,16,2048,2048,8.9
cutlass_32x64_s3,16,2048,2048,8.8
cutlass_32x128_s4,16,2048,2048,14.7
cutlass_32x128_s3,16,2048,2048,14.7
cutlass_32x256_s3,16,2048,2048,16.0
cutlass_64x64_s4,16,2048,2048,8.4
cutlass_64x64_s3,16,2048,2048,8.5
cutlass_64x128_s4,16,2048,2048,13.8
cutlass_64x128_s3,16,2048,2048,13.8
cutlass_128x64_s4,16,2048,2048,14.0
cutlass_128x64_s3,16,2048,2048,14.0
cutlass_128x128_s4,16,2048,2048,27.1
cutlass_128x128_s3,16,2048,2048,27.1
cutlass_128x256_s3,16,2048,2048,54.8
cutlass_256x64_s4,16,2048,2048,27.8
cutlass_256x64_s3,16,2048,2048,27.8
cutlass_64x64_s4_sk2,16,2048,2048,6.1
cutlass_64x64_s4_sk4,16,2048,2048,5.0
cutlass_64x64_s4_sk8,16,2048,2048,5.7
cutlass_128x128_s3_sk2,16,2048,2048,15.9
cutlass_128x128_s3_sk4,16,2048,2048,9.5
cutlass_128x128_s3_sk8,16,2048,2048,7.9
cutlass_64x128_s4_sk2,16,2048,2048,8.9
cutlass_64x128_s4_sk4,16,2048,2048,5.8
cutlass_64x128_s4_sk8,16,2048,2048,5.5
cutlass_32x64_s4_sk4,16,2048,2048,4.4
cutlass_32x64_s4_sk8,16,2048,2048,4.6
cutlass_32x64_s4_sk16,16,2048,2048,5.6
cutlass_128x128_s4_sk2,16,2048,2048,15.8
cutlass_128x128_s4_sk4,16,2048,2048,9.5
cutlass_128x128_s4_sk8,16,2048,2048,7.8
cutlass_128x64_s4_sk2,16,2048,2048,9.0
cutlass_128x64_s4_sk4,16,2048,2048,6.8
cutlass_128x64_s4_sk8,16,2048,2048,7.5
cutlass_256x64_s4_sk2,16,2048,2048,16.1
cutlass_256x64_s4_sk4,16,2048,2048,10.3
cutlass_64x64_s4_sk16,16,2048,2048,7.4
cutlass_64x128_s4_sk16,16,2048,2048,6.6
cutlass_64x64_k64_s4,16,2048,2048,7.1
cutlass_64x64_k64_s3,16,2048,2048,6.9
cutlass_64x128_k64_s4,16,2048,2048,14.1
cutlass_64x128_k64_s3,16,2048,2048,14.0
cutlass_128x64_k64_s4,16,2048,2048,14.1
cutlass_128x64_k64_s3,16,2048,2048,14.1
cutlass_128x128_k64_s4,16,2048,2048,0.0
cutlass_128x128_k64_s3,16,2048,2048,28.0
cutlass_256x64_k64_s4,16,2048,2048,0.0
cutlass_256x64_k64_s3,16,2048,2048,0.0
cutlass_128x256_k64_s3,16,2048,2048,0.0
cutlass_32x64_k64_s4,16,2048,2048,8.1
cutlass_32x128_k64_s4,16,2048,2048,13.8
cutlass_64x64_k64_s4_sk2,16,2048,2048,6.2
cutlass_64x64_k64_s4_sk4,16,2048,2048,4.9
cutlass_64x64_k64_s4_sk8,16,2048,2048,6.4
cutlass_128x128_k64_s3_sk2,16,2048,2048,16.4
cutlass_128x128_k64_s3_sk4,16,2048,2048,9.9
cutlass_128x128_k64_s2,16,2048,2048,29.3
cutlass_64x64_k64_s2,16,2048,2048,11.7
cutlass_64x128_k64_s2,16,2048,2048,17.7
cutlass_128x64_k64_s2,16,2048,2048,18.0
cutlass_256x64_k64_s2,16,2048,2048,31.5
cutlass_256x128_s2,16,2048,2048,0.0
cutlass_64x64_s2,16,2048,2048,17.3
cutlass_64x128_s2,16,2048,2048,22.5
cutlass_128x64_s2,16,2048,2048,20.9
cutlass_128x128_s2,16,2048,2048,33.8
cutlass_128x256_s2,16,2048,2048,54.9
cutlass_256x64_s2,16,2048,2048,34.4
cublas,32,2048,2048,7.8
cutlass_32x64_s4,32,2048,2048,9.0
cutlass_32x64_s3,32,2048,2048,8.8
cutlass_32x128_s4,32,2048,2048,14.8
cutlass_32x128_s3,32,2048,2048,14.8
cutlass_32x256_s3,32,2048,2048,15.9
cutlass_64x64_s4,32,2048,2048,8.5
cutlass_64x64_s3,32,2048,2048,8.7
cutlass_64x128_s4,32,2048,2048,13.9
cutlass_64x128_s3,32,2048,2048,13.9
cutlass_128x64_s4,32,2048,2048,14.0
cutlass_128x64_s3,32,2048,2048,14.1
cutlass_128x128_s4,32,2048,2048,27.1
cutlass_128x128_s3,32,2048,2048,27.1
cutlass_128x256_s3,32,2048,2048,54.8
cutlass_256x64_s4,32,2048,2048,27.8
cutlass_256x64_s3,32,2048,2048,27.8
cutlass_64x64_s4_sk2,32,2048,2048,6.3
cutlass_64x64_s4_sk4,32,2048,2048,5.5
cutlass_64x64_s4_sk8,32,2048,2048,6.2
cutlass_128x128_s3_sk2,32,2048,2048,16.1
cutlass_128x128_s3_sk4,32,2048,2048,9.8
cutlass_128x128_s3_sk8,32,2048,2048,8.7
cutlass_64x128_s4_sk2,32,2048,2048,9.0
cutlass_64x128_s4_sk4,32,2048,2048,5.9
cutlass_64x128_s4_sk8,32,2048,2048,5.8
cutlass_32x64_s4_sk4,32,2048,2048,4.8
cutlass_32x64_s4_sk8,32,2048,2048,5.3
cutlass_32x64_s4_sk16,32,2048,2048,7.1
cutlass_128x128_s4_sk2,32,2048,2048,15.9
cutlass_128x128_s4_sk4,32,2048,2048,9.8
cutlass_128x128_s4_sk8,32,2048,2048,8.6
cutlass_128x64_s4_sk2,32,2048,2048,9.2
cutlass_128x64_s4_sk4,32,2048,2048,7.0
cutlass_128x64_s4_sk8,32,2048,2048,7.9
cutlass_256x64_s4_sk2,32,2048,2048,16.2
cutlass_256x64_s4_sk4,32,2048,2048,10.9
cutlass_64x64_s4_sk16,32,2048,2048,8.0
cutlass_64x128_s4_sk16,32,2048,2048,7.1
cutlass_64x64_k64_s4,32,2048,2048,7.2
cutlass_64x64_k64_s3,32,2048,2048,7.1
cutlass_64x128_k64_s4,32,2048,2048,14.2
cutlass_64x128_k64_s3,32,2048,2048,14.2
cutlass_128x64_k64_s4,32,2048,2048,14.1
cutlass_128x64_k64_s3,32,2048,2048,14.2
cutlass_128x128_k64_s4,32,2048,2048,0.0
cutlass_128x128_k64_s3,32,2048,2048,28.1
cutlass_256x64_k64_s4,32,2048,2048,0.0
cutlass_256x64_k64_s3,32,2048,2048,0.0
cutlass_128x256_k64_s3,32,2048,2048,0.0
cutlass_32x64_k64_s4,32,2048,2048,8.2
cutlass_32x128_k64_s4,32,2048,2048,13.9
cutlass_64x64_k64_s4_sk2,32,2048,2048,6.4
cutlass_64x64_k64_s4_sk4,32,2048,2048,5.3
cutlass_64x64_k64_s4_sk8,32,2048,2048,7.0
cutlass_128x128_k64_s3_sk2,32,2048,2048,16.6
cutlass_128x128_k64_s3_sk4,32,2048,2048,10.2
cutlass_128x128_k64_s2,32,2048,2048,29.2
cutlass_64x64_k64_s2,32,2048,2048,12.6
cutlass_64x128_k64_s2,32,2048,2048,18.0
cutlass_128x64_k64_s2,32,2048,2048,18.0
cutlass_256x64_k64_s2,32,2048,2048,31.4
cutlass_256x128_s2,32,2048,2048,0.0
cutlass_64x64_s2,32,2048,2048,18.1
cutlass_64x128_s2,32,2048,2048,23.3
cutlass_128x64_s2,32,2048,2048,21.0
cutlass_128x128_s2,32,2048,2048,33.8
cutlass_128x256_s2,32,2048,2048,54.9
cutlass_256x64_s2,32,2048,2048,34.4
cublas,64,2048,2048,10.3
cutlass_32x64_s4,64,2048,2048,9.1
cutlass_32x64_s3,64,2048,2048,8.9
cutlass_32x128_s4,64,2048,2048,14.8
cutlass_32x128_s3,64,2048,2048,14.8
cutlass_32x256_s3,64,2048,2048,15.9
cutlass_64x64_s4,64,2048,2048,8.7
cutlass_64x64_s3,64,2048,2048,9.6
cutlass_64x128_s4,64,2048,2048,13.9
cutlass_64x128_s3,64,2048,2048,13.9
cutlass_128x64_s4,64,2048,2048,14.1
cutlass_128x64_s3,64,2048,2048,14.1
cutlass_128x128_s4,64,2048,2048,27.2
cutlass_128x128_s3,64,2048,2048,27.2
cutlass_128x256_s3,64,2048,2048,54.8
cutlass_256x64_s4,64,2048,2048,27.9
cutlass_256x64_s3,64,2048,2048,27.8
cutlass_64x64_s4_sk2,64,2048,2048,6.9
cutlass_64x64_s4_sk4,64,2048,2048,6.9
cutlass_64x64_s4_sk8,64,2048,2048,8.9
cutlass_128x128_s3_sk2,64,2048,2048,16.4
cutlass_128x128_s3_sk4,64,2048,2048,10.6
cutlass_128x128_s3_sk8,64,2048,2048,10.5
cutlass_64x128_s4_sk2,64,2048,2048,9.7
cutlass_64x128_s4_sk4,64,2048,2048,7.3
cutlass_64x128_s4_sk8,64,2048,2048,8.8
cutlass_32x64_s4_sk4,64,2048,2048,7.2
cutlass_32x64_s4_sk8,64,2048,2048,8.7
cutlass_32x64_s4_sk16,64,2048,2048,11.9
cutlass_128x128_s4_sk2,64,2048,2048,16.2
cutlass_128x128_s4_sk4,64,2048,2048,10.6
cutlass_128x128_s4_sk8,64,2048,2048,10.4
cutlass_128x64_s4_sk2,64,2048,2048,9.4
cutlass_128x64_s4_sk4,64,2048,2048,7.4
cutlass_128x64_s4_sk8,64,2048,2048,9.0
cutlass_256x64_s4_sk2,64,2048,2048,16.5
cutlass_256x64_s4_sk4,64,2048,2048,11.7
cutlass_64x64_s4_sk16,64,2048,2048,12.0
cutlass_64x128_s4_sk16,64,2048,2048,11.8
cutlass_64x64_k64_s4,64,2048,2048,7.4
cutlass_64x64_k64_s3,64,2048,2048,7.3
cutlass_64x128_k64_s4,64,2048,2048,14.4
cutlass_64x128_k64_s3,64,2048,2048,14.2
cutlass_128x64_k64_s4,64,2048,2048,14.2
cutlass_128x64_k64_s3,64,2048,2048,14.2
cutlass_128x128_k64_s4,64,2048,2048,0.0
cutlass_128x128_k64_s3,64,2048,2048,28.3
cutlass_256x64_k64_s4,64,2048,2048,0.0
cutlass_256x64_k64_s3,64,2048,2048,0.0
cutlass_128x256_k64_s3,64,2048,2048,0.0
cutlass_32x64_k64_s4,64,2048,2048,8.3
cutlass_32x128_k64_s4,64,2048,2048,13.9
cutlass_64x64_k64_s4_sk2,64,2048,2048,7.1
cutlass_64x64_k64_s4_sk4,64,2048,2048,6.9
cutlass_64x64_k64_s4_sk8,64,2048,2048,9.8
cutlass_128x128_k64_s3_sk2,64,2048,2048,16.9
cutlass_128x128_k64_s3_sk4,64,2048,2048,11.1
cutlass_128x128_k64_s2,64,2048,2048,29.0
cutlass_64x64_k64_s2,64,2048,2048,13.9
cutlass_64x128_k64_s2,64,2048,2048,18.8
cutlass_128x64_k64_s2,64,2048,2048,18.1
cutlass_256x64_k64_s2,64,2048,2048,31.4
cutlass_256x128_s2,64,2048,2048,0.0
cutlass_64x64_s2,64,2048,2048,19.8
cutlass_64x128_s2,64,2048,2048,24.8
cutlass_128x64_s2,64,2048,2048,22.0
cutlass_128x128_s2,64,2048,2048,33.9
cutlass_128x256_s2,64,2048,2048,55.3
cutlass_256x64_s2,64,2048,2048,34.4
cublas,128,2048,2048,15.0
cutlass_32x64_s4,128,2048,2048,10.2
cutlass_32x64_s3,128,2048,2048,10.8
cutlass_32x128_s4,128,2048,2048,14.9
cutlass_32x128_s3,128,2048,2048,14.9
cutlass_32x256_s3,128,2048,2048,16.0
cutlass_64x64_s4,128,2048,2048,8.7
cutlass_64x64_s3,128,2048,2048,9.8
cutlass_64x128_s4,128,2048,2048,13.9
cutlass_64x128_s3,128,2048,2048,13.9
cutlass_128x64_s4,128,2048,2048,14.1
cutlass_128x64_s3,128,2048,2048,14.1
cutlass_128x128_s4,128,2048,2048,27.2
cutlass_128x128_s3,128,2048,2048,27.2
cutlass_128x256_s3,128,2048,2048,54.9
cutlass_256x64_s4,128,2048,2048,27.9
cutlass_256x64_s3,128,2048,2048,27.9
cutlass_64x64_s4_sk2,128,2048,2048,10.0
cutlass_64x64_s4_sk4,128,2048,2048,11.5
cutlass_64x64_s4_sk8,128,2048,2048,15.4
cutlass_128x128_s3_sk2,128,2048,2048,17.6
cutlass_128x128_s3_sk4,128,2048,2048,13.0
cutlass_128x128_s3_sk8,128,2048,2048,15.1
cutlass_64x128_s4_sk2,128,2048,2048,10.7
cutlass_64x128_s4_sk4,128,2048,2048,11.1
cutlass_64x128_s4_sk8,128,2048,2048,14.5
cutlass_32x64_s4_sk4,128,2048,2048,12.9
cutlass_32x64_s4_sk8,128,2048,2048,16.3
cutlass_32x64_s4_sk16,128,2048,2048,21.8
cutlass_128x128_s4_sk2,128,2048,2048,17.5
cutlass_128x128_s4_sk4,128,2048,2048,12.9
cutlass_128x128_s4_sk8,128,2048,2048,15.2
cutlass_128x64_s4_sk2,128,2048,2048,10.7
cutlass_128x64_s4_sk4,128,2048,2048,11.2
cutlass_128x64_s4_sk8,128,2048,2048,14.4
cutlass_256x64_s4_sk2,128,2048,2048,17.5
cutlass_256x64_s4_sk4,128,2048,2048,14.7
cutlass_64x64_s4_sk16,128,2048,2048,21.5
cutlass_64x128_s4_sk16,128,2048,2048,21.7
cutlass_64x64_k64_s4,128,2048,2048,7.6
cutlass_64x64_k64_s3,128,2048,2048,7.8
cutlass_64x128_k64_s4,128,2048,2048,14.4
cutlass_64x128_k64_s3,128,2048,2048,14.2
cutlass_128x64_k64_s4,128,2048,2048,14.6
cutlass_128x64_k64_s3,128,2048,2048,14.5
cutlass_128x128_k64_s4,128,2048,2048,0.0
cutlass_128x128_k64_s3,128,2048,2048,28.4
cutlass_256x64_k64_s4,128,2048,2048,0.0
cutlass_256x64_k64_s3,128,2048,2048,0.0
cutlass_128x256_k64_s3,128,2048,2048,0.0
cutlass_32x64_k64_s4,128,2048,2048,9.9
cutlass_32x128_k64_s4,128,2048,2048,13.9
cutlass_64x64_k64_s4_sk2,128,2048,2048,9.9
cutlass_64x64_k64_s4_sk4,128,2048,2048,12.9
cutlass_64x64_k64_s4_sk8,128,2048,2048,17.1
cutlass_128x128_k64_s3_sk2,128,2048,2048,18.4
cutlass_128x128_k64_s3_sk4,128,2048,2048,13.4
cutlass_128x128_k64_s2,128,2048,2048,28.9
cutlass_64x64_k64_s2,128,2048,2048,14.3
cutlass_64x128_k64_s2,128,2048,2048,19.2
cutlass_128x64_k64_s2,128,2048,2048,20.2
cutlass_256x64_k64_s2,128,2048,2048,31.4
cutlass_256x128_s2,128,2048,2048,0.0
cutlass_64x64_s2,128,2048,2048,20.0
cutlass_64x128_s2,128,2048,2048,24.9
cutlass_128x64_s2,128,2048,2048,25.6
cutlass_128x128_s2,128,2048,2048,34.0
cutlass_128x256_s2,128,2048,2048,55.4
cutlass_256x64_s2,128,2048,2048,34.6
cublas,256,2048,2048,14.1
cutlass_32x64_s4,256,2048,2048,18.1
cutlass_32x64_s3,256,2048,2048,18.8
cutlass_32x128_s4,256,2048,2048,16.1
cutlass_32x128_s3,256,2048,2048,16.8
cutlass_32x256_s3,256,2048,2048,16.8
cutlass_64x64_s4,256,2048,2048,13.3
cutlass_64x64_s3,256,2048,2048,13.9
cutlass_64x128_s4,256,2048,2048,14.1
cutlass_64x128_s3,256,2048,2048,14.0
cutlass_128x64_s4,256,2048,2048,14.3
cutlass_128x64_s3,256,2048,2048,14.3
cutlass_128x128_s4,256,2048,2048,27.3
cutlass_128x128_s3,256,2048,2048,27.3
cutlass_128x256_s3,256,2048,2048,55.1
cutlass_256x64_s4,256,2048,2048,28.1
cutlass_256x64_s3,256,2048,2048,28.0
cutlass_64x64_s4_sk2,256,2048,2048,17.6
cutlass_64x64_s4_sk4,256,2048,2048,21.1
cutlass_64x64_s4_sk8,256,2048,2048,27.3
cutlass_128x128_s3_sk2,256,2048,2048,19.6
cutlass_128x128_s3_sk4,256,2048,2048,19.1
cutlass_128x128_s3_sk8,256,2048,2048,28.5
cutlass_64x128_s4_sk2,256,2048,2048,16.0
cutlass_64x128_s4_sk4,256,2048,2048,18.8
cutlass_64x128_s4_sk8,256,2048,2048,26.4
cutlass_32x64_s4_sk4,256,2048,2048,24.4
cutlass_32x64_s4_sk8,256,2048,2048,29.9
cutlass_32x64_s4_sk16,256,2048,2048,40.6
cutlass_128x128_s4_sk2,256,2048,2048,19.4
cutlass_128x128_s4_sk4,256,2048,2048,19.2
cutlass_128x128_s4_sk8,256,2048,2048,28.7
cutlass_128x64_s4_sk2,256,2048,2048,16.2
cutlass_128x64_s4_sk4,256,2048,2048,18.9
cutlass_128x64_s4_sk8,256,2048,2048,25.9
cutlass_256x64_s4_sk2,256,2048,2048,19.8
cutlass_256x64_s4_sk4,256,2048,2048,20.1
cutlass_64x64_s4_sk16,256,2048,2048,39.2
cutlass_64x128_s4_sk16,256,2048,2048,39.1
cutlass_64x64_k64_s4,256,2048,2048,13.3
cutlass_64x64_k64_s3,256,2048,2048,12.9
cutlass_64x128_k64_s4,256,2048,2048,14.4
cutlass_64x128_k64_s3,256,2048,2048,14.3
cutlass_128x64_k64_s4,256,2048,2048,14.7
cutlass_128x64_k64_s3,256,2048,2048,14.6
cutlass_128x128_k64_s4,256,2048,2048,0.0
cutlass_128x128_k64_s3,256,2048,2048,28.5
cutlass_256x64_k64_s4,256,2048,2048,0.0
cutlass_256x64_k64_s3,256,2048,2048,0.0
cutlass_128x256_k64_s3,256,2048,2048,0.0
cutlass_32x64_k64_s4,256,2048,2048,18.1
cutlass_32x128_k64_s4,256,2048,2048,16.1
cutlass_64x64_k64_s4_sk2,256,2048,2048,18.9
cutlass_64x64_k64_s4_sk4,256,2048,2048,22.9
cutlass_64x64_k64_s4_sk8,256,2048,2048,29.3
cutlass_128x128_k64_s3_sk2,256,2048,2048,20.2
cutlass_128x128_k64_s3_sk4,256,2048,2048,19.4
cutlass_128x128_k64_s2,256,2048,2048,28.8
cutlass_64x64_k64_s2,256,2048,2048,15.7
cutlass_64x128_k64_s2,256,2048,2048,19.7
cutlass_128x64_k64_s2,256,2048,2048,20.5
cutlass_256x64_k64_s2,256,2048,2048,31.8
cutlass_256x128_s2,256,2048,2048,0.0
cutlass_64x64_s2,256,2048,2048,20.6
cutlass_64x128_s2,256,2048,2048,25.3
cutlass_128x64_s2,256,2048,2048,26.0
cutlass_128x128_s2,256,2048,2048,34.0
cutlass_128x256_s2,256,2048,2048,55.5
cutlass_256x64_s2,256,2048,2048,34.6
cublas,512,2048,2048,20.0
cutlass_32x64_s4,512,2048,2048,35.7
cutlass_32x64_s3,512,2048,2048,35.6
cutlass_32x128_s4,512,2048,2048,29.9
cutlass_32x128_s3,512,2048,2048,30.3
cutlass_32x256_s3,512,2048,2048,28.4
cutlass_64x64_s4,512,2048,2048,25.9
cutlass_64x64_s3,512,2048,2048,25.9
cutlass_64x128_s4,512,2048,2048,21.3
cutlass_64x128_s3,512,2048,2048,21.3
cutlass_128x64_s4,512,2048,2048,21.7
cutlass_128x64_s3,512,2048,2048,21.8
cutlass_128x128_s4,512,2048,2048,27.3
cutlass_128x128_s3,512,2048,2048,27.4
cutlass_128x256_s3,512,2048,2048,55.1
cutlass_256x64_s4,512,2048,2048,28.3
cutlass_256x64_s3,512,2048,2048,28.2
cutlass_64x64_s4_sk2,512,2048,2048,35.4
cutlass_64x64_s4_sk4,512,2048,2048,39.0
cutlass_64x64_s4_sk8,512,2048,2048,49.9
cutlass_128x128_s3_sk2,512,2048,2048,28.2
cutlass_128x128_s3_sk4,512,2048,2048,37.3
cutlass_128x128_s3_sk8,512,2048,2048,54.4
cutlass_64x128_s4_sk2,512,2048,2048,28.9
cutlass_64x128_s4_sk4,512,2048,2048,35.9
cutlass_64x128_s4_sk8,512,2048,2048,49.2
cutlass_32x64_s4_sk4,512,2048,2048,45.7
cutlass_32x64_s4_sk8,512,2048,2048,56.3
cutlass_32x64_s4_sk16,512,2048,2048,79.1
cutlass_128x128_s4_sk2,512,2048,2048,28.0
cutlass_128x128_s4_sk4,512,2048,2048,37.4
cutlass_128x128_s4_sk8,512,2048,2048,54.4
cutlass_128x64_s4_sk2,512,2048,2048,29.1
cutlass_128x64_s4_sk4,512,2048,2048,35.8
cutlass_128x64_s4_sk8,512,2048,2048,48.0
cutlass_256x64_s4_sk2,512,2048,2048,29.6
cutlass_256x64_s4_sk4,512,2048,2048,38.8
cutlass_64x64_s4_sk16,512,2048,2048,75.2
cutlass_64x128_s4_sk16,512,2048,2048,74.0
cutlass_64x64_k64_s4,512,2048,2048,27.6
cutlass_64x64_k64_s3,512,2048,2048,24.9
cutlass_64x128_k64_s4,512,2048,2048,20.2
cutlass_64x128_k64_s3,512,2048,2048,20.2
cutlass_128x64_k64_s4,512,2048,2048,20.6
cutlass_128x64_k64_s3,512,2048,2048,20.6
cutlass_128x128_k64_s4,512,2048,2048,0.0
cutlass_128x128_k64_s3,512,2048,2048,28.5
cutlass_256x64_k64_s4,512,2048,2048,0.0
cutlass_256x64_k64_s3,512,2048,2048,0.0
cutlass_128x256_k64_s3,512,2048,2048,0.0
cutlass_32x64_k64_s4,512,2048,2048,39.8
cutlass_32x128_k64_s4,512,2048,2048,34.5
cutlass_64x64_k64_s4_sk2,512,2048,2048,35.5
cutlass_64x64_k64_s4_sk4,512,2048,2048,40.9
cutlass_64x64_k64_s4_sk8,512,2048,2048,53.0
cutlass_128x128_k64_s3_sk2,512,2048,2048,27.9
cutlass_128x128_k64_s3_sk4,512,2048,2048,36.5
cutlass_128x128_k64_s2,512,2048,2048,29.3
cutlass_64x64_k64_s2,512,2048,2048,27.4
cutlass_64x128_k64_s2,512,2048,2048,23.7
cutlass_128x64_k64_s2,512,2048,2048,23.9
cutlass_256x64_k64_s2,512,2048,2048,32.3
cutlass_256x128_s2,512,2048,2048,0.0
cutlass_64x64_s2,512,2048,2048,30.4
cutlass_64x128_s2,512,2048,2048,27.7
cutlass_128x64_s2,512,2048,2048,28.2
cutlass_128x128_s2,512,2048,2048,34.0
cutlass_128x256_s2,512,2048,2048,55.4
cutlass_256x64_s2,512,2048,2048,34.8
cublas,1024,2048,2048,32.3
cutlass_32x64_s4,1024,2048,2048,74.3
cutlass_32x64_s3,1024,2048,2048,83.0
cutlass_32x128_s4,1024,2048,2048,65.5
cutlass_32x128_s3,1024,2048,2048,84.5
cutlass_32x256_s3,1024,2048,2048,60.4
cutlass_64x64_s4,1024,2048,2048,59.9
cutlass_64x64_s3,1024,2048,2048,53.8
cutlass_64x128_s4,1024,2048,2048,43.3
cutlass_64x128_s3,1024,2048,2048,42.9
cutlass_128x64_s4,1024,2048,2048,43.2
cutlass_128x64_s3,1024,2048,2048,42.8
cutlass_128x128_s4,1024,2048,2048,37.1
cutlass_128x128_s3,1024,2048,2048,37.7
cutlass_128x256_s3,1024,2048,2048,55.2
cutlass_256x64_s4,1024,2048,2048,40.8
cutlass_256x64_s3,1024,2048,2048,37.1
cutlass_64x64_s4_sk2,1024,2048,2048,67.7
cutlass_64x64_s4_sk4,1024,2048,2048,76.1
cutlass_64x64_s4_sk8,1024,2048,2048,102.9
cutlass_128x128_s3_sk2,1024,2048,2048,54.3
cutlass_128x128_s3_sk4,1024,2048,2048,73.4
cutlass_128x128_s3_sk8,1024,2048,2048,110.9
cutlass_64x128_s4_sk2,1024,2048,2048,55.6
cutlass_64x128_s4_sk4,1024,2048,2048,68.9
cutlass_64x128_s4_sk8,1024,2048,2048,93.0
cutlass_32x64_s4_sk4,1024,2048,2048,88.8
cutlass_32x64_s4_sk8,1024,2048,2048,111.8
cutlass_32x64_s4_sk16,1024,2048,2048,359.2
cutlass_128x128_s4_sk2,1024,2048,2048,54.6
cutlass_128x128_s4_sk4,1024,2048,2048,71.7
cutlass_128x128_s4_sk8,1024,2048,2048,106.0
cutlass_128x64_s4_sk2,1024,2048,2048,55.9
cutlass_128x64_s4_sk4,1024,2048,2048,68.1
cutlass_128x64_s4_sk8,1024,2048,2048,92.0
cutlass_256x64_s4_sk2,1024,2048,2048,57.7
cutlass_256x64_s4_sk4,1024,2048,2048,74.7
cutlass_64x64_s4_sk16,1024,2048,2048,350.2
cutlass_64x128_s4_sk16,1024,2048,2048,351.9
cutlass_64x64_k64_s4,1024,2048,2048,55.0
cutlass_64x64_k64_s3,1024,2048,2048,52.9
cutlass_64x128_k64_s4,1024,2048,2048,44.2
cutlass_64x128_k64_s3,1024,2048,2048,43.7
cutlass_128x64_k64_s4,1024,2048,2048,44.9
cutlass_128x64_k64_s3,1024,2048,2048,44.0
cutlass_128x128_k64_s4,1024,2048,2048,0.0
cutlass_128x128_k64_s3,1024,2048,2048,35.0
cutlass_256x64_k64_s4,1024,2048,2048,0.0
cutlass_256x64_k64_s3,1024,2048,2048,0.0
cutlass_128x256_k64_s3,1024,2048,2048,0.0
cutlass_32x64_k64_s4,1024,2048,2048,79.4
cutlass_32x128_k64_s4,1024,2048,2048,67.9
cutlass_64x64_k64_s4_sk2,1024,2048,2048,65.2
cutlass_64x64_k64_s4_sk4,1024,2048,2048,75.1
cutlass_64x64_k64_s4_sk8,1024,2048,2048,98.9
cutlass_128x128_k64_s3_sk2,1024,2048,2048,53.4
cutlass_128x128_k64_s3_sk4,1024,2048,2048,69.9
cutlass_128x128_k64_s2,1024,2048,2048,38.6
cutlass_64x64_k64_s2,1024,2048,2048,63.3
cutlass_64x128_k64_s2,1024,2048,2048,44.7
cutlass_128x64_k64_s2,1024,2048,2048,45.1
cutlass_256x64_k64_s2,1024,2048,2048,43.9
cutlass_256x128_s2,1024,2048,2048,0.0
cutlass_64x64_s2,1024,2048,2048,57.5
cutlass_64x128_s2,1024,2048,2048,46.4
cutlass_128x64_s2,1024,2048,2048,47.0
cutlass_128x128_s2,1024,2048,2048,42.1
cutlass_128x256_s2,1024,2048,2048,57.5
cutlass_256x64_s2,1024,2048,2048,45.5
cublas,2048,2048,2048,62.4
cutlass_32x64_s4,2048,2048,2048,147.7
cutlass_32x64_s3,2048,2048,2048,148.1
cutlass_32x128_s4,2048,2048,2048,134.6
cutlass_32x128_s3,2048,2048,2048,134.5
cutlass_32x256_s3,2048,2048,2048,121.5
cutlass_64x64_s4,2048,2048,2048,110.4
cutlass_64x64_s3,2048,2048,2048,106.0
cutlass_64x128_s4,2048,2048,2048,88.7
cutlass_64x128_s3,2048,2048,2048,87.5
cutlass_128x64_s4,2048,2048,2048,86.9
cutlass_128x64_s3,2048,2048,2048,84.3
cutlass_128x128_s4,2048,2048,2048,71.3
cutlass_128x128_s3,2048,2048,2048,70.7
cutlass_128x256_s3,2048,2048,2048,62.9
cutlass_256x64_s4,2048,2048,2048,76.5
cutlass_256x64_s3,2048,2048,2048,75.9
cutlass_64x64_s4_sk2,2048,2048,2048,124.9
cutlass_64x64_s4_sk4,2048,2048,2048,147.8
cutlass_64x64_s4_sk8,2048,2048,2048,385.0
cutlass_128x128_s3_sk2,2048,2048,2048,108.3
cutlass_128x128_s3_sk4,2048,2048,2048,132.3
cutlass_128x128_s3_sk8,2048,2048,2048,375.5
cutlass_64x128_s4_sk2,2048,2048,2048,110.2
cutlass_64x128_s4_sk4,2048,2048,2048,128.0
cutlass_64x128_s4_sk8,2048,2048,2048,364.6
cutlass_32x64_s4_sk4,2048,2048,2048,169.7
cutlass_32x64_s4_sk8,2048,2048,2048,400.2
cutlass_32x64_s4_sk16,2048,2048,2048,819.9
cutlass_128x128_s4_sk2,2048,2048,2048,105.9
cutlass_128x128_s4_sk4,2048,2048,2048,140.6
cutlass_128x128_s4_sk8,2048,2048,2048,361.6
cutlass_128x64_s4_sk2,2048,2048,2048,108.5
cutlass_128x64_s4_sk4,2048,2048,2048,126.5
cutlass_128x64_s4_sk8,2048,2048,2048,363.1
cutlass_256x64_s4_sk2,2048,2048,2048,110.3
cutlass_256x64_s4_sk4,2048,2048,2048,149.8
cutlass_64x64_s4_sk16,2048,2048,2048,817.5
cutlass_64x128_s4_sk16,2048,2048,2048,816.6
cutlass_64x64_k64_s4,2048,2048,2048,104.9
cutlass_64x64_k64_s3,2048,2048,2048,103.2
cutlass_64x128_k64_s4,2048,2048,2048,86.7
cutlass_64x128_k64_s3,2048,2048,2048,86.3
cutlass_128x64_k64_s4,2048,2048,2048,88.2
cutlass_128x64_k64_s3,2048,2048,2048,86.9
cutlass_128x128_k64_s4,2048,2048,2048,0.0
cutlass_128x128_k64_s3,2048,2048,2048,70.9
cutlass_256x64_k64_s4,2048,2048,2048,0.0
cutlass_256x64_k64_s3,2048,2048,2048,0.0
cutlass_128x256_k64_s3,2048,2048,2048,0.0
cutlass_32x64_k64_s4,2048,2048,2048,153.1
cutlass_32x128_k64_s4,2048,2048,2048,137.5
cutlass_64x64_k64_s4_sk2,2048,2048,2048,121.9
cutlass_64x64_k64_s4_sk4,2048,2048,2048,144.4
cutlass_64x64_k64_s4_sk8,2048,2048,2048,393.4
cutlass_128x128_k64_s3_sk2,2048,2048,2048,104.0
cutlass_128x128_k64_s3_sk4,2048,2048,2048,125.0
cutlass_128x128_k64_s2,2048,2048,2048,76.6
cutlass_64x64_k64_s2,2048,2048,2048,110.1
cutlass_64x128_k64_s2,2048,2048,2048,89.5
cutlass_128x64_k64_s2,2048,2048,2048,90.0
cutlass_256x64_k64_s2,2048,2048,2048,86.0
cutlass_256x128_s2,2048,2048,2048,0.0
cutlass_64x64_s2,2048,2048,2048,114.0
cutlass_64x128_s2,2048,2048,2048,103.6
cutlass_128x64_s2,2048,2048,2048,110.4
cutlass_128x128_s2,2048,2048,2048,78.7
cutlass_128x256_s2,2048,2048,2048,65.0
cutlass_256x64_s2,2048,2048,2048,84.0
cublas,4096,2048,2048,128.9
cutlass_32x64_s4,4096,2048,2048,310.6
cutlass_32x64_s3,4096,2048,2048,299.5
cutlass_32x128_s4,4096,2048,2048,259.5
cutlass_32x128_s3,4096,2048,2048,248.4
cutlass_32x256_s3,4096,2048,2048,236.3
cutlass_64x64_s4,4096,2048,2048,206.2
cutlass_64x64_s3,4096,2048,2048,204.0
cutlass_64x128_s4,4096,2048,2048,163.1
cutlass_64x128_s3,4096,2048,2048,162.4
cutlass_128x64_s4,4096,2048,2048,162.8
cutlass_128x64_s3,4096,2048,2048,161.7
cutlass_128x128_s4,4096,2048,2048,141.1
cutlass_128x128_s3,4096,2048,2048,141.1
cutlass_128x256_s3,4096,2048,2048,131.5
cutlass_256x64_s4,4096,2048,2048,150.0
cutlass_256x64_s3,4096,2048,2048,150.1
cutlass_64x64_s4_sk2,4096,2048,2048,253.8
cutlass_64x64_s4_sk4,4096,2048,2048,447.8
cutlass_64x64_s4_sk8,4096,2048,2048,855.0
cutlass_128x128_s3_sk2,4096,2048,2048,223.2
cutlass_128x128_s3_sk4,4096,2048,2048,463.8
cutlass_128x128_s3_sk8,4096,2048,2048,860.6
cutlass_64x128_s4_sk2,4096,2048,2048,214.2
cutlass_64x128_s4_sk4,4096,2048,2048,405.6
cutlass_64x128_s4_sk8,4096,2048,2048,849.1
cutlass_32x64_s4_sk4,4096,2048,2048,490.4
cutlass_32x64_s4_sk8,4096,2048,2048,887.4
cutlass_32x64_s4_sk16,4096,2048,2048,1641.6
cutlass_128x128_s4_sk2,4096,2048,2048,226.5
cutlass_128x128_s4_sk4,4096,2048,2048,417.2
cutlass_128x128_s4_sk8,4096,2048,2048,860.6
cutlass_128x64_s4_sk2,4096,2048,2048,223.5
cutlass_128x64_s4_sk4,4096,2048,2048,417.8
cutlass_128x64_s4_sk8,4096,2048,2048,850.1
cutlass_256x64_s4_sk2,4096,2048,2048,240.0
cutlass_256x64_s4_sk4,4096,2048,2048,440.8
cutlass_64x64_s4_sk16,4096,2048,2048,1641.1
cutlass_64x128_s4_sk16,4096,2048,2048,1638.8
cutlass_64x64_k64_s4,4096,2048,2048,206.2
cutlass_64x64_k64_s3,4096,2048,2048,196.4
cutlass_64x128_k64_s4,4096,2048,2048,169.3
cutlass_64x128_k64_s3,4096,2048,2048,166.6
cutlass_128x64_k64_s4,4096,2048,2048,168.1
cutlass_128x64_k64_s3,4096,2048,2048,165.6
cutlass_128x128_k64_s4,4096,2048,2048,0.0
cutlass_128x128_k64_s3,4096,2048,2048,140.5
cutlass_256x64_k64_s4,4096,2048,2048,0.0
cutlass_256x64_k64_s3,4096,2048,2048,0.0
cutlass_128x256_k64_s3,4096,2048,2048,0.0
cutlass_32x64_k64_s4,4096,2048,2048,300.3
cutlass_32x128_k64_s4,4096,2048,2048,258.6
cutlass_64x64_k64_s4_sk2,4096,2048,2048,242.6
cutlass_64x64_k64_s4_sk4,4096,2048,2048,464.3
cutlass_64x64_k64_s4_sk8,4096,2048,2048,886.0
cutlass_128x128_k64_s3_sk2,4096,2048,2048,210.6
cutlass_128x128_k64_s3_sk4,4096,2048,2048,406.3
cutlass_128x128_k64_s2,4096,2048,2048,154.5
cutlass_64x64_k64_s2,4096,2048,2048,213.9
cutlass_64x128_k64_s2,4096,2048,2048,170.9
cutlass_128x64_k64_s2,4096,2048,2048,164.8
cutlass_256x64_k64_s2,4096,2048,2048,177.4
cutlass_256x128_s2,4096,2048,2048,0.0
cutlass_64x64_s2,4096,2048,2048,206.0
cutlass_64x128_s2,4096,2048,2048,183.0
cutlass_128x64_s2,4096,2048,2048,178.8
cutlass_128x128_s2,4096,2048,2048,160.4
cutlass_128x256_s2,4096,2048,2048,130.2
cutlass_256x64_s2,4096,2048,2048,164.5
cublas,1,3072,2048,6.6
cutlass_32x64_s4,1,3072,2048,10.4
cutlass_32x64_s3,1,3072,2048,10.3
cutlass_32x128_s4,1,3072,2048,17.1
cutlass_32x128_s3,1,3072,2048,17.0
cutlass_32x256_s3,1,3072,2048,18.4
cutlass_64x64_s4,1,3072,2048,10.0
cutlass_64x64_s3,1,3072,2048,10.0
cutlass_64x128_s4,1,3072,2048,16.1
cutlass_64x128_s3,1,3072,2048,16.1
cutlass_128x64_s4,1,3072,2048,16.3
cutlass_128x64_s3,1,3072,2048,15.6
cutlass_128x128_s4,1,3072,2048,30.0
cutlass_128x128_s3,1,3072,2048,29.9
cutlass_128x256_s3,1,3072,2048,60.3
cutlass_256x64_s4,1,3072,2048,30.7
cutlass_256x64_s3,1,3072,2048,30.7
cutlass_64x64_s4_sk2,1,3072,2048,6.6
cutlass_64x64_s4_sk4,1,3072,2048,7.0
cutlass_64x64_s4_sk8,1,3072,2048,6.9
cutlass_128x128_s3_sk2,1,3072,2048,17.5
cutlass_128x128_s3_sk4,1,3072,2048,10.4
cutlass_128x128_s3_sk8,1,3072,2048,12.9
cutlass_64x128_s4_sk2,1,3072,2048,9.7
cutlass_64x128_s4_sk4,1,3072,2048,6.3
cutlass_64x128_s4_sk8,1,3072,2048,7.3
cutlass_32x64_s4_sk4,1,3072,2048,4.9
cutlass_32x64_s4_sk8,1,3072,2048,5.5
cutlass_32x64_s4_sk16,1,3072,2048,7.0
cutlass_128x128_s4_sk2,1,3072,2048,16.6
cutlass_128x128_s4_sk4,1,3072,2048,9.8
cutlass_128x128_s4_sk8,1,3072,2048,12.7
cutlass_128x64_s4_sk2,1,3072,2048,9.5
cutlass_128x64_s4_sk4,1,3072,2048,10.4
cutlass_128x64_s4_sk8,1,3072,2048,9.5
cutlass_256x64_s4_sk2,1,3072,2048,16.9
cutlass_256x64_s4_sk4,1,3072,2048,19.6
cutlass_64x64_s4_sk16,1,3072,2048,8.1
cutlass_64x128_s4_sk16,1,3072,2048,7.7
cutlass_64x64_k64_s4,1,3072,2048,7.6
cutlass_64x64_k64_s3,1,3072,2048,7.3
cutlass_64x128_k64_s4,1,3072,2048,14.7
cutlass_64x128_k64_s3,1,3072,2048,14.7
cutlass_128x64_k64_s4,1,3072,2048,14.9
cutlass_128x64_k64_s3,1,3072,2048,14.9
cutlass_128x128_k64_s4,1,3072,2048,0.0
cutlass_128x128_k64_s3,1,3072,2048,29.4
cutlass_256x64_k64_s4,1,3072,2048,0.0
cutlass_256x64_k64_s3,1,3072,2048,0.0
cutlass_128x256_k64_s3,1,3072,2048,0.0
cutlass_32x64_k64_s4,1,3072,2048,8.6
cutlass_32x128_k64_s4,1,3072,2048,14.6
cutlass_64x64_k64_s4_sk2,1,3072,2048,6.4
cutlass_64x64_k64_s4_sk4,1,3072,2048,7.9
cutlass_64x64_k64_s4_sk8,1,3072,2048,8.1
cutlass_128x128_k64_s3_sk2,1,3072,2048,16.7
cutlass_128x128_k64_s3_sk4,1,3072,2048,10.0
cutlass_128x128_k64_s2,1,3072,2048,29.7
cutlass_64x64_k64_s2,1,3072,2048,11.6
cutlass_64x128_k64_s2,1,3072,2048,18.1
cutlass_128x64_k64_s2,1,3072,2048,18.4
cutlass_256x64_k64_s2,1,3072,2048,32.3
cutlass_256x128_s2,1,3072,2048,0.0
cutlass_64x64_s2,1,3072,2048,17.3
cutlass_64x128_s2,1,3072,2048,22.5
cutlass_128x64_s2,1,3072,2048,21.4
cutlass_128x128_s2,1,3072,2048,34.7
cutlass_128x256_s2,1,3072,2048,56.4
cutlass_256x64_s2,1,3072,2048,34.9
cutlass_gemv,1,3072,2048,3.8
cublas,2,3072,2048,8.4
cutlass_32x64_s4,2,3072,2048,9.1
cutlass_32x64_s3,2,3072,2048,8.9
cutlass_32x128_s4,2,3072,2048,14.9
cutlass_32x128_s3,2,3072,2048,14.9
cutlass_32x256_s3,2,3072,2048,16.2
cutlass_64x64_s4,2,3072,2048,8.6
cutlass_64x64_s3,2,3072,2048,8.6
cutlass_64x128_s4,2,3072,2048,14.0
cutlass_64x128_s3,2,3072,2048,14.0
cutlass_128x64_s4,2,3072,2048,14.2
cutlass_128x64_s3,2,3072,2048,14.2
cutlass_128x128_s4,2,3072,2048,27.4
cutlass_128x128_s3,2,3072,2048,27.4
cutlass_128x256_s3,2,3072,2048,55.3
cutlass_256x64_s4,2,3072,2048,28.0
cutlass_256x64_s3,2,3072,2048,28.0
cutlass_64x64_s4_sk2,2,3072,2048,6.0
cutlass_64x64_s4_sk4,2,3072,2048,6.8
cutlass_64x64_s4_sk8,2,3072,2048,6.7
cutlass_128x128_s3_sk2,2,3072,2048,16.0
cutlass_128x128_s3_sk4,2,3072,2048,9.5
cutlass_128x128_s3_sk8,2,3072,2048,12.5
cutlass_64x128_s4_sk2,2,3072,2048,8.9
cutlass_64x128_s4_sk4,2,3072,2048,5.8
cutlass_64x128_s4_sk8,2,3072,2048,7.2
cutlass_32x64_s4_sk4,2,3072,2048,4.7
cutlass_32x64_s4_sk8,2,3072,2048,5.2
cutlass_32x64_s4_sk16,2,3072,2048,7.2
cutlass_128x128_s4_sk2,2,3072,2048,15.9
cutlass_128x128_s4_sk4,2,3072,2048,9.5
cutlass_128x128_s4_sk8,2,3072,2048,12.4
cutlass_128x64_s4_sk2,2,3072,2048,9.0
cutlass_128x64_s4_sk4,2,3072,2048,10.3
cutlass_128x64_s4_sk8,2,3072,2048,9.6
cutlass_256x64_s4_sk2,2,3072,2048,16.2
cutlass_256x64_s4_sk4,2,3072,2048,19.7
cutlass_64x64_s4_sk16,2,3072,2048,8.3
cutlass_64x128_s4_sk16,2,3072,2048,7.9
cutlass_64x64_k64_s4,2,3072,2048,7.2
cutlass_64x64_k64_s3,2,3072,2048,7.0
cutlass_64x128_k64_s4,2,3072,2048,14.1
cutlass_64x128_k64_s3,2,3072,2048,14.1
cutlass_128x64_k64_s4,2,3072,2048,14.2
cutlass_128x64_k64_s3,2,3072,2048,14.2
cutlass_128x128_k64_s4,2,3072,2048,0.0
cutlass_128x128_k64_s3,2,3072,2048,28.1
cutlass_256x64_k64_s4,2,3072,2048,0.0
cutlass_256x64_k64_s3,2,3072,2048,0.0
cutlass_128x256_k64_s3,2,3072,2048,0.0
cutlass_32x64_k64_s4,2,3072,2048,8.2
cutlass_32x128_k64_s4,2,3072,2048,13.9
cutlass_64x64_k64_s4_sk2,2,3072,2048,6.2
cutlass_64x64_k64_s4_sk4,2,3072,2048,8.0
cutlass_64x64_k64_s4_sk8,2,3072,2048,8.0
cutlass_128x128_k64_s3_sk2,2,3072,2048,16.5
cutlass_128x128_k64_s3_sk4,2,3072,2048,9.8
cutlass_128x128_k64_s2,2,3072,2048,29.2
cutlass_64x64_k64_s2,2,3072,2048,11.4
cutlass_64x128_k64_s2,2,3072,2048,17.8
cutlass_128x64_k64_s2,2,3072,2048,18.2
cutlass_256x64_k64_s2,2,3072,2048,31.6
cutlass_256x128_s2,2,3072,2048,0.0
cutlass_64x64_s2,2,3072,2048,17.0
cutlass_64x128_s2,2,3072,2048,22.1
cutlass_128x64_s2,2,3072,2048,21.0
cutlass_128x128_s2,2,3072,2048,34.0
cutlass_128x256_s2,2,3072,2048,55.4
cutlass_256x64_s2,2,3072,2048,34.7
cublas,4,3072,2048,8.4
cutlass_32x64_s4,4,3072,2048,9.0
cutlass_32x64_s3,4,3072,2048,8.8
cutlass_32x128_s4,4,3072,2048,14.8
cutlass_32x128_s3,4,3072,2048,14.8
cutlass_32x256_s3,4,3072,2048,16.0
cutlass_64x64_s4,4,3072,2048,8.5
cutlass_64x64_s3,4,3072,2048,8.5
cutlass_64x128_s4,4,3072,2048,13.9
cutlass_64x128_s3,4,3072,2048,13.9
cutlass_128x64_s4,4,3072,2048,14.1
cutlass_128x64_s3,4,3072,2048,14.1
cutlass_128x128_s4,4,3072,2048,27.2
cutlass_128x128_s3,4,3072,2048,27.2
cutlass_128x256_s3,4,3072,2048,55.1
cutlass_256x64_s4,4,3072,2048,28.0
cutlass_256x64_s3,4,3072,2048,28.0
cutlass_64x64_s4_sk2,4,3072,2048,6.1
cutlass_64x64_s4_sk4,4,3072,2048,7.1
cutlass_64x64_s4_sk8,4,3072,2048,6.9
cutlass_128x128_s3_sk2,4,3072,2048,16.0
cutlass_128x128_s3_sk4,4,3072,2048,9.6
cutlass_128x128_s3_sk8,4,3072,2048,12.7
cutlass_64x128_s4_sk2,4,3072,2048,8.9
cutlass_64x128_s4_sk4,4,3072,2048,6.0
cutlass_64x128_s4_sk8,4,3072,2048,7.6
cutlass_32x64_s4_sk4,4,3072,2048,5.0
cutlass_32x64_s4_sk8,4,3072,2048,5.4
cutlass_32x64_s4_sk16,4,3072,2048,7.6
cutlass_128x128_s4_sk2,4,3072,2048,15.9
cutlass_128x128_s4_sk4,4,3072,2048,9.5
cutlass_128x128_s4_sk8,4,3072,2048,12.7
cutlass_128x64_s4_sk2,4,3072,2048,9.1
cutlass_128x64_s4_sk4,4,3072,2048,10.5
cutlass_128x64_s4_sk8,4,3072,2048,10.0
cutlass_256x64_s4_sk2,4,3072,2048,16.2
cutlass_256x64_s4_sk4,4,3072,2048,19.9
cutlass_64x64_s4_sk16,4,3072,2048,8.7
cutlass_64x128_s4_sk16,4,3072,2048,8.2
cutlass_64x64_k64_s4,4,3072,2048,7.2
cutlass_64x64_k64_s3,4,3072,2048,7.0
cutlass_64x128_k64_s4,4,3072,2048,14.1
cutlass_64x128_k64_s3,4,3072,2048,14.1
cutlass_128x64_k64_s4,4,3072,2048,14.2
cutlass_128x64_k64_s3,4,3072,2048,14.2
cutlass_128x128_k64_s4,4,3072,2048,0.0
cutlass_128x128_k64_s3,4,3072,2048,28.1
cutlass_256x64_k64_s4,4,3072,2048,0.0
cutlass_256x64_k64_s3,4,3072,2048,0.0
cutlass_128x256_k64_s3,4,3072,2048,0.0
cutlass_32x64_k64_s4,4,3072,2048,8.3
cutlass_32x128_k64_s4,4,3072,2048,13.9
cutlass_64x64_k64_s4_sk2,4,3072,2048,6.3
cutlass_64x64_k64_s4_sk4,4,3072,2048,8.2
cutlass_64x64_k64_s4_sk8,4,3072,2048,8.3
cutlass_128x128_k64_s3_sk2,4,3072,2048,16.5
cutlass_128x128_k64_s3_sk4,4,3072,2048,10.0
cutlass_128x128_k64_s2,4,3072,2048,29.1
cutlass_64x64_k64_s2,4,3072,2048,11.4
cutlass_64x128_k64_s2,4,3072,2048,17.8
cutlass_128x64_k64_s2,4,3072,2048,18.1
cutlass_256x64_k64_s2,4,3072,2048,31.6
cutlass_256x128_s2,4,3072,2048,0.0
cutlass_64x64_s2,4,3072,2048,17.0
cutlass_64x128_s2,4,3072,2048,22.1
cutlass_128x64_s2,4,3072,2048,21.0
cutlass_128x128_s2,4,3072,2048,34.0
cutlass_128x256_s2,4,3072,2048,55.4
cutlass_256x64_s2,4,3072,2048,34.7
cublas,8,3072,2048,8.4
cutlass_32x64_s4,8,3072,2048,9.0
cutlass_32x64_s3,8,3072,2048,8.8
cutlass_32x128_s4,8,3072,2048,14.8
cutlass_32x128_s3,8,3072,2048,14.8
cutlass_32x256_s3,8,3072,2048,16.0
cutlass_64x64_s4,8,3072,2048,8.5
cutlass_64x64_s3,8,3072,2048,8.5
cutlass_64x128_s4,8,3072,2048,13.9
cutlass_64x128_s3,8,3072,2048,13.9
cutlass_128x64_s4,8,3072,2048,14.1
cutlass_128x64_s3,8,3072,2048,14.1
cutlass_128x128_s4,8,3072,2048,27.3
cutlass_128x128_s3,8,3072,2048,27.2
cutlass_128x256_s3,8,3072,2048,55.1
cutlass_256x64_s4,8,3072,2048,28.0
cutlass_256x64_s3,8,3072,2048,28.0
cutlass_64x64_s4_sk2,8,3072,2048,6.1
cutlass_64x64_s4_sk4,8,3072,2048,7.2
cutlass_64x64_s4_sk8,8,3072,2048,7.0
cutlass_128x128_s3_sk2,8,3072,2048,16.0
cutlass_128x128_s3_sk4,8,3072,2048,9.7
cutlass_128x128_s3_sk8,8,3072,2048,12.8
cutlass_64x128_s4_sk2,8,3072,2048,9.0
cutlass_64x128_s4_sk4,8,3072,2048,6.0
cutlass_64x128_s4_sk8,8,3072,2048,7.6
cutlass_32x64_s4_sk4,8,3072,2048,5.1
cutlass_32x64_s4_sk8,8,3072,2048,5.5
cutlass_32x64_s4_sk16,8,3072,2048,7.7
cutlass_128x128_s4_sk2,8,3072,2048,15.9
cutlass_128x128_s4_sk4,8,3072,2048,9.6
cutlass_128x128_s4_sk8,8,3072,2048,12.7
cutlass_128x64_s4_sk2,8,3072,2048,9.1
cutlass_128x64_s4_sk4,8,3072,2048,10.6
cutlass_128x64_s4_sk8,8,3072,2048,10.0
cutlass_256x64_s4_sk2,8,3072,2048,16.2
cutlass_256x64_s4_sk4,8,3072,2048,19.9
cutlass_64x64_s4_sk16,8,3072,2048,8.9
cutlass_64x128_s4_sk16,8,3072,2048,8.4
cutlass_64x64_k64_s4,8,3072,2048,7.2
cutlass_64x64_k64_s3,8,3072,2048,7.0
cutlass_64x128_k64_s4,8,3072,2048,14.1
cutlass_64x128_k64_s3,8,3072,2048,14.0
cutlass_128x64_k64_s4,8,3072,2048,14.2
cutlass_128x64_k64_s3,8,3072,2048,14.2
cutlass_128x128_k64_s4,8,3072,2048,0.0
cutlass_128x128_k64_s3,8,3072,2048,28.1
cutlass_256x64_k64_s4,8,3072,2048,0.0
cutlass_256x64_k64_s3,8,3072,2048,0.0
cutlass_128x256_k64_s3,8,3072,2048,0.0
cutlass_32x64_k64_s4,8,3072,2048,8.2
cutlass_32x128_k64_s4,8,3072,2048,13.9
cutlass_64x64_k64_s4_sk2,8,3072,2048,6.3
cutlass_64x64_k64_s4_sk4,8,3072,2048,8.3
cutlass_64x64_k64_s4_sk8,8,3072,2048,8.4
cutlass_128x128_k64_s3_sk2,8,3072,2048,16.5
cutlass_128x128_k64_s3_sk4,8,3072,2048,10.0
cutlass_128x128_k64_s2,8,3072,2048,29.3
cutlass_64x64_k64_s2,8,3072,2048,11.4
cutlass_64x128_k64_s2,8,3072,2048,17.8
cutlass_128x64_k64_s2,8,3072,2048,18.1
cutlass_256x64_k64_s2,8,3072,2048,31.6
cutlass_256x128_s2,8,3072,2048,0.0
cutlass_64x64_s2,8,3072,2048,17.1
cutlass_64x128_s2,8,3072,2048,22.2
cutlass_128x64_s2,8,3072,2048,21.0
cutlass_128x128_s2,8,3072,2048,34.0
cutlass_128x256_s2,8,3072,2048,55.4
cutlass_256x64_s2,8,3072,2048,34.7
cublas,16,3072,2048,8.6
cutlass_32x64_s4,16,3072,2048,9.0
cutlass_32x64_s3,16,3072,2048,8.9
cutlass_32x128_s4,16,3072,2048,14.8
cutlass_32x128_s3,16,3072,2048,14.8
cutlass_32x256_s3,16,3072,2048,16.0
cutlass_64x64_s4,16,3072,2048,8.5
cutlass_64x64_s3,16,3072,2048,8.6
cutlass_64x128_s4,16,3072,2048,13.9
cutlass_64x128_s3,16,3072,2048,13.9
cutlass_128x64_s4,16,3072,2048,14.1
cutlass_128x64_s3,16,3072,2048,14.1
cutlass_128x128_s4,16,3072,2048,27.2
cutlass_128x128_s3,16,3072,2048,27.2
cutlass_128x256_s3,16,3072,2048,55.1
cutlass_256x64_s4,16,3072,2048,28.0
cutlass_256x64_s3,16,3072,2048,28.0
cutlass_64x64_s4_sk2,16,3072,2048,6.3
cutlass_64x64_s4_sk4,16,3072,2048,7.3
cutlass_64x64_s4_sk8,16,3072,2048,7.3
cutlass_128x128_s3_sk2,16,3072,2048,16.1
cutlass_128x128_s3_sk4,16,3072,2048,9.9
cutlass_128x128_s3_sk8,16,3072,2048,13.1
cutlass_64x128_s4_sk2,16,3072,2048,9.0
cutlass_64x128_s4_sk4,16,3072,2048,6.1
cutlass_64x128_s4_sk8,16,3072,2048,7.8
cutlass_32x64_s4_sk4,16,3072,2048,5.3
cutlass_32x64_s4_sk8,16,3072,2048,5.8
cutlass_32x64_s4_sk16,16,3072,2048,8.3
cutlass_128x128_s4_sk2,16,3072,2048,16.0
cutlass_128x128_s4_sk4,16,3072,2048,9.8
cutlass_128x128_s4_sk8,16,3072,2048,13.0
cutlass_128x64_s4_sk2,16,3072,2048,9.2
cutlass_128x64_s4_sk4,16,3072,2048,10.7
cutlass_128x64_s4_sk8,16,3072,2048,10.2
cutlass_256x64_s4_sk2,16,3072,2048,16.3
cutlass_256x64_s4_sk4,16,3072,2048,20.0
cutlass_64x64_s4_sk16,16,3072,2048,9.4
cutlass_64x128_s4_sk16,16,3072,2048,8.9
cutlass_64x64_k64_s4,16,3072,2048,7.3
cutlass_64x64_k64_s3,16,3072,2048,7.0
cutlass_64x128_k64_s4,16,3072,2048,14.1
cutlass_64x128_k64_s3,16,3072,2048,14.1
cutlass_128x64_k64_s4,16,3072,2048,14.4
cutlass_128x64_k64_s3,16,3072,2048,14.2
cutlass_128x128_k64_s4,16,3072,2048,0.0
cutlass_128x128_k64_s3,16,3072,2048,28.1
cutlass_256x64_k64_s4,16,3072,2048,0.0
cutlass_256x64_k64_s3,16,3072,2048,0.0
cutlass_128x256_k64_s3,16,3072,2048,0.0
cutlass_32x64_k64_s4,16,3072,2048,8.2
cutlass_32x128_k64_s4,16,3072,2048,13.9
cutlass_64x64_k64_s4_sk2,16,3072,2048,6.5
cutlass_64x64_k64_s4_sk4,16,3072,2048,8.5
cutlass_64x64_k64_s4_sk8,16,3072,2048,8.6
cutlass_128x128_k64_s3_sk2,16,3072,2048,16.6
cutlass_128x128_k64_s3_sk4,16,3072,2048,10.3
cutlass_128x128_k64_s2,16,3072,2048,29.5
cutlass_64x64_k64_s2,16,3072,2048,11.8
cutlass_64x128_k64_s2,16,3072,2048,17.8
cutlass_128x64_k64_s2,16,3072,2048,18.1
cutlass_256x64_k64_s2,16,3072,2048,31.6
cutlass_256x128_s2,16,3072,2048,0.0
cutlass_64x64_s2,16,3072,2048,17.4
cutlass_64x128_s2,16,3072,2048,22.6
cutlass_128x64_s2,16,3072,2048,21.1
cutlass_128x128_s2,16,3072,2048,34.0
cutlass_128x256_s2,16,3072,2048,55.2
cutlass_256x64_s2,16,3072,2048,34.7
cublas,32,3072,2048,9.8
cutlass_32x64_s4,32,3072,2048,9.1
cutlass_32x64_s3,32,3072,2048,9.0
cutlass_32x128_s4,32,3072,2048,14.8
cutlass_32x128_s3,32,3072,2048,14.8
cutlass_32x256_s3,32,3072,2048,16.0
cutlass_64x64_s4,32,3072,2048,8.7
cutlass_64x64_s3,32,3072,2048,8.8
cutlass_64x128_s4,32,3072,2048,13.9
cutlass_64x128_s3,32,3072,2048,13.9
cutlass_128x64_s4,32,3072,2048,14.1
cutlass_128x64_s3,32,3072,2048,14.2
cutlass_128x128_s4,32,3072,2048,27.2
cutlass_128x128_s3,32,3072,2048,27.2
cutlass_128x256_s3,32,3072,2048,54.8
cutlass_256x64_s4,32,3072,2048,27.8
cutlass_256x64_s3,32,3072,2048,27.8
cutlass_64x64_s4_sk2,32,3072,2048,6.5
cutlass_64x64_s4_sk4,32,3072,2048,7.4
cutlass_64x64_s4_sk8,32,3072,2048,8.1
cutlass_128x128_s3_sk2,32,3072,2048,16.1
cutlass_128x128_s3_sk4,32,3072,2048,10.6
cutlass_128x128_s3_sk8,32,3072,2048,14.2
cutlass_64x128_s4_sk2,32,3072,2048,9.1
cutlass_64x128_s4_sk4,32,3072,2048,6.5
cutlass_64x128_s4_sk8,32,3072,2048,8.4
cutlass_32x64_s4_sk4,32,3072,2048,6.1
cutlass_32x64_s4_sk8,32,3072,2048,7.1
cutlass_32x64_s4_sk16,32,3072,2048,10.0
cutlass_128x128_s4_sk2,32,3072,2048,16.0
cutlass_128x128_s4_sk4,32,3072,2048,10.5
cutlass_128x128_s4_sk8,32,3072,2048,14.2
cutlass_128x64_s4_sk2,32,3072,2048,9.3
cutlass_128x64_s4_sk4,32,3072,2048,11.2
cutlass_128x64_s4_sk8,32,3072,2048,10.9
cutlass_256x64_s4_sk2,32,3072,2048,16.4
cutlass_256x64_s4_sk4,32,3072,2048,20.2
cutlass_64x64_s4_sk16,32,3072,2048,10.4
cutlass_64x128_s4_sk16,32,3072,2048,9.7
cutlass_64x64_k64_s4,32,3072,2048,7.2
cutlass_64x64_k64_s3,32,3072,2048,7.1
cutlass_64x128_k64_s4,32,3072,2048,14.2
cutlass_64x128_k64_s3,32,3072,2048,14.1
cutlass_128x64_k64_s4,32,3072,2048,14.2
cutlass_128x64_k64_s3,32,3072,2048,14.2
cutlass_128x128_k64_s4,32,3072,2048,0.0
cutlass_128x128_k64_s3,32,3072,2048,28.1
cutlass_256x64_k64_s4,32,3072,2048,0.0
cutlass_256x64_k64_s3,32,3072,2048,0.0
cutlass_128x256_k64_s3,32,3072,2048,0.0
cutlass_32x64_k64_s4,32,3072,2048,8.2
cutlass_32x128_k64_s4,32,3072,2048,13.8
cutlass_64x64_k64_s4_sk2,32,3072,2048,6.7
cutlass_64x64_k64_s4_sk4,32,3072,2048,9.1
cutlass_64x64_k64_s4_sk8,32,3072,2048,9.5
cutlass_128x128_k64_s3_sk2,32,3072,2048,16.7
cutlass_128x128_k64_s3_sk4,32,3072,2048,10.9
cutlass_128x128_k64_s2,32,3072,2048,29.3
cutlass_64x64_k64_s2,32,3072,2048,12.7
cutlass_64x128_k64_s2,32,3072,2048,18.0
cutlass_128x64_k64_s2,32,3072,2048,18.0
cutlass_256x64_k64_s2,32,3072,2048,31.4
cutlass_256x128_s2,32,3072,2048,0.0
cutlass_64x64_s2,32,3072,2048,18.1
cutlass_64x128_s2,32,3072,2048,23.3
cutlass_128x64_s2,32,3072,2048,21.1
cutlass_128x128_s2,32,3072,2048,33.8
cutlass_128x256_s2,32,3072,2048,55.0
cutlass_256x64_s2,32,3072,2048,34.4
cublas,64,3072,2048,12.8
cutlass_32x64_s4,64,3072,2048,9.2
cutlass_32x64_s3,64,3072,2048,9.2
cutlass_32x128_s4,64,3072,2048,14.8
cutlass_32x128_s3,64,3072,2048,14.8
cutlass_32x256_s3,64,3072,2048,15.9
cutlass_64x64_s4,64,3072,2048,8.7
cutlass_64x64_s3,64,3072,2048,9.6
cutlass_64x128_s4,64,3072,2048,13.9
cutlass_64x128_s3,64,3072,2048,13.9
cutlass_128x64_s4,64,3072,2048,14.1
cutlass_128x64_s3,64,3072,2048,14.1
cutlass_128x128_s4,64,3072,2048,27.1
cutlass_128x128_s3,64,3072,2048,27.2
cutlass_128x256_s3,64,3072,2048,54.8
cutlass_256x64_s4,64,3072,2048,27.9
cutlass_256x64_s3,64,3072,2048,27.9
cutlass_64x64_s4_sk2,64,3072,2048,8.4
cutlass_64x64_s4_sk4,64,3072,2048,9.6
cutlass_64x64_s4_sk8,64,3072,2048,12.1
cutlass_128x128_s3_sk2,64,3072,2048,16.7
cutlass_128x128_s3_sk4,64,3072,2048,12.3
cutlass_128x128_s3_sk8,64,3072,2048,17.2
cutlass_64x128_s4_sk2,64,3072,2048,10.2
cutlass_64x128_s4_sk4,64,3072,2048,9.4
cutlass_64x128_s4_sk8,64,3072,2048,12.1
cutlass_32x64_s4_sk4,64,3072,2048,10.1
cutlass_32x64_s4_sk8,64,3072,2048,12.8
cutlass_32x64_s4_sk16,64,3072,2048,17.1
cutlass_128x128_s4_sk2,64,3072,2048,16.5
cutlass_128x128_s4_sk4,64,3072,2048,12.2
cutlass_128x128_s4_sk8,64,3072,2048,17.2
cutlass_128x64_s4_sk2,64,3072,2048,9.9
cutlass_128x64_s4_sk4,64,3072,2048,12.4
cutlass_128x64_s4_sk8,64,3072,2048,12.7
cutlass_256x64_s4_sk2,64,3072,2048,16.8
cutlass_256x64_s4_sk4,64,3072,2048,21.3
cutlass_64x64_s4_sk16,64,3072,2048,17.0
cutlass_64x128_s4_sk16,64,3072,2048,17.5
cutlass_64x64_k64_s4,64,3072,2048,7.4
cutlass_64x64_k64_s3,64,3072,2048,7.3
cutlass_64x128_k64_s4,64,3072,2048,14.4
cutlass_64x128_k64_s3,64,3072,2048,14.2
cutlass_128x64_k64_s4,64,3072,2048,14.3
cutlass_128x64_k64_s3,64,3072,2048,14.3
cutlass_128x128_k64_s4,64,3072,2048,0.0
cutlass_128x128_k64_s3,64,3072,2048,28.3
cutlass_256x64_k64_s4,64,3072,2048,0.0
cutlass_256x64_k64_s3,64,3072,2048,0.0
cutlass_128x256_k64_s3,64,3072,2048,0.0
cutlass_32x64_k64_s4,64,3072,2048,8.5
cutlass_32x128_k64_s4,64,3072,2048,13.8
cutlass_64x64_k64_s4_sk2,64,3072,2048,8.3
cutlass_64x64_k64_s4_sk4,64,3072,2048,11.5
cutlass_64x64_k64_s4_sk8,64,3072,2048,13.8
cutlass_128x128_k64_s3_sk2,64,3072,2048,17.3
cutlass_128x128_k64_s3_sk4,64,3072,2048,12.6
cutlass_128x128_k64_s2,64,3072,2048,29.0
cutlass_64x64_k64_s2,64,3072,2048,14.1
cutlass_64x128_k64_s2,64,3072,2048,18.8
cutlass_128x64_k64_s2,64,3072,2048,18.2
cutlass_256x64_k64_s2,64,3072,2048,31.5
cutlass_256x128_s2,64,3072,2048,0.0
cutlass_64x64_s2,64,3072,2048,19.9
cutlass_64x128_s2,64,3072,2048,24.8
cutlass_128x64_s2,64,3072,2048,22.1
cutlass_128x128_s2,64,3072,2048,33.9
cutlass_128x256_s2,64,3072,2048,55.3
cutlass_256x64_s2,64,3072,2048,34.4
cublas,128,3072,2048,10.7
cutlass_32x64_s4,128,3072,2048,14.7
cutlass_32x64_s3,128,3072,2048,15.4
cutlass_32x128_s4,128,3072,2048,15.1
cutlass_32x128_s3,128,3072,2048,15.0
cutlass_32x256_s3,128,3072,2048,16.1
cutlass_64x64_s4,128,3072,2048,11.2
cutlass_64x64_s3,128,3072,2048,11.5
cutlass_64x128_s4,128,3072,2048,14.0
cutlass_64x128_s3,128,3072,2048,14.0
cutlass_128x64_s4,128,3072,2048,14.2
cutlass_128x64_s3,128,3072,2048,14.2
cutlass_128x128_s4,128,3072,2048,27.2
cutlass_128x128_s3,128,3072,2048,27.2
cutlass_128x256_s3,128,3072,2048,54.9
cutlass_256x64_s4,128,3072,2048,28.0
cutlass_256x64_s3,128,3072,2048,28.0
cutlass_64x64_s4_sk2,128,3072,2048,14.3
cutlass_64x64_s4_sk4,128,3072,2048,16.6
cutlass_64x64_s4_sk8,128,3072,2048,22.1
cutlass_128x128_s3_sk2,128,3072,2048,18.4
cutlass_128x128_s3_sk4,128,3072,2048,16.1
cutlass_128x128_s3_sk8,128,3072,2048,24.8
cutlass_64x128_s4_sk2,128,3072,2048,13.1
cutlass_64x128_s4_sk4,128,3072,2048,16.2
cutlass_64x128_s4_sk8,128,3072,2048,21.3
cutlass_32x64_s4_sk4,128,3072,2048,19.6
cutlass_32x64_s4_sk8,128,3072,2048,23.5
cutlass_32x64_s4_sk16,128,3072,2048,32.0
cutlass_128x128_s4_sk2,128,3072,2048,18.3
cutlass_128x128_s4_sk4,128,3072,2048,16.1
cutlass_128x128_s4_sk8,128,3072,2048,24.9
cutlass_128x64_s4_sk2,128,3072,2048,13.2
cutlass_128x64_s4_sk4,128,3072,2048,16.1
cutlass_128x64_s4_sk8,128,3072,2048,21.2
cutlass_256x64_s4_sk2,128,3072,2048,19.2
cutlass_256x64_s4_sk4,128,3072,2048,25.7
cutlass_64x64_s4_sk16,128,3072,2048,31.1
cutlass_64x128_s4_sk16,128,3072,2048,31.3
cutlass_64x64_k64_s4,128,3072,2048,10.4
cutlass_64x64_k64_s3,128,3072,2048,10.7
cutlass_64x128_k64_s4,128,3072,2048,14.5
cutlass_64x128_k64_s3,128,3072,2048,14.4
cutlass_128x64_k64_s4,128,3072,2048,14.7
cutlass_128x64_k64_s3,128,3072,2048,14.5
cutlass_128x128_k64_s4,128,3072,2048,0.0
cutlass_128x128_k64_s3,128,3072,2048,28.4
cutlass_256x64_k64_s4,128,3072,2048,0.0
cutlass_256x64_k64_s3,128,3072,2048,0.0
cutlass_128x256_k64_s3,128,3072,2048,0.0
cutlass_32x64_k64_s4,128,3072,2048,14.6
cutlass_32x128_k64_s4,128,3072,2048,14.3
cutlass_64x64_k64_s4_sk2,128,3072,2048,17.0
cutlass_64x64_k64_s4_sk4,128,3072,2048,18.2
cutlass_64x64_k64_s4_sk8,128,3072,2048,24.0
cutlass_128x128_k64_s3_sk2,128,3072,2048,19.1
cutlass_128x128_k64_s3_sk4,128,3072,2048,16.4
cutlass_128x128_k64_s2,128,3072,2048,28.9
cutlass_64x64_k64_s2,128,3072,2048,14.7
cutlass_64x128_k64_s2,128,3072,2048,19.3
cutlass_128x64_k64_s2,128,3072,2048,20.4
cutlass_256x64_k64_s2,128,3072,2048,31.6
cutlass_256x128_s2,128,3072,2048,0.0
cutlass_64x64_s2,128,3072,2048,20.2
cutlass_64x128_s2,128,3072,2048,25.1
cutlass_128x64_s2,128,3072,2048,25.9
cutlass_128x128_s2,128,3072,2048,34.0
cutlass_128x256_s2,128,3072,2048,55.5
cutlass_256x64_s2,128,3072,2048,34.6
cublas,256,3072,2048,15.5
cutlass_32x64_s4,256,3072,2048,27.3
cutlass_32x64_s3,256,3072,2048,27.4
cutlass_32x128_s4,256,3072,2048,23.6
cutlass_32x128_s3,256,3072,2048,23.8
cutlass_32x256_s3,256,3072,2048,23.2
cutlass_64x64_s4,256,3072,2048,20.4
cutlass_64x64_s3,256,3072,2048,20.4
cutlass_64x128_s4,256,3072,2048,16.6
cutlass_64x128_s3,256,3072,2048,16.9
cutlass_128x64_s4,256,3072,2048,17.0
cutlass_128x64_s3,256,3072,2048,17.1
cutlass_128x128_s4,256,3072,2048,27.4
cutlass_128x128_s3,256,3072,2048,27.4
cutlass_128x256_s3,256,3072,2048,55.2
cutlass_256x64_s4,256,3072,2048,28.3
cutlass_256x64_s3,256,3072,2048,28.1
cutlass_64x64_s4_sk2,256,3072,2048,25.8
cutlass_64x64_s4_sk4,256,3072,2048,30.7
cutlass_64x64_s4_sk8,256,3072,2048,39.7
cutlass_128x128_s3_sk2,256,3072,2048,23.0
cutlass_128x128_s3_sk4,256,3072,2048,32.5
cutlass_128x128_s3_sk8,256,3072,2048,41.9
cutlass_64x128_s4_sk2,256,3072,2048,24.6
cutlass_64x128_s4_sk4,256,3072,2048,28.2
cutlass_64x128_s4_sk8,256,3072,2048,38.7
cutlass_32x64_s4_sk4,256,3072,2048,35.9
cutlass_32x64_s4_sk8,256,3072,2048,44.0
cutlass_32x64_s4_sk16,256,3072,2048,61.3
cutlass_128x128_s4_sk2,256,3072,2048,23.1
cutlass_128x128_s4_sk4,256,3072,2048,32.6
cutlass_128x128_s4_sk8,256,3072,2048,41.6
cutlass_128x64_s4_sk2,256,3072,2048,24.4
cutlass_128x64_s4_sk4,256,3072,2048,28.5
cutlass_128x64_s4_sk8,256,3072,2048,38.2
cutlass_256x64_s4_sk2,256,3072,2048,24.4
cutlass_256x64_s4_sk4,256,3072,2048,33.8
cutlass_64x64_s4_sk16,256,3072,2048,58.9
cutlass_64x128_s4_sk16,256,3072,2048,57.9
cutlass_64x64_k64_s4,256,3072,2048,27.0
cutlass_64x64_k64_s3,256,3072,2048,19.8
cutlass_64x128_k64_s4,256,3072,2048,15.6
cutlass_64x128_k64_s3,256,3072,2048,15.8
cutlass_128x64_k64_s4,256,3072,2048,15.9
cutlass_128x64_k64_s3,256,3072,2048,16.0
cutlass_128x128_k64_s4,256,3072,2048,0.0
cutlass_128x128_k64_s3,256,3072,2048,28.5
cutlass_256x64_k64_s4,256,3072,2048,0.0
cutlass_256x64_k64_s3,256,3072,2048,0.0
cutlass_128x256_k64_s3,256,3072,2048,0.0
cutlass_32x64_k64_s4,256,3072,2048,37.7
cutlass_32x128_k64_s4,256,3072,2048,32.0
cutlass_64x64_k64_s4_sk2,256,3072,2048,27.7
cutlass_64x64_k64_s4_sk4,256,3072,2048,32.8
cutlass_64x64_k64_s4_sk8,256,3072,2048,42.0
cutlass_128x128_k64_s3_sk2,256,3072,2048,23.2
cutlass_128x128_k64_s3_sk4,256,3072,2048,33.2
cutlass_128x128_k64_s2,256,3072,2048,29.0
cutlass_64x64_k64_s2,256,3072,2048,22.5
cutlass_64x128_k64_s2,256,3072,2048,21.1
cutlass_128x64_k64_s2,256,3072,2048,21.0
cutlass_256x64_k64_s2,256,3072,2048,32.1
cutlass_256x128_s2,256,3072,2048,0.0
cutlass_64x64_s2,256,3072,2048,25.3
cutlass_64x128_s2,256,3072,2048,25.6
cutlass_128x64_s2,256,3072,2048,26.6
cutlass_128x128_s2,256,3072,2048,34.0
cutlass_128x256_s2,256,3072,2048,55.4
cutlass_256x64_s2,256,3072,2048,34.6
cublas,512,3072,2048,33.6
cutlass_32x64_s4,512,3072,2048,66.2
cutlass_32x64_s3,512,3072,2048,82.4
cutlass_32x128_s4,512,3072,2048,61.5
cutlass_32x128_s3,512,3072,2048,45.1
cutlass_32x256_s3,512,3072,2048,51.7
cutlass_64x64_s4,512,3072,2048,40.4
cutlass_64x64_s3,512,3072,2048,41.0
cutlass_64x128_s4,512,3072,2048,36.0
cutlass_64x128_s3,512,3072,2048,35.6
cutlass_128x64_s4,512,3072,2048,36.2
cutlass_128x64_s3,512,3072,2048,35.8
cutlass_128x128_s4,512,3072,2048,30.3
cutlass_128x128_s3,512,3072,2048,29.9
cutlass_128x256_s3,512,3072,2048,55.1
cutlass_256x64_s4,512,3072,2048,32.8
cutlass_256x64_s3,512,3072,2048,31.6
cutlass_64x64_s4_sk2,512,3072,2048,49.8
cutlass_64x64_s4_sk4,512,3072,2048,56.3
cutlass_64x64_s4_sk8,512,3072,2048,76.1
cutlass_128x128_s3_sk2,512,3072,2048,50.0
cutlass_128x128_s3_sk4,512,3072,2048,55.5
cutlass_128x128_s3_sk8,512,3072,2048,81.6
cutlass_64x128_s4_sk2,512,3072,2048,44.2
cutlass_64x128_s4_sk4,512,3072,2048,53.8
cutlass_64x128_s4_sk8,512,3072,2048,71.5
cutlass_32x64_s4_sk4,512,3072,2048,67.9
cutlass_32x64_s4_sk8,512,3072,2048,85.3
cutlass_32x64_s4_sk16,512,3072,2048,237.0
cutlass_128x128_s4_sk2,512,3072,2048,48.9
cutlass_128x128_s4_sk4,512,3072,2048,55.2
cutlass_128x128_s4_sk8,512,3072,2048,79.6
cutlass_128x64_s4_sk2,512,3072,2048,44.6
cutlass_128x64_s4_sk4,512,3072,2048,53.7
cutlass_128x64_s4_sk8,512,3072,2048,70.4
cutlass_256x64_s4_sk2,512,3072,2048,50.6
cutlass_256x64_s4_sk4,512,3072,2048,57.5
cutlass_64x64_s4_sk16,512,3072,2048,226.5
cutlass_64x128_s4_sk16,512,3072,2048,229.5
cutlass_64x64_k64_s4,512,3072,2048,41.5
cutlass_64x64_k64_s3,512,3072,2048,46.5
cutlass_64x128_k64_s4,512,3072,2048,39.5
cutlass_64x128_k64_s3,512,3072,2048,39.1
cutlass_128x64_k64_s4,512,3072,2048,40.3
cutlass_128x64_k64_s3,512,3072,2048,39.2
cutlass_128x128_k64_s4,512,3072,2048,0.0
cutlass_128x128_k64_s3,512,3072,2048,29.2
cutlass_256x64_k64_s4,512,3072,2048,0.0
cutlass_256x64_k64_s3,512,3072,2048,0.0
cutlass_128x256_k64_s3,512,3072,2048,0.0
cutlass_32x64_k64_s4,512,3072,2048,59.6
cutlass_32x128_k64_s4,512,3072,2048,51.5
cutlass_64x64_k64_s4_sk2,512,3072,2048,51.9
cutlass_64x64_k64_s4_sk4,512,3072,2048,58.7
cutlass_64x64_k64_s4_sk8,512,3072,2048,77.3
cutlass_128x128_k64_s3_sk2,512,3072,2048,49.8
cutlass_128x128_k64_s3_sk4,512,3072,2048,54.2
cutlass_128x128_k64_s2,512,3072,2048,30.6
cutlass_64x64_k64_s2,512,3072,2048,41.6
cutlass_64x128_k64_s2,512,3072,2048,39.4
cutlass_128x64_k64_s2,512,3072,2048,39.2
cutlass_256x64_k64_s2,512,3072,2048,34.3
cutlass_256x128_s2,512,3072,2048,0.0
cutlass_64x64_s2,512,3072,2048,43.6
cutlass_64x128_s2,512,3072,2048,38.5
cutlass_128x64_s2,512,3072,2048,39.4
cutlass_128x128_s2,512,3072,2048,34.4
cutlass_128x256_s2,512,3072,2048,55.9
cutlass_256x64_s2,512,3072,2048,35.6
cublas,1024,3072,2048,55.8
cutlass_32x64_s4,1024,3072,2048,110.9
cutlass_32x64_s3,1024,3072,2048,129.3
cutlass_32x128_s4,1024,3072,2048,98.0
cutlass_32x128_s3,1024,3072,2048,92.8
cutlass_32x256_s3,1024,3072,2048,91.0
cutlass_64x64_s4,1024,3072,2048,82.9
cutlass_64x64_s3,1024,3072,2048,94.3
cutlass_64x128_s4,1024,3072,2048,66.8
cutlass_64x128_s3,1024,3072,2048,73.6
cutlass_128x64_s4,1024,3072,2048,66.5
cutlass_128x64_s3,1024,3072,2048,74.9
cutlass_128x128_s4,1024,3072,2048,68.1
cutlass_128x128_s3,1024,3072,2048,68.0
cutlass_128x256_s3,1024,3072,2048,59.8
cutlass_256x64_s4,1024,3072,2048,73.5
cutlass_256x64_s3,1024,3072,2048,74.5
cutlass_64x64_s4_sk2,1024,3072,2048,91.5
cutlass_64x64_s4_sk4,1024,3072,2048,108.1
cutlass_64x64_s4_sk8,1024,3072,2048,239.6
cutlass_128x128_s3_sk2,1024,3072,2048,81.2
cutlass_128x128_s3_sk4,1024,3072,2048,108.5
cutlass_128x128_s3_sk8,1024,3072,2048,241.4
cutlass_64x128_s4_sk2,1024,3072,2048,84.0
cutlass_64x128_s4_sk4,1024,3072,2048,99.2
cutlass_64x128_s4_sk8,1024,3072,2048,243.7
cutlass_32x64_s4_sk4,1024,3072,2048,130.4
cutlass_32x64_s4_sk8,1024,3072,2048,256.2
cutlass_32x64_s4_sk16,1024,3072,2048,611.1
cutlass_128x128_s4_sk2,1024,3072,2048,81.4
cutlass_128x128_s4_sk4,1024,3072,2048,105.9
cutlass_128x128_s4_sk8,1024,3072,2048,239.6
cutlass_128x64_s4_sk2,1024,3072,2048,84.2
cutlass_128x64_s4_sk4,1024,3072,2048,98.2
cutlass_128x64_s4_sk8,1024,3072,2048,242.8
cutlass_256x64_s4_sk2,1024,3072,2048,85.1
cutlass_256x64_s4_sk4,1024,3072,2048,111.5
cutlass_64x64_s4_sk16,1024,3072,2048,604.0
cutlass_64x128_s4_sk16,1024,3072,2048,603.2
cutlass_64x64_k64_s4,1024,3072,2048,80.8
cutlass_64x64_k64_s3,1024,3072,2048,78.2
cutlass_64x128_k64_s4,1024,3072,2048,65.4
cutlass_64x128_k64_s3,1024,3072,2048,65.1
cutlass_128x64_k64_s4,1024,3072,2048,66.4
cutlass_128x64_k64_s3,1024,3072,2048,65.5
cutlass_128x128_k64_s4,1024,3072,2048,0.0
cutlass_128x128_k64_s3,1024,3072,2048,68.0
cutlass_256x64_k64_s4,1024,3072,2048,0.0
cutlass_256x64_k64_s3,1024,3072,2048,0.0
cutlass_128x256_k64_s3,1024,3072,2048,0.0
cutlass_32x64_k64_s4,1024,3072,2048,117.5
cutlass_32x128_k64_s4,1024,3072,2048,102.1
cutlass_64x64_k64_s4_sk2,1024,3072,2048,93.8
cutlass_64x64_k64_s4_sk4,1024,3072,2048,109.7
cutlass_64x64_k64_s4_sk8,1024,3072,2048,262.6
cutlass_128x128_k64_s3_sk2,1024,3072,2048,79.2
cutlass_128x128_k64_s3_sk4,1024,3072,2048,101.0
cutlass_128x128_k64_s2,1024,3072,2048,71.2
cutlass_64x64_k64_s2,1024,3072,2048,81.7
cutlass_64x128_k64_s2,1024,3072,2048,69.6
cutlass_128x64_k64_s2,1024,3072,2048,69.6
cutlass_256x64_k64_s2,1024,3072,2048,79.2
cutlass_256x128_s2,1024,3072,2048,0.0
cutlass_64x64_s2,1024,3072,2048,91.2
cutlass_64x128_s2,1024,3072,2048,68.4
cutlass_128x64_s2,1024,3072,2048,69.3
cutlass_128x128_s2,1024,3072,2048,80.0
cutlass_128x256_s2,1024,3072,2048,59.2
cutlass_256x64_s2,1024,3072,2048,83.6
cublas,2048,3072,2048,111.1
cutlass_32x64_s4,2048,3072,2048,224.7
cutlass_32x64_s3,2048,3072,2048,233.1
cutlass_32x128_s4,2048,3072,2048,194.7
cutlass_32x128_s3,2048,3072,2048,191.2
cutlass_32x256_s3,2048,3072,2048,180.5
cutlass_64x64_s4,2048,3072,2048,157.8
cutlass_64x64_s3,2048,3072,2048,162.5
cutlass_64x128_s4,2048,3072,2048,130.7
cutlass_64x128_s3,2048,3072,2048,124.6
cutlass_128x64_s4,2048,3072,2048,124.9
cutlass_128x64_s3,2048,3072,2048,125.7
cutlass_128x128_s4,2048,3072,2048,104.8
cutlass_128x128_s3,2048,3072,2048,104.2
cutlass_128x256_s3,2048,3072,2048,129.6
cutlass_256x64_s4,2048,3072,2048,114.1
cutlass_256x64_s3,2048,3072,2048,114.0
cutlass_64x64_s4_sk2,2048,3072,2048,183.4
cutlass_64x64_s4_sk4,2048,3072,2048,299.3
cutlass_64x64_s4_sk8,2048,3072,2048,632.9
cutlass_128x128_s3_sk2,2048,3072,2048,161.2
cutlass_128x128_s3_sk4,2048,3072,2048,308.1
cutlass_128x128_s3_sk8,2048,3072,2048,637.5
cutlass_64x128_s4_sk2,2048,3072,2048,156.1
cutlass_64x128_s4_sk4,2048,3072,2048,267.7
cutlass_64x128_s4_sk8,2048,3072,2048,616.6
cutlass_32x64_s4_sk4,2048,3072,2048,334.6
cutlass_32x64_s4_sk8,2048,3072,2048,662.6
cutlass_32x64_s4_sk16,2048,3072,2048,1240.9
cutlass_128x128_s4_sk2,2048,3072,2048,159.2
cutlass_128x128_s4_sk4,2048,3072,2048,277.0
cutlass_128x128_s4_sk8,2048,3072,2048,621.3
cutlass_128x64_s4_sk2,2048,3072,2048,158.1
cutlass_128x64_s4_sk4,2048,3072,2048,278.0
cutlass_128x64_s4_sk8,2048,3072,2048,615.2
cutlass_256x64_s4_sk2,2048,3072,2048,166.4
cutlass_256x64_s4_sk4,2048,3072,2048,298.4
cutlass_64x64_s4_sk16,2048,3072,2048,1238.1
cutlass_64x128_s4_sk16,2048,3072,2048,1236.3
cutlass_64x64_k64_s4,2048,3072,2048,152.7
cutlass_64x64_k64_s3,2048,3072,2048,149.7
cutlass_64x128_k64_s4,2048,3072,2048,128.1
cutlass_64x128_k64_s3,2048,3072,2048,127.0
cutlass_128x64_k64_s4,2048,3072,2048,129.5
cutlass_128x64_k64_s3,2048,3072,2048,126.9
cutlass_128x128_k64_s4,2048,3072,2048,0.0
cutlass_128x128_k64_s3,2048,3072,2048,104.5
cutlass_256x64_k64_s4,2048,3072,2048,0.0
cutlass_256x64_k64_s3,2048,3072,2048,0.0
cutlass_128x256_k64_s3,2048,3072,2048,0.0
cutlass_32x64_k64_s4,2048,3072,2048,228.2
cutlass_32x128_k64_s4,2048,3072,2048,196.9
cutlass_64x64_k64_s4_sk2,2048,3072,2048,179.1
cutlass_64x64_k64_s4_sk4,2048,3072,2048,329.8
cutlass_64x64_k64_s4_sk8,2048,3072,2048,674.1
cutlass_128x128_k64_s3_sk2,2048,3072,2048,154.3
cutlass_128x128_k64_s3_sk4,2048,3072,2048,274.7
cutlass_128x128_k64_s2,2048,3072,2048,115.0
cutlass_64x64_k64_s2,2048,3072,2048,159.8
cutlass_64x128_k64_s2,2048,3072,2048,133.3
cutlass_128x64_k64_s2,2048,3072,2048,123.8
cutlass_256x64_k64_s2,2048,3072,2048,128.1
cutlass_256x128_s2,2048,3072,2048,0.0
cutlass_64x64_s2,2048,3072,2048,160.1
cutlass_64x128_s2,2048,3072,2048,128.6
cutlass_128x64_s2,2048,3072,2048,130.1
cutlass_128x128_s2,2048,3072,2048,120.4
cutlass_128x256_s2,2048,3072,2048,130.6
cutlass_256x64_s2,2048,3072,2048,125.5
cublas,4096,3072,2048,195.0
cutlass_32x64_s4,4096,3072,2048,455.0
cutlass_32x64_s3,4096,3072,2048,443.3
cutlass_32x128_s4,4096,3072,2048,371.9
cutlass_32x128_s3,4096,3072,2048,364.3
cutlass_32x256_s3,4096,3072,2048,341.7
cutlass_64x64_s4,4096,3072,2048,308.3
cutlass_64x64_s3,4096,3072,2048,306.1
cutlass_64x128_s4,4096,3072,2048,232.9
cutlass_64x128_s3,4096,3072,2048,248.6
cutlass_128x64_s4,4096,3072,2048,232.1
cutlass_128x64_s3,4096,3072,2048,243.4
cutlass_128x128_s4,4096,3072,2048,208.4
cutlass_128x128_s3,4096,3072,2048,207.1
cutlass_128x256_s3,4096,3072,2048,198.5
cutlass_256x64_s4,4096,3072,2048,222.5
cutlass_256x64_s3,4096,3072,2048,222.9
cutlass_64x64_s4_sk2,4096,3072,2048,459.5
cutlass_64x64_s4_sk4,4096,3072,2048,726.6
cutlass_64x64_s4_sk8,4096,3072,2048,1276.0
cutlass_128x128_s3_sk2,4096,3072,2048,441.9
cutlass_128x128_s3_sk4,4096,3072,2048,754.4
cutlass_128x128_s3_sk8,4096,3072,2048,1293.7
cutlass_64x128_s4_sk2,4096,3072,2048,404.6
cutlass_64x128_s4_sk4,4096,3072,2048,677.5
cutlass_64x128_s4_sk8,4096,3072,2048,1286.5
cutlass_32x64_s4_sk4,4096,3072,2048,801.6
cutlass_32x64_s4_sk8,4096,3072,2048,1333.0
cutlass_32x64_s4_sk16,4096,3072,2048,2469.3
cutlass_128x128_s4_sk2,4096,3072,2048,407.8
cutlass_128x128_s4_sk4,4096,3072,2048,692.5
cutlass_128x128_s4_sk8,4096,3072,2048,1291.0
cutlass_128x64_s4_sk2,4096,3072,2048,413.9
cutlass_128x64_s4_sk4,4096,3072,2048,689.9
cutlass_128x64_s4_sk8,4096,3072,2048,1283.5
cutlass_256x64_s4_sk2,4096,3072,2048,434.4
cutlass_256x64_s4_sk4,4096,3072,2048,730.7
cutlass_64x64_s4_sk16,4096,3072,2048,2466.1
cutlass_64x128_s4_sk16,4096,3072,2048,2461.0
cutlass_64x64_k64_s4,4096,3072,2048,303.4
cutlass_64x64_k64_s3,4096,3072,2048,289.9
cutlass_64x128_k64_s4,4096,3072,2048,243.8
cutlass_64x128_k64_s3,4096,3072,2048,237.8
cutlass_128x64_k64_s4,4096,3072,2048,240.7
cutlass_128x64_k64_s3,4096,3072,2048,238.9
cutlass_128x128_k64_s4,4096,3072,2048,0.0
cutlass_128x128_k64_s3,4096,3072,2048,209.5
cutlass_256x64_k64_s4,4096,3072,2048,0.0
cutlass_256x64_k64_s3,4096,3072,2048,0.0
cutlass_128x256_k64_s3,4096,3072,2048,0.0
cutlass_32x64_k64_s4,4096,3072,2048,454.3
cutlass_32x128_k64_s4,4096,3072,2048,384.4
cutlass_64x64_k64_s4_sk2,4096,3072,2048,463.2
cutlass_64x64_k64_s4_sk4,4096,3072,2048,773.8
cutlass_64x64_k64_s4_sk8,4096,3072,2048,1382.9
cutlass_128x128_k64_s3_sk2,4096,3072,2048,380.8
cutlass_128x128_k64_s3_sk4,4096,3072,2048,660.9
cutlass_128x128_k64_s2,4096,3072,2048,236.3
cutlass_64x64_k64_s2,4096,3072,2048,313.5
cutlass_64x128_k64_s2,4096,3072,2048,245.4
cutlass_128x64_k64_s2,4096,3072,2048,249.4
cutlass_256x64_k64_s2,4096,3072,2048,274.7
cutlass_256x128_s2,4096,3072,2048,0.0
cutlass_64x64_s2,4096,3072,2048,312.8
cutlass_64x128_s2,4096,3072,2048,257.1
cutlass_128x64_s2,4096,3072,2048,256.7
cutlass_128x128_s2,4096,3072,2048,252.3
cutlass_128x256_s2,4096,3072,2048,202.3
cutlass_256x64_s2,4096,3072,2048,252.4
cublas,1,3072,3072,9.9
cutlass_32x64_s4,1,3072,3072,15.9
cutlass_32x64_s3,1,3072,3072,15.6
cutlass_32x128_s4,1,3072,3072,25.9
cutlass_32x128_s3,1,3072,3072,25.9
cutlass_32x256_s3,1,3072,3072,27.8
cutlass_64x64_s4,1,3072,3072,15.0
cutlass_64x64_s3,1,3072,3072,15.0
cutlass_64x128_s4,1,3072,3072,24.2
cutlass_64x128_s3,1,3072,3072,23.9
cutlass_128x64_s4,1,3072,3072,22.6
cutlass_128x64_s3,1,3072,3072,22.6
cutlass_128x128_s4,1,3072,3072,43.7
cutlass_128x128_s3,1,3072,3072,43.6
cutlass_128x256_s3,1,3072,3072,88.2
cutlass_256x64_s4,1,3072,3072,44.8
cutlass_256x64_s3,1,3072,3072,44.8
cutlass_64x64_s4_sk2,1,3072,3072,8.4
cutlass_64x64_s4_sk4,1,3072,3072,8.8
cutlass_64x64_s4_sk8,1,3072,3072,8.2
cutlass_128x128_s3_sk2,1,3072,3072,23.4
cutlass_128x128_s3_sk4,1,3072,3072,13.3
cutlass_128x128_s3_sk8,1,3072,3072,16.8
cutlass_64x128_s4_sk2,1,3072,3072,12.7
cutlass_64x128_s4_sk4,1,3072,3072,7.7
cutlass_64x128_s4_sk8,1,3072,3072,9.3
cutlass_32x64_s4_sk4,1,3072,3072,6.1
cutlass_32x64_s4_sk8,1,3072,3072,6.4
cutlass_32x64_s4_sk16,1,3072,3072,7.8
cutlass_128x128_s4_sk2,1,3072,3072,23.3
cutlass_128x128_s4_sk4,1,3072,3072,13.2
cutlass_128x128_s4_sk8,1,3072,3072,16.7
cutlass_128x64_s4_sk2,1,3072,3072,12.9
cutlass_128x64_s4_sk4,1,3072,3072,14.6
cutlass_128x64_s4_sk8,1,3072,3072,12.5
cutlass_256x64_s4_sk2,1,3072,3072,23.8
cutlass_256x64_s4_sk4,1,3072,3072,27.0
cutlass_64x64_s4_sk16,1,3072,3072,10.1
cutlass_64x128_s4_sk16,1,3072,3072,9.2
cutlass_64x64_k64_s4,1,3072,3072,10.9
cutlass_64x64_k64_s3,1,3072,3072,10.5
cutlass_64x128_k64_s4,1,3072,3072,21.3
cutlass_64x128_k64_s3,1,3072,3072,21.3
cutlass_128x64_k64_s4,1,3072,3072,21.4
cutlass_128x64_k64_s3,1,3072,3072,21.4
cutlass_128x128_k64_s4,1,3072,3072,0.0
cutlass_128x128_k64_s3,1,3072,3072,42.4
cutlass_256x64_k64_s4,1,3072,3072,0.0
cutlass_256x64_k64_s3,1,3072,3072,0.0
cutlass_128x256_k64_s3,1,3072,3072,0.0
cutlass_32x64_k64_s4,1,3072,3072,12.5
cutlass_32x128_k64_s4,1,3072,3072,21.0
cutlass_64x64_k64_s4_sk2,1,3072,3072,8.4
cutlass_64x64_k64_s4_sk4,1,3072,3072,10.2
cutlass_64x64_k64_s4_sk8,1,3072,3072,9.9
cutlass_128x128_k64_s3_sk2,1,3072,3072,23.6
cutlass_128x128_k64_s3_sk4,1,3072,3072,13.5
cutlass_128x128_k64_s2,1,3072,3072,43.9
cutlass_64x64_k64_s2,1,3072,3072,17.2
cutlass_64x128_k64_s2,1,3072,3072,26.6
cutlass_128x64_k64_s2,1,3072,3072,27.1
cutlass_256x64_k64_s2,1,3072,3072,47.2
cutlass_256x128_s2,1,3072,3072,0.0
cutlass_64x64_s2,1,3072,3072,25.8
cutlass_64x128_s2,1,3072,3072,34.8
cutlass_128x64_s2,1,3072,3072,32.2
cutlass_128x128_s2,1,3072,3072,50.9
cutlass_128x256_s2,1,3072,3072,82.4
cutlass_256x64_s2,1,3072,3072,51.5
cutlass_gemv,1,3072,3072,5.5
cublas,2,3072,3072,12.4
cutlass_32x64_s4,2,3072,3072,13.5
cutlass_32x64_s3,2,3072,3072,13.2
cutlass_32x128_s4,2,3072,3072,22.1
cutlass_32x128_s3,2,3072,3072,22.1
cutlass_32x256_s3,2,3072,3072,23.8
cutlass_64x64_s4,2,3072,3072,12.7
cutlass_64x64_s3,2,3072,3072,12.7
cutlass_64x128_s4,2,3072,3072,20.7
cutlass_64x128_s3,2,3072,3072,20.8
cutlass_128x64_s4,2,3072,3072,20.9
cutlass_128x64_s3,2,3072,3072,20.9
cutlass_128x128_s4,2,3072,3072,40.4
cutlass_128x128_s3,2,3072,3072,40.4
cutlass_128x256_s3,2,3072,3072,81.7
cutlass_256x64_s4,2,3072,3072,41.5
cutlass_256x64_s3,2,3072,3072,41.5
cutlass_64x64_s4_sk2,2,3072,3072,8.1
cutlass_64x64_s4_sk4,2,3072,3072,8.8
cutlass_64x64_s4_sk8,2,3072,3072,8.4
cutlass_128x128_s3_sk2,2,3072,3072,22.6
cutlass_128x128_s3_sk4,2,3072,3072,12.8
cutlass_128x128_s3_sk8,2,3072,3072,16.5
cutlass_64x128_s4_sk2,2,3072,3072,12.2
cutlass_64x128_s4_sk4,2,3072,3072,7.5
cutlass_64x128_s4_sk8,2,3072,3072,9.2
cutlass_32x64_s4_sk4,2,3072,3072,6.2
cutlass_32x64_s4_sk8,2,3072,3072,6.5
cutlass_32x64_s4_sk16,2,3072,3072,8.2
cutlass_128x128_s4_sk2,2,3072,3072,22.5
cutlass_128x128_s4_sk4,2,3072,3072,12.7
cutlass_128x128_s4_sk8,2,3072,3072,16.4
cutlass_128x64_s4_sk2,2,3072,3072,12.5
cutlass_128x64_s4_sk4,2,3072,3072,14.3
cutlass_128x64_s4_sk8,2,3072,3072,12.5
cutlass_256x64_s4_sk2,2,3072,3072,22.9
cutlass_256x64_s4_sk4,2,3072,3072,27.4
cutlass_64x64_s4_sk16,2,3072,3072,10.3
cutlass_64x128_s4_sk16,2,3072,3072,9.4
cutlass_64x64_k64_s4,2,3072,3072,10.6
cutlass_64x64_k64_s3,2,3072,3072,10.3
cutlass_64x128_k64_s4,2,3072,3072,20.8
cutlass_64x128_k64_s3,2,3072,3072,20.8
cutlass_128x64_k64_s4,2,3072,3072,21.0
cutlass_128x64_k64_s3,2,3072,3072,21.0
cutlass_128x128_k64_s4,2,3072,3072,0.0
cutlass_128x128_k64_s3,2,3072,3072,41.6
cutlass_256x64_k64_s4,2,3072,3072,0.0
cutlass_256x64_k64_s3,2,3072,3072,0.0
cutlass_128x256_k64_s3,2,3072,3072,0.0
cutlass_32x64_k64_s4,2,3072,3072,12.2
cutlass_32x128_k64_s4,2,3072,3072,20.6
cutlass_64x64_k64_s4_sk2,2,3072,3072,8.3
cutlass_64x64_k64_s4_sk4,2,3072,3072,10.1
cutlass_64x64_k64_s4_sk8,2,3072,3072,10.0
cutlass_128x128_k64_s3_sk2,2,3072,3072,23.2
cutlass_128x128_k64_s3_sk4,2,3072,3072,13.2
cutlass_128x128_k64_s2,2,3072,3072,43.2
cutlass_64x64_k64_s2,2,3072,3072,17.2
cutlass_64x128_k64_s2,2,3072,3072,26.5
cutlass_128x64_k64_s2,2,3072,3072,26.9
cutlass_256x64_k64_s2,2,3072,3072,46.9
cutlass_256x128_s2,2,3072,3072,0.0
cutlass_64x64_s2,2,3072,3072,25.6
cutlass_64x128_s2,2,3072,3072,34.8
cutlass_128x64_s2,2,3072,3072,32.0
cutlass_128x128_s2,2,3072,3072,50.6
cutlass_128x256_s2,2,3072,3072,82.3
cutlass_256x64_s2,2,3072,3072,51.5
cublas,4,3072,3072,12.6
cutlass_32x64_s4,4,3072,3072,13.5
cutlass_32x64_s3,4,3072,3072,13.2
cutlass_32x128_s4,4,3072,3072,22.1
cutlass_32x128_s3,4,3072,3072,22.1
cutlass_32x256_s3,4,3072,3072,23.8
cutlass_64x64_s4,4,3072,3072,12.7
cutlass_64x64_s3,4,3072,3072,12.7
cutlass_64x128_s4,4,3072,3072,20.7
cutlass_64x128_s3,4,3072,3072,20.7
cutlass_128x64_s4,4,3072,3072,21.0
cutlass_128x64_s3,4,3072,3072,20.9
cutlass_128x128_s4,4,3072,3072,40.4
cutlass_128x128_s3,4,3072,3072,40.4
cutlass_128x256_s3,4,3072,3072,81.7
cutlass_256x64_s4,4,3072,3072,41.5
cutlass_256x64_s3,4,3072,3072,41.5
cutlass_64x64_s4_sk2,4,3072,3072,8.2
cutlass_64x64_s4_sk4,4,3072,3072,9.0
cutlass_64x64_s4_sk8,4,3072,3072,8.9
cutlass_128x128_s3_sk2,4,3072,3072,22.6
cutlass_128x128_s3_sk4,4,3072,3072,12.9
cutlass_128x128_s3_sk8,4,3072,3072,16.8
cutlass_64x128_s4_sk2,4,3072,3072,12.3
cutlass_64x128_s4_sk4,4,3072,3072,7.8
cutlass_64x128_s4_sk8,4,3072,3072,9.6
cutlass_32x64_s4_sk4,4,3072,3072,6.3
cutlass_32x64_s4_sk8,4,3072,3072,6.7
cutlass_32x64_s4_sk16,4,3072,3072,8.5
cutlass_128x128_s4_sk2,4,3072,3072,22.5
cutlass_128x128_s4_sk4,4,3072,3072,12.9
cutlass_128x128_s4_sk8,4,3072,3072,16.8
cutlass_128x64_s4_sk2,4,3072,3072,12.5
cutlass_128x64_s4_sk4,4,3072,3072,14.4
cutlass_128x64_s4_sk8,4,3072,3072,12.8
cutlass_256x64_s4_sk2,4,3072,3072,22.9
cutlass_256x64_s4_sk4,4,3072,3072,27.7
cutlass_64x64_s4_sk16,4,3072,3072,10.7
cutlass_64x128_s4_sk16,4,3072,3072,9.8
cutlass_64x64_k64_s4,4,3072,3072,10.6
cutlass_64x64_k64_s3,4,3072,3072,10.3
cutlass_64x128_k64_s4,4,3072,3072,20.9
cutlass_64x128_k64_s3,4,3072,3072,20.9
cutlass_128x64_k64_s4,4,3072,3072,21.0
cutlass_128x64_k64_s3,4,3072,3072,21.0
cutlass_128x128_k64_s4,4,3072,3072,0.0
cutlass_128x128_k64_s3,4,3072,3072,41.6
cutlass_256x64_k64_s4,4,3072,3072,0.0
cutlass_256x64_k64_s3,4,3072,3072,0.0
cutlass_128x256_k64_s3,4,3072,3072,0.0
cutlass_32x64_k64_s4,4,3072,3072,12.3
cutlass_32x128_k64_s4,4,3072,3072,20.6
cutlass_64x64_k64_s4_sk2,4,3072,3072,8.3
cutlass_64x64_k64_s4_sk4,4,3072,3072,10.3
cutlass_64x64_k64_s4_sk8,4,3072,3072,10.4
cutlass_128x128_k64_s3_sk2,4,3072,3072,23.2
cutlass_128x128_k64_s3_sk4,4,3072,3072,13.4
cutlass_128x128_k64_s2,4,3072,3072,43.3
cutlass_64x64_k64_s2,4,3072,3072,17.2
cutlass_64x128_k64_s2,4,3072,3072,26.5
cutlass_128x64_k64_s2,4,3072,3072,26.9
cutlass_256x64_k64_s2,4,3072,3072,46.9
cutlass_256x128_s2,4,3072,3072,0.0
cutlass_64x64_s2,4,3072,3072,25.7
cutlass_64x128_s2,4,3072,3072,34.8
cutlass_128x64_s2,4,3072,3072,32.1
cutlass_128x128_s2,4,3072,3072,50.6
cutlass_128x256_s2,4,3072,3072,82.3
cutlass_256x64_s2,4,3072,3072,51.5
cublas,8,3072,3072,13.0
cutlass_32x64_s4,8,3072,3072,13.5
cutlass_32x64_s3,8,3072,3072,13.2
cutlass_32x128_s4,8,3072,3072,22.1
cutlass_32x128_s3,8,3072,3072,22.1
cutlass_32x256_s3,8,3072,3072,23.8
cutlass_64x64_s4,8,3072,3072,12.7
cutlass_64x64_s3,8,3072,3072,12.7
cutlass_64x128_s4,8,3072,3072,20.7
cutlass_64x128_s3,8,3072,3072,20.7
cutlass_128x64_s4,8,3072,3072,20.9
cutlass_128x64_s3,8,3072,3072,20.9
cutlass_128x128_s4,8,3072,3072,40.4
cutlass_128x128_s3,8,3072,3072,40.4
cutlass_128x256_s3,8,3072,3072,81.7
cutlass_256x64_s4,8,3072,3072,41.5
cutlass_256x64_s3,8,3072,3072,41.5
cutlass_64x64_s4_sk2,8,3072,3072,8.2
cutlass_64x64_s4_sk4,8,3072,3072,9.2
cutlass_64x64_s4_sk8,8,3072,3072,9.0
cutlass_128x128_s3_sk2,8,3072,3072,22.6
cutlass_128x128_s3_sk4,8,3072,3072,13.0
cutlass_128x128_s3_sk8,8,3072,3072,16.8
cutlass_64x128_s4_sk2,8,3072,3072,12.3
cutlass_64x128_s4_sk4,8,3072,3072,7.8
cutlass_64x128_s4_sk8,8,3072,3072,9.5
cutlass_32x64_s4_sk4,8,3072,3072,6.4
cutlass_32x64_s4_sk8,8,3072,3072,6.9
cutlass_32x64_s4_sk16,8,3072,3072,8.8
cutlass_128x128_s4_sk2,8,3072,3072,22.5
cutlass_128x128_s4_sk4,8,3072,3072,12.9
cutlass_128x128_s4_sk8,8,3072,3072,16.8
cutlass_128x64_s4_sk2,8,3072,3072,12.5
cutlass_128x64_s4_sk4,8,3072,3072,14.5
cutlass_128x64_s4_sk8,8,3072,3072,12.9
cutlass_256x64_s4_sk2,8,3072,3072,22.9
cutlass_256x64_s4_sk4,8,3072,3072,27.7
cutlass_64x64_s4_sk16,8,3072,3072,11.0
cutlass_64x128_s4_sk16,8,3072,3072,10.1
cutlass_64x64_k64_s4,8,3072,3072,10.7
cutlass_64x64_k64_s3,8,3072,3072,10.3
cutlass_64x128_k64_s4,8,3072,3072,20.9
cutlass_64x128_k64_s3,8,3072,3072,20.8
cutlass_128x64_k64_s4,8,3072,3072,21.1
cutlass_128x64_k64_s3,8,3072,3072,21.0
cutlass_128x128_k64_s4,8,3072,3072,0.0
cutlass_128x128_k64_s3,8,3072,3072,41.6
cutlass_256x64_k64_s4,8,3072,3072,0.0
cutlass_256x64_k64_s3,8,3072,3072,0.0
cutlass_128x256_k64_s3,8,3072,3072,0.0
cutlass_32x64_k64_s4,8,3072,3072,12.3
cutlass_32x128_k64_s4,8,3072,3072,20.6
cutlass_64x64_k64_s4_sk2,8,3072,3072,8.3
cutlass_64x64_k64_s4_sk4,8,3072,3072,10.5
cutlass_64x64_k64_s4_sk8,8,3072,3072,10.6
cutlass_128x128_k64_s3_sk2,8,3072,3072,23.2
cutlass_128x128_k64_s3_sk4,8,3072,3072,13.4
cutlass_128x128_k64_s2,8,3072,3072,43.6
cutlass_64x64_k64_s2,8,3072,3072,17.2
cutlass_64x128_k64_s2,8,3072,3072,26.5
cutlass_128x64_k64_s2,8,3072,3072,26.9
cutlass_256x64_k64_s2,8,3072,3072,46.6
cutlass_256x128_s2,8,3072,3072,0.0
cutlass_64x64_s2,8,3072,3072,25.6
cutlass_64x128_s2,8,3072,3072,34.9
cutlass_128x64_s2,8,3072,3072,31.9
cutlass_128x128_s2,8,3072,3072,50.3
cutlass_128x256_s2,8,3072,3072,81.8
cutlass_256x64_s2,8,3072,3072,51.2
cublas,16,3072,3072,13.8
cutlass_32x64_s4,16,3072,3072,13.4
cutlass_32x64_s3,16,3072,3072,13.2
cutlass_32x128_s4,16,3072,3072,22.0
cutlass_32x128_s3,16,3072,3072,22.0
cutlass_32x256_s3,16,3072,3072,23.7
cutlass_64x64_s4,16,3072,3072,12.7
cutlass_64x64_s3,16,3072,3072,12.7
cutlass_64x128_s4,16,3072,3072,20.5
cutlass_64x128_s3,16,3072,3072,20.5
cutlass_128x64_s4,16,3072,3072,20.8
cutlass_128x64_s3,16,3072,3072,20.8
cutlass_128x128_s4,16,3072,3072,40.2
cutlass_128x128_s3,16,3072,3072,40.1
cutlass_128x256_s3,16,3072,3072,81.3
cutlass_256x64_s4,16,3072,3072,41.3
cutlass_256x64_s3,16,3072,3072,41.3
cutlass_64x64_s4_sk2,16,3072,3072,8.4
cutlass_64x64_s4_sk4,16,3072,3072,9.5
cutlass_64x64_s4_sk8,16,3072,3072,9.4
cutlass_128x128_s3_sk2,16,3072,3072,22.6
cutlass_128x128_s3_sk4,16,3072,3072,13.2
cutlass_128x128_s3_sk8,16,3072,3072,17.1
cutlass_64x128_s4_sk2,16,3072,3072,12.3
cutlass_64x128_s4_sk4,16,3072,3072,7.9
cutlass_64x128_s4_sk8,16,3072,3072,9.8
cutlass_32x64_s4_sk4,16,3072,3072,6.9
cutlass_32x64_s4_sk8,16,3072,3072,7.3
cutlass_32x64_s4_sk16,16,3072,3072,9.6
cutlass_128x128_s4_sk2,16,3072,3072,22.4
cutlass_128x128_s4_sk4,16,3072,3072,13.1
cutlass_128x128_s4_sk8,16,3072,3072,17.1
cutlass_128x64_s4_sk2,16,3072,3072,12.5
cutlass_128x64_s4_sk4,16,3072,3072,14.7
cutlass_128x64_s4_sk8,16,3072,3072,13.2
cutlass_256x64_s4_sk2,16,3072,3072,22.9
cutlass_256x64_s4_sk4,16,3072,3072,27.8
cutlass_64x64_s4_sk16,16,3072,3072,11.5
cutlass_64x128_s4_sk16,16,3072,3072,10.7
cutlass_64x64_k64_s4,16,3072,3072,10.7
cutlass_64x64_k64_s3,16,3072,3072,10.3
cutlass_64x128_k64_s4,16,3072,3072,20.9
cutlass_64x128_k64_s3,16,3072,3072,20.8
cutlass_128x64_k64_s4,16,3072,3072,20.9
cutlass_128x64_k64_s3,16,3072,3072,20.9
cutlass_128x128_k64_s4,16,3072,3072,0.0
cutlass_128x128_k64_s3,16,3072,3072,41.5
cutlass_256x64_k64_s4,16,3072,3072,0.0
cutlass_256x64_k64_s3,16,3072,3072,0.0
cutlass_128x256_k64_s3,16,3072,3072,0.0
cutlass_32x64_k64_s4,16,3072,3072,12.3
cutlass_32x128_k64_s4,16,3072,3072,20.6
cutlass_64x64_k64_s4_sk2,16,3072,3072,8.4
cutlass_64x64_k64_s4_sk4,16,3072,3072,10.7
cutlass_64x64_k64_s4_sk8,16,3072,3072,10.8
cutlass_128x128_k64_s3_sk2,16,3072,3072,23.2
cutlass_128x128_k64_s3_sk4,16,3072,3072,13.6
cutlass_128x128_k64_s2,16,3072,3072,43.4
cutlass_64x64_k64_s2,16,3072,3072,17.8
cutlass_64x128_k64_s2,16,3072,3072,26.6
cutlass_128x64_k64_s2,16,3072,3072,26.7
cutlass_256x64_k64_s2,16,3072,3072,46.6
cutlass_256x128_s2,16,3072,3072,0.0
cutlass_64x64_s2,16,3072,3072,26.0
cutlass_64x128_s2,16,3072,3072,35.7
cutlass_128x64_s2,16,3072,3072,32.0
cutlass_128x128_s2,16,3072,3072,50.3
cutlass_128x256_s2,16,3072,3072,81.6
cutlass_256x64_s2,16,3072,3072,51.3
cublas,32,3072,3072,15.0
cutlass_32x64_s4,32,3072,3072,13.5
cutlass_32x64_s3,32,3072,3072,13.3
cutlass_32x128_s4,32,3072,3072,22.0
cutlass_32x128_s3,32,3072,3072,22.0
cutlass_32x256_s3,32,3072,3072,23.8
cutlass_64x64_s4,32,3072,3072,12.9
cutlass_64x64_s3,32,3072,3072,13.2
cutlass_64x128_s4,32,3072,3072,20.7
cutlass_64x128_s3,32,3072,3072,20.6
cutlass_128x64_s4,32,3072,3072,20.8
cutlass_128x64_s3,32,3072,3072,20.9
cutlass_128x128_s4,32,3072,3072,40.3
cutlass_128x128_s3,32,3072,3072,40.3
cutlass_128x256_s3,32,3072,3072,81.3
cutlass_256x64_s4,32,3072,3072,41.3
cutlass_256x64_s3,32,3072,3072,41.3
cutlass_64x64_s4_sk2,32,3072,3072,9.2
cutlass_64x64_s4_sk4,32,3072,3072,10.2
cutlass_64x64_s4_sk8,32,3072,3072,10.3
cutlass_128x128_s3_sk2,32,3072,3072,22.8
cutlass_128x128_s3_sk4,32,3072,3072,13.9
cutlass_128x128_s3_sk8,32,3072,3072,18.2
cutlass_64x128_s4_sk2,32,3072,3072,12.5
cutlass_64x128_s4_sk4,32,3072,3072,8.2
cutlass_64x128_s4_sk8,32,3072,3072,10.3
cutlass_32x64_s4_sk4,32,3072,3072,7.9
cutlass_32x64_s4_sk8,32,3072,3072,8.6
cutlass_32x64_s4_sk16,32,3072,3072,11.5
cutlass_128x128_s4_sk2,32,3072,3072,22.7
cutlass_128x128_s4_sk4,32,3072,3072,13.8
cutlass_128x128_s4_sk8,32,3072,3072,18.2
cutlass_128x64_s4_sk2,32,3072,3072,12.7
cutlass_128x64_s4_sk4,32,3072,3072,15.1
cutlass_128x64_s4_sk8,32,3072,3072,13.8
cutlass_256x64_s4_sk2,32,3072,3072,23.1
cutlass_256x64_s4_sk4,32,3072,3072,28.2
cutlass_64x64_s4_sk16,32,3072,3072,13.1
cutlass_64x128_s4_sk16,32,3072,3072,11.8
cutlass_64x64_k64_s4,32,3072,3072,10.8
cutlass_64x64_k64_s3,32,3072,3072,10.5
cutlass_64x128_k64_s4,32,3072,3072,21.0
cutlass_64x128_k64_s3,32,3072,3072,20.9
cutlass_128x64_k64_s4,32,3072,3072,21.1
cutlass_128x64_k64_s3,32,3072,3072,21.0
cutlass_128x128_k64_s4,32,3072,3072,0.0
cutlass_128x128_k64_s3,32,3072,3072,41.5
cutlass_256x64_k64_s4,32,3072,3072,0.0
cutlass_256x64_k64_s3,32,3072,3072,0.0
cutlass_128x256_k64_s3,32,3072,3072,0.0
cutlass_32x64_k64_s4,32,3072,3072,12.4
cutlass_32x128_k64_s4,32,3072,3072,20.8
cutlass_64x64_k64_s4_sk2,32,3072,3072,8.7
cutlass_64x64_k64_s4_sk4,32,3072,3072,11.4
cutlass_64x64_k64_s4_sk8,32,3072,3072,11.7
cutlass_128x128_k64_s3_sk2,32,3072,3072,23.4
cutlass_128x128_k64_s3_sk4,32,3072,3072,14.3
cutlass_128x128_k64_s2,32,3072,3072,43.4
cutlass_64x64_k64_s2,32,3072,3072,19.0
cutlass_64x128_k64_s2,32,3072,3072,27.1
cutlass_128x64_k64_s2,32,3072,3072,26.8
cutlass_256x64_k64_s2,32,3072,3072,46.7
cutlass_256x128_s2,32,3072,3072,0.0
cutlass_64x64_s2,32,3072,3072,27.4
cutlass_64x128_s2,32,3072,3072,37.2
cutlass_128x64_s2,32,3072,3072,32.5
cutlass_128x128_s2,32,3072,3072,50.4
cutlass_128x256_s2,32,3072,3072,81.6
cutlass_256x64_s2,32,3072,3072,51.3
cublas,64,3072,3072,20.1
cutlass_32x64_s4,64,3072,3072,14.1
cutlass_32x64_s3,64,3072,3072,14.7
cutlass_32x128_s4,64,3072,3072,22.1
cutlass_32x128_s3,64,3072,3072,22.1
cutlass_32x256_s3,64,3072,3072,23.8
cutlass_64x64_s4,64,3072,3072,13.1
cutlass_64x64_s3,64,3072,3072,14.5
cutlass_64x128_s4,64,3072,3072,20.8
cutlass_64x128_s3,64,3072,3072,20.6
cutlass_128x64_s4,64,3072,3072,21.0
cutlass_128x64_s3,64,3072,3072,20.9
cutlass_128x128_s4,64,3072,3072,40.3
cutlass_128x128_s3,64,3072,3072,40.3
cutlass_128x256_s3,64,3072,3072,81.3
cutlass_256x64_s4,64,3072,3072,41.3
cutlass_256x64_s3,64,3072,3072,41.4
cutlass_64x64_s4_sk2,64,3072,3072,11.8
cutlass_64x64_s4_sk4,64,3072,3072,12.1
cutlass_64x64_s4_sk8,64,3072,3072,14.4
cutlass_128x128_s3_sk2,64,3072,3072,23.3
cutlass_128x128_s3_sk4,64,3072,3072,15.5
cutlass_128x128_s3_sk8,64,3072,3072,21.4
cutlass_64x128_s4_sk2,64,3072,3072,13.7
cutlass_64x128_s4_sk4,64,3072,3072,11.2
cutlass_64x128_s4_sk8,64,3072,3072,14.0
cutlass_32x64_s4_sk4,64,3072,3072,13.5
cutlass_32x64_s4_sk8,64,3072,3072,16.5
cutlass_32x64_s4_sk16,64,3072,3072,20.4
cutlass_128x128_s4_sk2,64,3072,3072,23.1
cutlass_128x128_s4_sk4,64,3072,3072,15.6
cutlass_128x128_s4_sk8,64,3072,3072,21.4
cutlass_128x64_s4_sk2,64,3072,3072,13.5
cutlass_128x64_s4_sk4,64,3072,3072,16.7
cutlass_128x64_s4_sk8,64,3072,3072,15.9
cutlass_256x64_s4_sk2,64,3072,3072,23.5
cutlass_256x64_s4_sk4,64,3072,3072,29.1
cutlass_64x64_s4_sk16,64,3072,3072,19.9
cutlass_64x128_s4_sk16,64,3072,3072,19.8
cutlass_64x64_k64_s4,64,3072,3072,11.0
cutlass_64x64_k64_s3,64,3072,3072,10.9
cutlass_64x128_k64_s4,64,3072,3072,21.2
cutlass_64x128_k64_s3,64,3072,3072,20.9
cutlass_128x64_k64_s4,64,3072,3072,21.2
cutlass_128x64_k64_s3,64,3072,3072,21.1
cutlass_128x128_k64_s4,64,3072,3072,0.0
cutlass_128x128_k64_s3,64,3072,3072,41.6
cutlass_256x64_k64_s4,64,3072,3072,0.0
cutlass_256x64_k64_s3,64,3072,3072,0.0
cutlass_128x256_k64_s3,64,3072,3072,0.0
cutlass_32x64_k64_s4,64,3072,3072,13.1
cutlass_32x128_k64_s4,64,3072,3072,20.7
cutlass_64x64_k64_s4_sk2,64,3072,3072,11.0
cutlass_64x64_k64_s4_sk4,64,3072,3072,14.6
cutlass_64x64_k64_s4_sk8,64,3072,3072,16.0
cutlass_128x128_k64_s3_sk2,64,3072,3072,24.0
cutlass_128x128_k64_s3_sk4,64,3072,3072,16.0
cutlass_128x128_k64_s2,64,3072,3072,42.8
cutlass_64x64_k64_s2,64,3072,3072,21.3
cutlass_64x128_k64_s2,64,3072,3072,28.7
cutlass_128x64_k64_s2,64,3072,3072,26.9
cutlass_256x64_k64_s2,64,3072,3072,46.7
cutlass_256x128_s2,64,3072,3072,0.0
cutlass_64x64_s2,64,3072,3072,32.9
cutlass_64x128_s2,64,3072,3072,39.8
cutlass_128x64_s2,64,3072,3072,35.6
cutlass_128x128_s2,64,3072,3072,50.4
cutlass_128x256_s2,64,3072,3072,82.2
cutlass_256x64_s2,64,3072,3072,51.3
cublas,128,3072,3072,16.0
cutlass_32x64_s4,128,3072,3072,22.9
cutlass_32x64_s3,128,3072,3072,23.8
cutlass_32x128_s4,128,3072,3072,22.4
cutlass_32x128_s3,128,3072,3072,22.3
cutlass_32x256_s3,128,3072,3072,24.0
cutlass_64x64_s4,128,3072,3072,17.3
cutlass_64x64_s3,128,3072,3072,18.2
cutlass_64x128_s4,128,3072,3072,21.0
cutlass_64x128_s3,128,3072,3072,20.8
cutlass_128x64_s4,128,3072,3072,21.0
cutlass_128x64_s3,128,3072,3072,21.0
cutlass_128x128_s4,128,3072,3072,40.3
cutlass_128x128_s3,128,3072,3072,40.4
cutlass_128x256_s3,128,3072,3072,81.4
cutlass_256x64_s4,128,3072,3072,41.4
cutlass_256x64_s3,128,3072,3072,41.5
cutlass_64x64_s4_sk2,128,3072,3072,19.6
cutlass_64x64_s4_sk4,128,3072,3072,21.3
cutlass_64x64_s4_sk8,128,3072,3072,27.3
cutlass_128x128_s3_sk2,128,3072,3072,25.0
cutlass_128x128_s3_sk4,128,3072,3072,19.6
cutlass_128x128_s3_sk8,128,3072,3072,29.0
cutlass_64x128_s4_sk2,128,3072,3072,17.9
cutlass_64x128_s4_sk4,128,3072,3072,20.2
cutlass_64x128_s4_sk8,128,3072,3072,25.3
cutlass_32x64_s4_sk4,128,3072,3072,29.4
cutlass_32x64_s4_sk8,128,3072,3072,30.5
cutlass_32x64_s4_sk16,128,3072,3072,38.7
cutlass_128x128_s4_sk2,128,3072,3072,24.8
cutlass_128x128_s4_sk4,128,3072,3072,19.6
cutlass_128x128_s4_sk8,128,3072,3072,29.1
cutlass_128x64_s4_sk2,128,3072,3072,17.3
cutlass_128x64_s4_sk4,128,3072,3072,20.3
cutlass_128x64_s4_sk8,128,3072,3072,25.4
cutlass_256x64_s4_sk2,128,3072,3072,26.0
cutlass_256x64_s4_sk4,128,3072,3072,33.7
cutlass_64x64_s4_sk16,128,3072,3072,35.9
cutlass_64x128_s4_sk16,128,3072,3072,35.1
cutlass_64x64_k64_s4,128,3072,3072,16.0
cutlass_64x64_k64_s3,128,3072,3072,16.7
cutlass_64x128_k64_s4,128,3072,3072,21.2
cutlass_64x128_k64_s3,128,3072,3072,21.1
cutlass_128x64_k64_s4,128,3072,3072,21.5
cutlass_128x64_k64_s3,128,3072,3072,21.3
cutlass_128x128_k64_s4,128,3072,3072,0.0
cutlass_128x128_k64_s3,128,3072,3072,41.8
cutlass_256x64_k64_s4,128,3072,3072,0.0
cutlass_256x64_k64_s3,128,3072,3072,0.0
cutlass_128x256_k64_s3,128,3072,3072,0.0
cutlass_32x64_k64_s4,128,3072,3072,22.7
cutlass_32x128_k64_s4,128,3072,3072,21.1
cutlass_64x64_k64_s4_sk2,128,3072,3072,25.1
cutlass_64x64_k64_s4_sk4,128,3072,3072,23.4
cutlass_64x64_k64_s4_sk8,128,3072,3072,27.7
cutlass_128x128_k64_s3_sk2,128,3072,3072,25.8
cutlass_128x128_k64_s3_sk4,128,3072,3072,20.0
cutlass_128x128_k64_s2,128,3072,3072,44.2
cutlass_64x64_k64_s2,128,3072,3072,22.1
cutlass_64x128_k64_s2,128,3072,3072,29.0
cutlass_128x64_k64_s2,128,3072,3072,29.3
cutlass_256x64_k64_s2,128,3072,3072,46.8
cutlass_256x128_s2,128,3072,3072,0.0
cutlass_64x64_s2,128,3072,3072,33.2
cutlass_64x128_s2,128,3072,3072,39.9
cutlass_128x64_s2,128,3072,3072,41.4
cutlass_128x128_s2,128,3072,3072,50.4
cutlass_128x256_s2,128,3072,3072,82.3
cutlass_256x64_s2,128,3072,3072,51.4
cublas,256,3072,3072,25.0
cutlass_32x64_s4,256,3072,3072,44.1
cutlass_32x64_s3,256,3072,3072,45.9
cutlass_32x128_s4,256,3072,3072,36.5
cutlass_32x128_s3,256,3072,3072,37.8
cutlass_32x256_s3,256,3072,3072,35.0
cutlass_64x64_s4,256,3072,3072,32.9
cutlass_64x64_s3,256,3072,3072,33.5
cutlass_64x128_s4,256,3072,3072,26.1
cutlass_64x128_s3,256,3072,3072,26.3
cutlass_128x64_s4,256,3072,3072,27.9
cutlass_128x64_s3,256,3072,3072,28.5
cutlass_128x128_s4,256,3072,3072,40.5
cutlass_128x128_s3,256,3072,3072,40.4
cutlass_128x256_s3,256,3072,3072,81.4
cutlass_256x64_s4,256,3072,3072,42.0
cutlass_256x64_s3,256,3072,3072,41.6
cutlass_64x64_s4_sk2,256,3072,3072,36.3
cutlass_64x64_s4_sk4,256,3072,3072,41.6
cutlass_64x64_s4_sk8,256,3072,3072,49.7
cutlass_128x128_s3_sk2,256,3072,3072,30.2
cutlass_128x128_s3_sk4,256,3072,3072,40.8
cutlass_128x128_s3_sk8,256,3072,3072,49.0
cutlass_64x128_s4_sk2,256,3072,3072,33.0
cutlass_64x128_s4_sk4,256,3072,3072,37.3
cutlass_64x128_s4_sk8,256,3072,3072,46.9
cutlass_32x64_s4_sk4,256,3072,3072,50.7
cutlass_32x64_s4_sk8,256,3072,3072,57.3
cutlass_32x64_s4_sk16,256,3072,3072,75.7
cutlass_128x128_s4_sk2,256,3072,3072,30.1
cutlass_128x128_s4_sk4,256,3072,3072,40.9
cutlass_128x128_s4_sk8,256,3072,3072,48.7
cutlass_128x64_s4_sk2,256,3072,3072,33.2
cutlass_128x64_s4_sk4,256,3072,3072,37.5
cutlass_128x64_s4_sk8,256,3072,3072,47.4
cutlass_256x64_s4_sk2,256,3072,3072,31.8
cutlass_256x64_s4_sk4,256,3072,3072,42.7
cutlass_64x64_s4_sk16,256,3072,3072,68.3
cutlass_64x128_s4_sk16,256,3072,3072,65.7
cutlass_64x64_k64_s4,256,3072,3072,41.5
cutlass_64x64_k64_s3,256,3072,3072,31.5
cutlass_64x128_k64_s4,256,3072,3072,24.1
cutlass_64x128_k64_s3,256,3072,3072,24.6
cutlass_128x64_k64_s4,256,3072,3072,25.9
cutlass_128x64_k64_s3,256,3072,3072,26.5
cutlass_128x128_k64_s4,256,3072,3072,0.0
cutlass_128x128_k64_s3,256,3072,3072,41.9
cutlass_256x64_k64_s4,256,3072,3072,0.0
cutlass_256x64_k64_s3,256,3072,3072,0.0
cutlass_128x256_k64_s3,256,3072,3072,0.0
cutlass_32x64_k64_s4,256,3072,3072,60.4
cutlass_32x128_k64_s4,256,3072,3072,50.2
cutlass_64x64_k64_s4_sk2,256,3072,3072,39.4
cutlass_64x64_k64_s4_sk4,256,3072,3072,42.8
cutlass_64x64_k64_s4_sk8,256,3072,3072,49.5
cutlass_128x128_k64_s3_sk2,256,3072,3072,30.1
cutlass_128x128_k64_s3_sk4,256,3072,3072,41.4
cutlass_128x128_k64_s2,256,3072,3072,44.4
cutlass_64x64_k64_s2,256,3072,3072,33.9
cutlass_64x128_k64_s2,256,3072,3072,31.4
cutlass_128x64_k64_s2,256,3072,3072,31.6
cutlass_256x64_k64_s2,256,3072,3072,47.5
cutlass_256x128_s2,256,3072,3072,0.0
cutlass_64x64_s2,256,3072,3072,37.3
cutlass_64x128_s2,256,3072,3072,41.2
cutlass_128x64_s2,256,3072,3072,42.2
cutlass_128x128_s2,256,3072,3072,50.5
cutlass_128x256_s2,256,3072,3072,82.3
cutlass_256x64_s2,256,3072,3072,51.5
cublas,512,3072,3072,42.1
cutlass_32x64_s4,512,3072,3072,104.7
cutlass_32x64_s3,512,3072,3072,113.3
cutlass_32x128_s4,512,3072,3072,99.5
cutlass_32x128_s3,512,3072,3072,70.2
cutlass_32x256_s3,512,3072,3072,83.6
cutlass_64x64_s4,512,3072,3072,61.3
cutlass_64x64_s3,512,3072,3072,61.8
cutlass_64x128_s4,512,3072,3072,53.7
cutlass_64x128_s3,512,3072,3072,53.4
cutlass_128x64_s4,512,3072,3072,53.9
cutlass_128x64_s3,512,3072,3072,53.9
cutlass_128x128_s4,512,3072,3072,44.5
cutlass_128x128_s3,512,3072,3072,44.4
cutlass_128x256_s3,512,3072,3072,86.4
cutlass_256x64_s4,512,3072,3072,46.9
cutlass_256x64_s3,512,3072,3072,47.6
cutlass_64x64_s4_sk2,512,3072,3072,71.5
cutlass_64x64_s4_sk4,512,3072,3072,77.1
cutlass_64x64_s4_sk8,512,3072,3072,93.8
cutlass_128x128_s3_sk2,512,3072,3072,66.3
cutlass_128x128_s3_sk4,512,3072,3072,68.5
cutlass_128x128_s3_sk8,512,3072,3072,96.3
cutlass_64x128_s4_sk2,512,3072,3072,64.4
cutlass_64x128_s4_sk4,512,3072,3072,69.6
cutlass_64x128_s4_sk8,512,3072,3072,85.6
cutlass_32x64_s4_sk4,512,3072,3072,96.5
cutlass_32x64_s4_sk8,512,3072,3072,109.6
cutlass_32x64_s4_sk16,512,3072,3072,259.0
cutlass_128x128_s4_sk2,512,3072,3072,64.8
cutlass_128x128_s4_sk4,512,3072,3072,68.5
cutlass_128x128_s4_sk8,512,3072,3072,94.3
cutlass_128x64_s4_sk2,512,3072,3072,62.1
cutlass_128x64_s4_sk4,512,3072,3072,70.3
cutlass_128x64_s4_sk8,512,3072,3072,86.0
cutlass_256x64_s4_sk2,512,3072,3072,67.8
cutlass_256x64_s4_sk4,512,3072,3072,72.1
cutlass_64x64_s4_sk16,512,3072,3072,262.7
cutlass_64x128_s4_sk16,512,3072,3072,255.4
cutlass_64x64_k64_s4,512,3072,3072,63.5
cutlass_64x64_k64_s3,512,3072,3072,77.6
cutlass_64x128_k64_s4,512,3072,3072,62.6
cutlass_64x128_k64_s3,512,3072,3072,61.0
cutlass_128x64_k64_s4,512,3072,3072,64.8
cutlass_128x64_k64_s3,512,3072,3072,64.4
cutlass_128x128_k64_s4,512,3072,3072,0.0
cutlass_128x128_k64_s3,512,3072,3072,42.7
cutlass_256x64_k64_s4,512,3072,3072,0.0
cutlass_256x64_k64_s3,512,3072,3072,0.0
cutlass_128x256_k64_s3,512,3072,3072,0.0
cutlass_32x64_k64_s4,512,3072,3072,91.7
cutlass_32x128_k64_s4,512,3072,3072,78.3
cutlass_64x64_k64_s4_sk2,512,3072,3072,75.2
cutlass_64x64_k64_s4_sk4,512,3072,3072,77.5
cutlass_64x64_k64_s4_sk8,512,3072,3072,94.0
cutlass_128x128_k64_s3_sk2,512,3072,3072,66.1
cutlass_128x128_k64_s3_sk4,512,3072,3072,67.5
cutlass_128x128_k64_s2,512,3072,3072,47.0
cutlass_64x64_k64_s2,512,3072,3072,62.2
cutlass_64x128_k64_s2,512,3072,3072,57.5
cutlass_128x64_k64_s2,512,3072,3072,58.5
cutlass_256x64_k64_s2,512,3072,3072,50.7
cutlass_256x128_s2,512,3072,3072,0.0
cutlass_64x64_s2,512,3072,3072,67.0
cutlass_64x128_s2,512,3072,3072,60.3
cutlass_128x64_s2,512,3072,3072,59.8
cutlass_128x128_s2,512,3072,3072,52.5
cutlass_128x256_s2,512,3072,3072,85.0
cutlass_256x64_s2,512,3072,3072,54.9
cublas,1024,3072,3072,96.2
cutlass_32x64_s4,1024,3072,3072,171.1
cutlass_32x64_s3,1024,3072,3072,195.8
cutlass_32x128_s4,1024,3072,3072,149.7
cutlass_32x128_s3,1024,3072,3072,146.8
cutlass_32x256_s3,1024,3072,3072,141.6
cutlass_64x64_s4,1024,3072,3072,124.4
cutlass_64x64_s3,1024,3072,3072,149.1
cutlass_64x128_s4,1024,3072,3072,107.2
cutlass_64x128_s3,1024,3072,3072,114.3
cutlass_128x64_s4,1024,3072,3072,113.8
cutlass_128x64_s3,1024,3072,3072,117.7
cutlass_128x128_s4,1024,3072,3072,101.3
cutlass_128x128_s3,1024,3072,3072,100.8
cutlass_128x256_s3,1024,3072,3072,84.8
cutlass_256x64_s4,1024,3072,3072,110.1
cutlass_256x64_s3,1024,3072,3072,114.9
cutlass_64x64_s4_sk2,1024,3072,3072,133.0
cutlass_64x64_s4_sk4,1024,3072,3072,145.5
cutlass_64x64_s4_sk8,1024,3072,3072,275.3
cutlass_128x128_s3_sk2,1024,3072,3072,108.1
cutlass_128x128_s3_sk4,1024,3072,3072,134.8
cutlass_128x128_s3_sk8,1024,3072,3072,280.7
cutlass_64x128_s4_sk2,1024,3072,3072,117.1
cutlass_64x128_s4_sk4,1024,3072,3072,129.0
cutlass_64x128_s4_sk8,1024,3072,3072,276.4
cutlass_32x64_s4_sk4,1024,3072,3072,185.6
cutlass_32x64_s4_sk8,1024,3072,3072,304.2
cutlass_32x64_s4_sk16,1024,3072,3072,648.4
cutlass_128x128_s4_sk2,1024,3072,3072,107.6
cutlass_128x128_s4_sk4,1024,3072,3072,133.3
cutlass_128x128_s4_sk8,1024,3072,3072,270.9
cutlass_128x64_s4_sk2,1024,3072,3072,116.5
cutlass_128x64_s4_sk4,1024,3072,3072,129.3
cutlass_128x64_s4_sk8,1024,3072,3072,274.9
cutlass_256x64_s4_sk2,1024,3072,3072,114.8
cutlass_256x64_s4_sk4,1024,3072,3072,141.0
cutlass_64x64_s4_sk16,1024,3072,3072,631.1
cutlass_64x128_s4_sk16,1024,3072,3072,629.1
cutlass_64x64_k64_s4,1024,3072,3072,125.7
cutlass_64x64_k64_s3,1024,3072,3072,120.8
cutlass_64x128_k64_s4,1024,3072,3072,99.7
cutlass_64x128_k64_s3,1024,3072,3072,99.2
cutlass_128x64_k64_s4,1024,3072,3072,99.6
cutlass_128x64_k64_s3,1024,3072,3072,97.9
cutlass_128x128_k64_s4,1024,3072,3072,0.0
cutlass_128x128_k64_s3,1024,3072,3072,100.3
cutlass_256x64_k64_s4,1024,3072,3072,0.0
cutlass_256x64_k64_s3,1024,3072,3072,0.0
cutlass_128x256_k64_s3,1024,3072,3072,0.0
cutlass_32x64_k64_s4,1024,3072,3072,183.8
cutlass_32x128_k64_s4,1024,3072,3072,158.6
cutlass_64x64_k64_s4_sk2,1024,3072,3072,138.6
cutlass_64x64_k64_s4_sk4,1024,3072,3072,150.8
cutlass_64x64_k64_s4_sk8,1024,3072,3072,295.0
cutlass_128x128_k64_s3_sk2,1024,3072,3072,104.6
cutlass_128x128_k64_s3_sk4,1024,3072,3072,127.5
cutlass_128x128_k64_s2,1024,3072,3072,106.7
cutlass_64x64_k64_s2,1024,3072,3072,123.5
cutlass_64x128_k64_s2,1024,3072,3072,116.4
cutlass_128x64_k64_s2,1024,3072,3072,108.5
cutlass_256x64_k64_s2,1024,3072,3072,118.4
cutlass_256x128_s2,1024,3072,3072,0.0
cutlass_64x64_s2,1024,3072,3072,150.5
cutlass_64x128_s2,1024,3072,3072,106.3
cutlass_128x64_s2,1024,3072,3072,106.4
cutlass_128x128_s2,1024,3072,3072,118.5
cutlass_128x256_s2,1024,3072,3072,87.5
cutlass_256x64_s2,1024,3072,3072,124.1
cublas,2048,3072,3072,185.5
cutlass_32x64_s4,2048,3072,3072,351.7
cutlass_32x64_s3,2048,3072,3072,358.8
cutlass_32x128_s4,2048,3072,3072,299.9
cutlass_32x128_s3,2048,3072,3072,299.7
cutlass_32x256_s3,2048,3072,3072,285.9
cutlass_64x64_s4,2048,3072,3072,241.9
cutlass_64x64_s3,2048,3072,3072,246.4
cutlass_64x128_s4,2048,3072,3072,185.3
cutlass_64x128_s3,2048,3072,3072,194.9
cutlass_128x64_s4,2048,3072,3072,189.4
cutlass_128x64_s3,2048,3072,3072,193.9
cutlass_128x128_s4,2048,3072,3072,155.5
cutlass_128x128_s3,2048,3072,3072,154.3
cutlass_128x256_s3,2048,3072,3072,188.3
cutlass_256x64_s4,2048,3072,3072,173.0
cutlass_256x64_s3,2048,3072,3072,173.6
cutlass_64x64_s4_sk2,2048,3072,3072,267.1
cutlass_64x64_s4_sk4,2048,3072,3072,370.1
cutlass_64x64_s4_sk8,2048,3072,3072,684.6
cutlass_128x128_s3_sk2,2048,3072,3072,218.1
cutlass_128x128_s3_sk4,2048,3072,3072,368.0
cutlass_128x128_s3_sk8,2048,3072,3072,704.9
cutlass_64x128_s4_sk2,2048,3072,3072,220.2
cutlass_64x128_s4_sk4,2048,3072,3072,332.1
cutlass_64x128_s4_sk8,2048,3072,3072,652.1
cutlass_32x64_s4_sk4,2048,3072,3072,441.3
cutlass_32x64_s4_sk8,2048,3072,3072,734.2
cutlass_32x64_s4_sk16,2048,3072,3072,1282.3
cutlass_128x128_s4_sk2,2048,3072,3072,214.8
cutlass_128x128_s4_sk4,2048,3072,3072,339.7
cutlass_128x128_s4_sk8,2048,3072,3072,658.0
cutlass_128x64_s4_sk2,2048,3072,3072,222.8
cutlass_128x64_s4_sk4,2048,3072,3072,339.3
cutlass_128x64_s4_sk8,2048,3072,3072,655.4
cutlass_256x64_s4_sk2,2048,3072,3072,229.8
cutlass_256x64_s4_sk4,2048,3072,3072,362.8
cutlass_64x64_s4_sk16,2048,3072,3072,1269.8
cutlass_64x128_s4_sk16,2048,3072,3072,1268.4
cutlass_64x64_k64_s4,2048,3072,3072,236.4
cutlass_64x64_k64_s3,2048,3072,3072,236.6
cutlass_64x128_k64_s4,2048,3072,3072,194.5
cutlass_64x128_k64_s3,2048,3072,3072,194.2
cutlass_128x64_k64_s4,2048,3072,3072,194.1
cutlass_128x64_k64_s3,2048,3072,3072,192.0
cutlass_128x128_k64_s4,2048,3072,3072,0.0
cutlass_128x128_k64_s3,2048,3072,3072,158.3
cutlass_256x64_k64_s4,2048,3072,3072,0.0
cutlass_256x64_k64_s3,2048,3072,3072,0.0
cutlass_128x256_k64_s3,2048,3072,3072,0.0
cutlass_32x64_k64_s4,2048,3072,3072,361.0
cutlass_32x128_k64_s4,2048,3072,3072,307.6
cutlass_64x64_k64_s4_sk2,2048,3072,3072,265.2
cutlass_64x64_k64_s4_sk4,2048,3072,3072,390.3
cutlass_64x64_k64_s4_sk8,2048,3072,3072,714.2
cutlass_128x128_k64_s3_sk2,2048,3072,3072,202.8
cutlass_128x128_k64_s3_sk4,2048,3072,3072,317.9
cutlass_128x128_k64_s2,2048,3072,3072,171.3
cutlass_64x64_k64_s2,2048,3072,3072,243.1
cutlass_64x128_k64_s2,2048,3072,3072,185.7
cutlass_128x64_k64_s2,2048,3072,3072,188.7
cutlass_256x64_k64_s2,2048,3072,3072,184.0
cutlass_256x128_s2,2048,3072,3072,0.0
cutlass_64x64_s2,2048,3072,3072,248.8
cutlass_64x128_s2,2048,3072,3072,196.0
cutlass_128x64_s2,2048,3072,3072,199.3
cutlass_128x128_s2,2048,3072,3072,176.3
cutlass_128x256_s2,2048,3072,3072,191.6
cutlass_256x64_s2,2048,3072,3072,188.0
cublas,4096,3072,3072,278.9
cutlass_32x64_s4,4096,3072,3072,753.2
cutlass_32x64_s3,4096,3072,3072,723.9
cutlass_32x128_s4,4096,3072,3072,616.8
cutlass_32x128_s3,4096,3072,3072,607.1
cutlass_32x256_s3,4096,3072,3072,561.2
cutlass_64x64_s4,4096,3072,3072,475.3
cutlass_64x64_s3,4096,3072,3072,481.4
cutlass_64x128_s4,4096,3072,3072,366.5
cutlass_64x128_s3,4096,3072,3072,382.3
cutlass_128x64_s4,4096,3072,3072,354.9
cutlass_128x64_s3,4096,3072,3072,374.6
cutlass_128x128_s4,4096,3072,3072,305.3
cutlass_128x128_s3,4096,3072,3072,304.1
cutlass_128x256_s3,4096,3072,3072,300.5
cutlass_256x64_s4,4096,3072,3072,335.1
cutlass_256x64_s3,4096,3072,3072,337.0
cutlass_64x64_s4_sk2,4096,3072,3072,628.8
cutlass_64x64_s4_sk4,4096,3072,3072,842.4
cutlass_64x64_s4_sk8,4096,3072,3072,1365.5
cutlass_128x128_s3_sk2,4096,3072,3072,554.6
cutlass_128x128_s3_sk4,4096,3072,3072,862.1
cutlass_128x128_s3_sk8,4096,3072,3072,1417.2
cutlass_64x128_s4_sk2,4096,3072,3072,535.1
cutlass_64x128_s4_sk4,4096,3072,3072,782.0
cutlass_64x128_s4_sk8,4096,3072,3072,1325.1
cutlass_32x64_s4_sk4,4096,3072,3072,1009.2
cutlass_32x64_s4_sk8,4096,3072,3072,1459.1
cutlass_32x64_s4_sk16,4096,3072,3072,2528.5
cutlass_128x128_s4_sk2,4096,3072,3072,515.3
cutlass_128x128_s4_sk4,4096,3072,3072,805.8
cutlass_128x128_s4_sk8,4096,3072,3072,1334.1
cutlass_128x64_s4_sk2,4096,3072,3072,538.1
cutlass_128x64_s4_sk4,4096,3072,3072,786.1
cutlass_128x64_s4_sk8,4096,3072,3072,1317.8
cutlass_256x64_s4_sk2,4096,3072,3072,551.5
cutlass_256x64_s4_sk4,4096,3072,3072,840.5
cutlass_64x64_s4_sk16,4096,3072,3072,2518.5
cutlass_64x128_s4_sk16,4096,3072,3072,2515.9
cutlass_64x64_k64_s4,4096,3072,3072,470.4
cutlass_64x64_k64_s3,4096,3072,3072,463.0
cutlass_64x128_k64_s4,4096,3072,3072,375.8
cutlass_64x128_k64_s3,4096,3072,3072,377.6
cutlass_128x64_k64_s4,4096,3072,3072,359.5
cutlass_128x64_k64_s3,4096,3072,3072,363.0
cutlass_128x128_k64_s4,4096,3072,3072,0.0
cutlass_128x128_k64_s3,4096,3072,3072,314.9
cutlass_256x64_k64_s4,4096,3072,3072,0.0
cutlass_256x64_k64_s3,4096,3072,3072,0.0
cutlass_128x256_k64_s3,4096,3072,3072,0.0
cutlass_32x64_k64_s4,4096,3072,3072,768.9
cutlass_32x128_k64_s4,4096,3072,3072,615.3
cutlass_64x64_k64_s4_sk2,4096,3072,3072,623.2
cutlass_64x64_k64_s4_sk4,4096,3072,3072,888.1
cutlass_64x64_k64_s4_sk8,4096,3072,3072,1437.4
cutlass_128x128_k64_s3_sk2,4096,3072,3072,487.1
cutlass_128x128_k64_s3_sk4,4096,3072,3072,763.4
cutlass_128x128_k64_s2,4096,3072,3072,353.7
cutlass_64x64_k64_s2,4096,3072,3072,497.1
cutlass_64x128_k64_s2,4096,3072,3072,389.5
cutlass_128x64_k64_s2,4096,3072,3072,374.5
cutlass_256x64_k64_s2,4096,3072,3072,347.0
cutlass_256x128_s2,4096,3072,3072,0.0
cutlass_64x64_s2,4096,3072,3072,510.3
cutlass_64x128_s2,4096,3072,3072,393.4
cutlass_128x64_s2,4096,3072,3072,373.5
cutlass_128x128_s2,4096,3072,3072,369.9
cutlass_128x256_s2,4096,3072,3072,305.4
cutlass_256x64_s2,4096,3072,3072,376.4
cublas,1,4608,3072,14.3
cutlass_32x64_s4,1,4608,3072,16.1
cutlass_32x64_s3,1,4608,3072,15.8
cutlass_32x128_s4,1,4608,3072,26.1
cutlass_32x128_s3,1,4608,3072,26.1
cutlass_32x256_s3,1,4608,3072,27.8
cutlass_64x64_s4,1,4608,3072,14.7
cutlass_64x64_s3,1,4608,3072,14.6
cutlass_64x128_s4,1,4608,3072,23.6
cutlass_64x128_s3,1,4608,3072,23.6
cutlass_128x64_s4,1,4608,3072,23.8
cutlass_128x64_s3,1,4608,3072,23.8
cutlass_128x128_s4,1,4608,3072,45.8
cutlass_128x128_s3,1,4608,3072,45.8
cutlass_128x256_s3,1,4608,3072,92.5
cutlass_256x64_s4,1,4608,3072,44.0
cutlass_256x64_s3,1,4608,3072,44.0
cutlass_64x64_s4_sk2,1,4608,3072,14.8
cutlass_64x64_s4_sk4,1,4608,3072,12.8
cutlass_64x64_s4_sk8,1,4608,3072,11.9
cutlass_128x128_s3_sk2,1,4608,3072,24.0
cutlass_128x128_s3_sk4,1,4608,3072,27.0
cutlass_128x128_s3_sk8,1,4608,3072,24.1
cutlass_64x128_s4_sk2,1,4608,3072,13.1
cutlass_64x128_s4_sk4,1,4608,3072,15.4
cutlass_64x128_s4_sk8,1,4608,3072,12.8
cutlass_32x64_s4_sk4,1,4608,3072,8.7
cutlass_32x64_s4_sk8,1,4608,3072,9.7
cutlass_32x64_s4_sk16,1,4608,3072,10.1
cutlass_128x128_s4_sk2,1,4608,3072,23.7
cutlass_128x128_s4_sk4,1,4608,3072,27.4
cutlass_128x128_s4_sk8,1,4608,3072,24.1
cutlass_128x64_s4_sk2,1,4608,3072,26.0
cutlass_128x64_s4_sk4,1,4608,3072,20.8
cutlass_128x64_s4_sk8,1,4608,3072,19.4
cutlass_256x64_s4_sk2,1,4608,3072,48.8
cutlass_256x64_s4_sk4,1,4608,3072,40.1
cutlass_64x64_s4_sk16,1,4608,3072,13.3
cutlass_64x128_s4_sk16,1,4608,3072,13.1
cutlass_64x64_k64_s4,1,4608,3072,11.0
cutlass_64x64_k64_s3,1,4608,3072,10.6
cutlass_64x128_k64_s4,1,4608,3072,21.5
cutlass_64x128_k64_s3,1,4608,3072,21.2
cutlass_128x64_k64_s4,1,4608,3072,21.3
cutlass_128x64_k64_s3,1,4608,3072,21.3
cutlass_128x128_k64_s4,1,4608,3072,0.0
cutlass_128x128_k64_s3,1,4608,3072,42.2
cutlass_256x64_k64_s4,1,4608,3072,0.0
cutlass_256x64_k64_s3,1,4608,3072,0.0
cutlass_128x256_k64_s3,1,4608,3072,0.0
cutlass_32x64_k64_s4,1,4608,3072,12.5
cutlass_32x128_k64_s4,1,4608,3072,20.9
cutlass_64x64_k64_s4_sk2,1,4608,3072,16.9
cutlass_64x64_k64_s4_sk4,1,4608,3072,14.7
cutlass_64x64_k64_s4_sk8,1,4608,3072,14.3
cutlass_128x128_k64_s3_sk2,1,4608,3072,23.5
cutlass_128x128_k64_s3_sk4,1,4608,3072,27.3
cutlass_128x128_k64_s2,1,4608,3072,43.8
cutlass_64x64_k64_s2,1,4608,3072,17.5
cutlass_64x128_k64_s2,1,4608,3072,26.7
cutlass_128x64_k64_s2,1,4608,3072,27.1
cutlass_256x64_k64_s2,1,4608,3072,47.2
cutlass_256x128_s2,1,4608,3072,0.0
cutlass_64x64_s2,1,4608,3072,25.9
cutlass_64x128_s2,1,4608,3072,34.9
cutlass_128x64_s2,1,4608,3072,32.3
cutlass_128x128_s2,1,4608,3072,50.9
cutlass_128x256_s2,1,4608,3072,82.7
cutlass_256x64_s2,1,4608,3072,51.6
cutlass_gemv,1,4608,3072,6.8
cublas,2,4608,3072,13.1
cutlass_32x64_s4,2,4608,3072,13.5
cutlass_32x64_s3,2,4608,3072,13.3
cutlass_32x128_s4,2,4608,3072,22.1
cutlass_32x128_s3,2,4608,3072,22.1
cutlass_32x256_s3,2,4608,3072,23.8
cutlass_64x64_s4,2,4608,3072,12.8
cutlass_64x64_s3,2,4608,3072,12.8
cutlass_64x128_s4,2,4608,3072,20.7
cutlass_64x128_s3,2,4608,3072,20.7
cutlass_128x64_s4,2,4608,3072,20.9
cutlass_128x64_s3,2,4608,3072,21.0
cutlass_128x128_s4,2,4608,3072,40.4
cutlass_128x128_s3,2,4608,3072,40.4
cutlass_128x256_s3,2,4608,3072,81.7
cutlass_256x64_s4,2,4608,3072,41.5
cutlass_256x64_s3,2,4608,3072,41.6
cutlass_64x64_s4_sk2,2,4608,3072,14.7
cutlass_64x64_s4_sk4,2,4608,3072,12.5
cutlass_64x64_s4_sk8,2,4608,3072,12.4
cutlass_128x128_s3_sk2,2,4608,3072,22.7
cutlass_128x128_s3_sk4,2,4608,3072,27.3
cutlass_128x128_s3_sk8,2,4608,3072,24.7
cutlass_64x128_s4_sk2,2,4608,3072,12.4
cutlass_64x128_s4_sk4,2,4608,3072,14.9
cutlass_64x128_s4_sk8,2,4608,3072,13.0
cutlass_32x64_s4_sk4,2,4608,3072,8.9
cutlass_32x64_s4_sk8,2,4608,3072,9.6
cutlass_32x64_s4_sk16,2,4608,3072,10.6
cutlass_128x128_s4_sk2,2,4608,3072,22.5
cutlass_128x128_s4_sk4,2,4608,3072,27.1
cutlass_128x128_s4_sk8,2,4608,3072,24.4
cutlass_128x64_s4_sk2,2,4608,3072,26.0
cutlass_128x64_s4_sk4,2,4608,3072,21.2
cutlass_128x64_s4_sk8,2,4608,3072,19.8
cutlass_256x64_s4_sk2,2,4608,3072,50.0
cutlass_256x64_s4_sk4,2,4608,3072,40.8
cutlass_64x64_s4_sk16,2,4608,3072,13.8
cutlass_64x128_s4_sk16,2,4608,3072,13.3
cutlass_64x64_k64_s4,2,4608,3072,10.7
cutlass_64x64_k64_s3,2,4608,3072,10.3
cutlass_64x128_k64_s4,2,4608,3072,20.9
cutlass_64x128_k64_s3,2,4608,3072,20.9
cutlass_128x64_k64_s4,2,4608,3072,21.1
cutlass_128x64_k64_s3,2,4608,3072,21.0
cutlass_128x128_k64_s4,2,4608,3072,0.0
cutlass_128x128_k64_s3,2,4608,3072,41.6
cutlass_256x64_k64_s4,2,4608,3072,0.0
cutlass_256x64_k64_s3,2,4608,3072,0.0
cutlass_128x256_k64_s3,2,4608,3072,0.0
cutlass_32x64_k64_s4,2,4608,3072,12.3
cutlass_32x128_k64_s4,2,4608,3072,20.6
cutlass_64x64_k64_s4_sk2,2,4608,3072,16.7
cutlass_64x64_k64_s4_sk4,2,4608,3072,14.7
cutlass_64x64_k64_s4_sk8,2,4608,3072,14.5
cutlass_128x128_k64_s3_sk2,2,4608,3072,23.3
cutlass_128x128_k64_s3_sk4,2,4608,3072,27.5
cutlass_128x128_k64_s2,2,4608,3072,43.2
cutlass_64x64_k64_s2,2,4608,3072,17.2
cutlass_64x128_k64_s2,2,4608,3072,26.5
cutlass_128x64_k64_s2,2,4608,3072,27.0
cutlass_256x64_k64_s2,2,4608,3072,46.9
cutlass_256x128_s2,2,4608,3072,0.0
cutlass_64x64_s2,2,4608,3072,25.7
cutlass_64x128_s2,2,4608,3072,34.9
cutlass_128x64_s2,2,4608,3072,32.0
cutlass_128x128_s2,2,4608,3072,50.6
cutlass_128x256_s2,2,4608,3072,82.4
cutlass_256x64_s2,2,4608,3072,51.6
cublas,4,4608,3072,13.5
cutlass_32x64_s4,4,4608,3072,13.5
cutlass_32x64_s3,4,4608,3072,13.3
cutlass_32x128_s4,4,4608,3072,22.1
cutlass_32x128_s3,4,4608,3072,22.1
cutlass_32x256_s3,4,4608,3072,23.8
cutlass_64x64_s4,4,4608,3072,12.8
cutlass_64x64_s3,4,4608,3072,12.8
cutlass_64x128_s4,4,4608,3072,20.7
cutlass_64x128_s3,4,4608,3072,20.7
cutlass_128x64_s4,4,4608,3072,20.9
cutlass_128x64_s3,4,4608,3072,21.0
cutlass_128x128_s4,4,4608,3072,40.4
cutlass_128x128_s3,4,4608,3072,40.4
cutlass_128x256_s3,4,4608,3072,81.7
cutlass_256x64_s4,4,4608,3072,41.5
cutlass_256x64_s3,4,4608,3072,41.5
cutlass_64x64_s4_sk2,4,4608,3072,15.0
cutlass_64x64_s4_sk4,4,4608,3072,13.0
cutlass_64x64_s4_sk8,4,4608,3072,12.8
cutlass_128x128_s3_sk2,4,4608,3072,22.6
cutlass_128x128_s3_sk4,4,4608,3072,27.4
cutlass_128x128_s3_sk8,4,4608,3072,25.2
cutlass_64x128_s4_sk2,4,4608,3072,12.4
cutlass_64x128_s4_sk4,4,4608,3072,15.1
cutlass_64x128_s4_sk8,4,4608,3072,13.2
cutlass_32x64_s4_sk4,4,4608,3072,9.0
cutlass_32x64_s4_sk8,4,4608,3072,10.1
cutlass_32x64_s4_sk16,4,4608,3072,10.9
cutlass_128x128_s4_sk2,4,4608,3072,22.5
cutlass_128x128_s4_sk4,4,4608,3072,27.4
cutlass_128x128_s4_sk8,4,4608,3072,24.6
cutlass_128x64_s4_sk2,4,4608,3072,26.1
cutlass_128x64_s4_sk4,4,4608,3072,21.5
cutlass_128x64_s4_sk8,4,4608,3072,20.0
cutlass_256x64_s4_sk2,4,4608,3072,50.4
cutlass_256x64_s4_sk4,4,4608,3072,41.6
cutlass_64x64_s4_sk16,4,4608,3072,14.3
cutlass_64x128_s4_sk16,4,4608,3072,13.7
cutlass_64x64_k64_s4,4,4608,3072,10.8
cutlass_64x64_k64_s3,4,4608,3072,10.4
cutlass_64x128_k64_s4,4,4608,3072,21.0
cutlass_64x128_k64_s3,4,4608,3072,20.9
cutlass_128x64_k64_s4,4,4608,3072,21.1
cutlass_128x64_k64_s3,4,4608,3072,21.1
cutlass_128x128_k64_s4,4,4608,3072,0.0
cutlass_128x128_k64_s3,4,4608,3072,41.6
cutlass_256x64_k64_s4,4,4608,3072,0.0
cutlass_256x64_k64_s3,4,4608,3072,0.0
cutlass_128x256_k64_s3,4,4608,3072,0.0
cutlass_32x64_k64_s4,4,4608,3072,12.3
cutlass_32x128_k64_s4,4,4608,3072,20.7
cutlass_64x64_k64_s4_sk2,4,4608,3072,16.8
cutlass_64x64_k64_s4_sk4,4,4608,3072,14.9
cutlass_64x64_k64_s4_sk8,4,4608,3072,14.8
cutlass_128x128_k64_s3_sk2,4,4608,3072,23.3
cutlass_128x128_k64_s3_sk4,4,4608,3072,27.7
cutlass_128x128_k64_s2,4,4608,3072,43.3
cutlass_64x64_k64_s2,4,4608,3072,17.2
cutlass_64x128_k64_s2,4,4608,3072,26.5
cutlass_128x64_k64_s2,4,4608,3072,27.0
cutlass_256x64_k64_s2,4,4608,3072,46.9
cutlass_256x128_s2,4,4608,3072,0.0
cutlass_64x64_s2,4,4608,3072,25.8
cutlass_64x128_s2,4,4608,3072,34.9
cutlass_128x64_s2,4,4608,3072,32.1
cutlass_128x128_s2,4,4608,3072,50.6
cutlass_128x256_s2,4,4608,3072,82.3
cutlass_256x64_s2,4,4608,3072,51.5
cublas,8,4608,3072,14.6
cutlass_32x64_s4,8,4608,3072,13.6
cutlass_32x64_s3,8,4608,3072,13.3
cutlass_32x128_s4,8,4608,3072,22.1
cutlass_32x128_s3,8,4608,3072,22.2
cutlass_32x256_s3,8,4608,3072,23.8
cutlass_64x64_s4,8,4608,3072,12.8
cutlass_64x64_s3,8,4608,3072,12.9
cutlass_64x128_s4,8,4608,3072,20.7
cutlass_64x128_s3,8,4608,3072,20.7
cutlass_128x64_s4,8,4608,3072,20.9
cutlass_128x64_s3,8,4608,3072,20.9
cutlass_128x128_s4,8,4608,3072,40.4
cutlass_128x128_s3,8,4608,3072,40.4
cutlass_128x256_s3,8,4608,3072,81.7
cutlass_256x64_s4,8,4608,3072,41.6
cutlass_256x64_s3,8,4608,3072,41.6
cutlass_64x64_s4_sk2,8,4608,3072,15.1
cutlass_64x64_s4_sk4,8,4608,3072,13.2
cutlass_64x64_s4_sk8,8,4608,3072,13.0
cutlass_128x128_s3_sk2,8,4608,3072,22.7
cutlass_128x128_s3_sk4,8,4608,3072,27.6
cutlass_128x128_s3_sk8,8,4608,3072,25.3
cutlass_64x128_s4_sk2,8,4608,3072,12.4
cutlass_64x128_s4_sk4,8,4608,3072,15.3
cutlass_64x128_s4_sk8,8,4608,3072,13.6
cutlass_32x64_s4_sk4,8,4608,3072,9.2
cutlass_32x64_s4_sk8,8,4608,3072,10.3
cutlass_32x64_s4_sk16,8,4608,3072,11.3
cutlass_128x128_s4_sk2,8,4608,3072,22.6
cutlass_128x128_s4_sk4,8,4608,3072,27.3
cutlass_128x128_s4_sk8,8,4608,3072,24.9
cutlass_128x64_s4_sk2,8,4608,3072,26.1
cutlass_128x64_s4_sk4,8,4608,3072,21.6
cutlass_128x64_s4_sk8,8,4608,3072,20.1
cutlass_256x64_s4_sk2,8,4608,3072,50.4
cutlass_256x64_s4_sk4,8,4608,3072,41.9
cutlass_64x64_s4_sk16,8,4608,3072,14.6
cutlass_64x128_s4_sk16,8,4608,3072,14.2
cutlass_64x64_k64_s4,8,4608,3072,10.8
cutlass_64x64_k64_s3,8,4608,3072,10.4
cutlass_64x128_k64_s4,8,4608,3072,20.8
cutlass_64x128_k64_s3,8,4608,3072,20.8
cutlass_128x64_k64_s4,8,4608,3072,21.0
cutlass_128x64_k64_s3,8,4608,3072,21.0
cutlass_128x128_k64_s4,8,4608,3072,0.0
cutlass_128x128_k64_s3,8,4608,3072,41.4
cutlass_256x64_k64_s4,8,4608,3072,0.0
cutlass_256x64_k64_s3,8,4608,3072,0.0
cutlass_128x256_k64_s3,8,4608,3072,0.0
cutlass_32x64_k64_s4,8,4608,3072,12.3
cutlass_32x128_k64_s4,8,4608,3072,20.6
cutlass_64x64_k64_s4_sk2,8,4608,3072,16.8
cutlass_64x64_k64_s4_sk4,8,4608,3072,15.1
cutlass_64x64_k64_s4_sk8,8,4608,3072,14.9
cutlass_128x128_k64_s3_sk2,8,4608,3072,23.2
cutlass_128x128_k64_s3_sk4,8,4608,3072,27.7
cutlass_128x128_k64_s2,8,4608,3072,43.3
cutlass_64x64_k64_s2,8,4608,3072,17.3
cutlass_64x128_k64_s2,8,4608,3072,26.4
cutlass_128x64_k64_s2,8,4608,3072,26.8
cutlass_256x64_k64_s2,8,4608,3072,46.6
cutlass_256x128_s2,8,4608,3072,0.0
cutlass_64x64_s2,8,4608,3072,25.7
cutlass_64x128_s2,8,4608,3072,35.0
cutlass_128x64_s2,8,4608,3072,31.9
cutlass_128x128_s2,8,4608,3072,50.3
cutlass_128x256_s2,8,4608,3072,81.8
cutlass_256x64_s2,8,4608,3072,51.2
cublas,16,4608,3072,15.6
cutlass_32x64_s4,16,4608,3072,13.5
cutlass_32x64_s3,16,4608,3072,13.3
cutlass_32x128_s4,16,4608,3072,22.0
cutlass_32x128_s3,16,4608,3072,22.0
cutlass_32x256_s3,16,4608,3072,23.7
cutlass_64x64_s4,16,4608,3072,12.8
cutlass_64x64_s3,16,4608,3072,12.9
cutlass_64x128_s4,16,4608,3072,20.7
cutlass_64x128_s3,16,4608,3072,20.6
cutlass_128x64_s4,16,4608,3072,20.8
cutlass_128x64_s3,16,4608,3072,20.8
cutlass_128x128_s4,16,4608,3072,40.2
cutlass_128x128_s3,16,4608,3072,40.1
cutlass_128x256_s3,16,4608,3072,81.3
cutlass_256x64_s4,16,4608,3072,41.3
cutlass_256x64_s3,16,4608,3072,41.3
cutlass_64x64_s4_sk2,16,4608,3072,15.4
cutlass_64x64_s4_sk4,16,4608,3072,13.9
cutlass_64x64_s4_sk8,16,4608,3072,13.4
cutlass_128x128_s3_sk2,16,4608,3072,22.8
cutlass_128x128_s3_sk4,16,4608,3072,28.0
cutlass_128x128_s3_sk8,16,4608,3072,25.5
cutlass_64x128_s4_sk2,16,4608,3072,12.5
cutlass_64x128_s4_sk4,16,4608,3072,15.4
cutlass_64x128_s4_sk8,16,4608,3072,13.9
cutlass_32x64_s4_sk4,16,4608,3072,9.7
cutlass_32x64_s4_sk8,16,4608,3072,10.9
cutlass_32x64_s4_sk16,16,4608,3072,12.3
cutlass_128x128_s4_sk2,16,4608,3072,22.7
cutlass_128x128_s4_sk4,16,4608,3072,27.8
cutlass_128x128_s4_sk8,16,4608,3072,25.5
cutlass_128x64_s4_sk2,16,4608,3072,26.5
cutlass_128x64_s4_sk4,16,4608,3072,21.8
cutlass_128x64_s4_sk8,16,4608,3072,20.5
cutlass_256x64_s4_sk2,16,4608,3072,50.3
cutlass_256x64_s4_sk4,16,4608,3072,42.1
cutlass_64x64_s4_sk16,16,4608,3072,15.3
cutlass_64x128_s4_sk16,16,4608,3072,14.9
cutlass_64x64_k64_s4,16,4608,3072,10.8
cutlass_64x64_k64_s3,16,4608,3072,10.5
cutlass_64x128_k64_s4,16,4608,3072,20.9
cutlass_64x128_k64_s3,16,4608,3072,20.8
cutlass_128x64_k64_s4,16,4608,3072,21.1
cutlass_128x64_k64_s3,16,4608,3072,21.0
cutlass_128x128_k64_s4,16,4608,3072,0.0
cutlass_128x128_k64_s3,16,4608,3072,41.5
cutlass_256x64_k64_s4,16,4608,3072,0.0
cutlass_256x64_k64_s3,16,4608,3072,0.0
cutlass_128x256_k64_s3,16,4608,3072,0.0
cutlass_32x64_k64_s4,16,4608,3072,12.4
cutlass_32x128_k64_s4,16,4608,3072,20.6
cutlass_64x64_k64_s4_sk2,16,4608,3072,17.1
cutlass_64x64_k64_s4_sk4,16,4608,3072,15.5
cutlass_64x64_k64_s4_sk8,16,4608,3072,15.5
cutlass_128x128_k64_s3_sk2,16,4608,3072,23.5
cutlass_128x128_k64_s3_sk4,16,4608,3072,28.0
cutlass_128x128_k64_s2,16,4608,3072,43.4
cutlass_64x64_k64_s2,16,4608,3072,17.9
cutlass_64x128_k64_s2,16,4608,3072,26.7
cutlass_128x64_k64_s2,16,4608,3072,26.8
cutlass_256x64_k64_s2,16,4608,3072,46.6
cutlass_256x128_s2,16,4608,3072,0.0
cutlass_64x64_s2,16,4608,3072,26.1
cutlass_64x128_s2,16,4608,3072,35.7
cutlass_128x64_s2,16,4608,3072,32.0
cutlass_128x128_s2,16,4608,3072,50.3
cutlass_128x256_s2,16,4608,3072,81.6
cutlass_256x64_s2,16,4608,3072,51.2
cublas,32,4608,3072,19.9
cutlass_32x64_s4,32,4608,3072,13.7
cutlass_32x64_s3,32,4608,3072,13.8
cutlass_32x128_s4,32,4608,3072,22.0
cutlass_32x128_s3,32,4608,3072,22.0
cutlass_32x256_s3,32,4608,3072,23.7
cutlass_64x64_s4,32,4608,3072,13.1
cutlass_64x64_s3,32,4608,3072,13.7
cutlass_64x128_s4,32,4608,3072,20.7
cutlass_64x128_s3,32,4608,3072,20.7
cutlass_128x64_s4,32,4608,3072,20.9
cutlass_128x64_s3,32,4608,3072,20.9
cutlass_128x128_s4,32,4608,3072,40.2
cutlass_128x128_s3,32,4608,3072,40.3
cutlass_128x256_s3,32,4608,3072,81.2
cutlass_256x64_s4,32,4608,3072,41.5
cutlass_256x64_s3,32,4608,3072,41.4
cutlass_64x64_s4_sk2,32,4608,3072,15.4
cutlass_64x64_s4_sk4,32,4608,3072,14.9
cutlass_64x64_s4_sk8,32,4608,3072,15.6
cutlass_128x128_s3_sk2,32,4608,3072,23.4
cutlass_128x128_s3_sk4,32,4608,3072,29.0
cutlass_128x128_s3_sk8,32,4608,3072,27.1
cutlass_64x128_s4_sk2,32,4608,3072,12.8
cutlass_64x128_s4_sk4,32,4608,3072,16.1
cutlass_64x128_s4_sk8,32,4608,3072,15.5
cutlass_32x64_s4_sk4,32,4608,3072,11.6
cutlass_32x64_s4_sk8,32,4608,3072,13.6
cutlass_32x64_s4_sk16,32,4608,3072,16.5
cutlass_128x128_s4_sk2,32,4608,3072,23.4
cutlass_128x128_s4_sk4,32,4608,3072,29.1
cutlass_128x128_s4_sk8,32,4608,3072,27.0
cutlass_128x64_s4_sk2,32,4608,3072,27.1
cutlass_128x64_s4_sk4,32,4608,3072,22.8
cutlass_128x64_s4_sk8,32,4608,3072,21.8
cutlass_256x64_s4_sk2,32,4608,3072,50.7
cutlass_256x64_s4_sk4,32,4608,3072,42.7
cutlass_64x64_s4_sk16,32,4608,3072,18.4
cutlass_64x128_s4_sk16,32,4608,3072,17.2
cutlass_64x64_k64_s4,32,4608,3072,11.1
cutlass_64x64_k64_s3,32,4608,3072,11.7
cutlass_64x128_k64_s4,32,4608,3072,21.0
cutlass_64x128_k64_s3,32,4608,3072,20.9
cutlass_128x64_k64_s4,32,4608,3072,21.1
cutlass_128x64_k64_s3,32,4608,3072,21.1
cutlass_128x128_k64_s4,32,4608,3072,0.0
cutlass_128x128_k64_s3,32,4608,3072,41.5
cutlass_256x64_k64_s4,32,4608,3072,0.0
cutlass_256x64_k64_s3,32,4608,3072,0.0
cutlass_128x256_k64_s3,32,4608,3072,0.0
cutlass_32x64_k64_s4,32,4608,3072,12.6
cutlass_32x128_k64_s4,32,4608,3072,20.7
cutlass_64x64_k64_s4_sk2,32,4608,3072,17.7
cutlass_64x64_k64_s4_sk4,32,4608,3072,16.1
cutlass_64x64_k64_s4_sk8,32,4608,3072,17.1
cutlass_128x128_k64_s3_sk2,32,4608,3072,24.2
cutlass_128x128_k64_s3_sk4,32,4608,3072,29.0
cutlass_128x128_k64_s2,32,4608,3072,43.4
cutlass_64x64_k64_s2,32,4608,3072,19.3
cutlass_64x128_k64_s2,32,4608,3072,27.2
cutlass_128x64_k64_s2,32,4608,3072,27.0
cutlass_256x64_k64_s2,32,4608,3072,46.6
cutlass_256x128_s2,32,4608,3072,0.0
cutlass_64x64_s2,32,4608,3072,27.5
cutlass_64x128_s2,32,4608,3072,37.4
cutlass_128x64_s2,32,4608,3072,32.5
cutlass_128x128_s2,32,4608,3072,50.3
cutlass_128x256_s2,32,4608,3072,81.6
cutlass_256x64_s2,32,4608,3072,51.2
cublas,64,4608,3072,13.8
cutlass_32x64_s4,64,4608,3072,19.6
cutlass_32x64_s3,64,4608,3072,20.5
cutlass_32x128_s4,64,4608,3072,22.3
cutlass_32x128_s3,64,4608,3072,22.2
cutlass_32x256_s3,64,4608,3072,23.8
cutlass_64x64_s4,64,4608,3072,15.2
cutlass_64x64_s3,64,4608,3072,16.1
cutlass_64x128_s4,64,4608,3072,20.8
cutlass_64x128_s3,64,4608,3072,20.7
cutlass_128x64_s4,64,4608,3072,21.1
cutlass_128x64_s3,64,4608,3072,21.0
cutlass_128x128_s4,64,4608,3072,40.3
cutlass_128x128_s3,64,4608,3072,40.3
cutlass_128x256_s3,64,4608,3072,81.2
cutlass_256x64_s4,64,4608,3072,41.5
cutlass_256x64_s3,64,4608,3072,41.4
cutlass_64x64_s4_sk2,64,4608,3072,17.6
cutlass_64x64_s4_sk4,64,4608,3072,18.6
cutlass_64x64_s4_sk8,64,4608,3072,21.1
cutlass_128x128_s3_sk2,64,4608,3072,24.8
cutlass_128x128_s3_sk4,64,4608,3072,31.6
cutlass_128x128_s3_sk8,64,4608,3072,31.7
cutlass_64x128_s4_sk2,64,4608,3072,15.6
cutlass_64x128_s4_sk4,64,4608,3072,19.3
cutlass_64x128_s4_sk8,64,4608,3072,22.0
cutlass_32x64_s4_sk4,64,4608,3072,21.5
cutlass_32x64_s4_sk8,64,4608,3072,24.1
cutlass_32x64_s4_sk16,64,4608,3072,29.7
cutlass_128x128_s4_sk2,64,4608,3072,24.7
cutlass_128x128_s4_sk4,64,4608,3072,31.3
cutlass_128x128_s4_sk8,64,4608,3072,31.5
cutlass_128x64_s4_sk2,64,4608,3072,28.1
cutlass_128x64_s4_sk4,64,4608,3072,24.3
cutlass_128x64_s4_sk8,64,4608,3072,24.3
cutlass_256x64_s4_sk2,64,4608,3072,51.9
cutlass_256x64_s4_sk4,64,4608,3072,44.0
cutlass_64x64_s4_sk16,64,4608,3072,28.5
cutlass_64x128_s4_sk16,64,4608,3072,28.8
cutlass_64x64_k64_s4,64,4608,3072,13.6
cutlass_64x64_k64_s3,64,4608,3072,14.3
cutlass_64x128_k64_s4,64,4608,3072,21.2
cutlass_64x128_k64_s3,64,4608,3072,21.0
cutlass_128x64_k64_s4,64,4608,3072,21.3
cutlass_128x64_k64_s3,64,4608,3072,21.3
cutlass_128x128_k64_s4,64,4608,3072,0.0
cutlass_128x128_k64_s3,64,4608,3072,41.6
cutlass_256x64_k64_s4,64,4608,3072,0.0
cutlass_256x64_k64_s3,64,4608,3072,0.0
cutlass_128x256_k64_s3,64,4608,3072,0.0
cutlass_32x64_k64_s4,64,4608,3072,18.4
cutlass_32x128_k64_s4,64,4608,3072,20.9
cutlass_64x64_k64_s4_sk2,64,4608,3072,20.2
cutlass_64x64_k64_s4_sk4,64,4608,3072,19.7
cutlass_64x64_k64_s4_sk8,64,4608,3072,22.2
cutlass_128x128_k64_s3_sk2,64,4608,3072,25.5
cutlass_128x128_k64_s3_sk4,64,4608,3072,31.3
cutlass_128x128_k64_s2,64,4608,3072,42.8
cutlass_64x64_k64_s2,64,4608,3072,21.6
cutlass_64x128_k64_s2,64,4608,3072,29.0
cutlass_128x64_k64_s2,64,4608,3072,27.2
cutlass_256x64_k64_s2,64,4608,3072,46.7
cutlass_256x128_s2,64,4608,3072,0.0
cutlass_64x64_s2,64,4608,3072,33.1
cutlass_64x128_s2,64,4608,3072,39.8
cutlass_128x64_s2,64,4608,3072,35.8
cutlass_128x128_s2,64,4608,3072,50.4
cutlass_128x256_s2,64,4608,3072,82.2
cutlass_256x64_s2,64,4608,3072,51.3
cublas,128,4608,3072,21.5
cutlass_32x64_s4,128,4608,3072,35.4
cutlass_32x64_s3,128,4608,3072,35.6
cutlass_32x128_s4,128,4608,3072,29.5
cutlass_32x128_s3,128,4608,3072,30.0
cutlass_32x256_s3,128,4608,3072,30.2
cutlass_64x64_s4,128,4608,3072,27.6
cutlass_64x64_s3,128,4608,3072,27.9
cutlass_64x128_s4,128,4608,3072,21.3
cutlass_64x128_s3,128,4608,3072,21.3
cutlass_128x64_s4,128,4608,3072,22.9
cutlass_128x64_s3,128,4608,3072,23.7
cutlass_128x128_s4,128,4608,3072,40.4
cutlass_128x128_s3,128,4608,3072,40.4
cutlass_128x256_s3,128,4608,3072,81.4
cutlass_256x64_s4,128,4608,3072,41.7
cutlass_256x64_s3,128,4608,3072,41.6
cutlass_64x64_s4_sk2,128,4608,3072,31.9
cutlass_64x64_s4_sk4,128,4608,3072,31.8
cutlass_64x64_s4_sk8,128,4608,3072,38.9
cutlass_128x128_s3_sk2,128,4608,3072,28.5
cutlass_128x128_s3_sk4,128,4608,3072,37.9
cutlass_128x128_s3_sk8,128,4608,3072,43.7
cutlass_64x128_s4_sk2,128,4608,3072,31.2
cutlass_64x128_s4_sk4,128,4608,3072,32.1
cutlass_64x128_s4_sk8,128,4608,3072,37.8
cutlass_32x64_s4_sk4,128,4608,3072,40.2
cutlass_32x64_s4_sk8,128,4608,3072,44.4
cutlass_32x64_s4_sk16,128,4608,3072,56.8
cutlass_128x128_s4_sk2,128,4608,3072,28.5
cutlass_128x128_s4_sk4,128,4608,3072,37.6
cutlass_128x128_s4_sk8,128,4608,3072,42.9
cutlass_128x64_s4_sk2,128,4608,3072,31.0
cutlass_128x64_s4_sk4,128,4608,3072,31.8
cutlass_128x64_s4_sk8,128,4608,3072,38.2
cutlass_256x64_s4_sk2,128,4608,3072,55.9
cutlass_256x64_s4_sk4,128,4608,3072,50.4
cutlass_64x64_s4_sk16,128,4608,3072,52.2
cutlass_64x128_s4_sk16,128,4608,3072,50.6
cutlass_64x64_k64_s4,128,4608,3072,30.3
cutlass_64x64_k64_s3,128,4608,3072,25.9
cutlass_64x128_k64_s4,128,4608,3072,21.6
cutlass_64x128_k64_s3,128,4608,3072,21.3
cutlass_128x64_k64_s4,128,4608,3072,21.9
cutlass_128x64_k64_s3,128,4608,3072,22.1
cutlass_128x128_k64_s4,128,4608,3072,0.0
cutlass_128x128_k64_s3,128,4608,3072,41.8
cutlass_256x64_k64_s4,128,4608,3072,0.0
cutlass_256x64_k64_s3,128,4608,3072,0.0
cutlass_128x256_k64_s3,128,4608,3072,0.0
cutlass_32x64_k64_s4,128,4608,3072,41.3
cutlass_32x128_k64_s4,128,4608,3072,45.3
cutlass_64x64_k64_s4_sk2,128,4608,3072,31.9
cutlass_64x64_k64_s4_sk4,128,4608,3072,33.4
cutlass_64x64_k64_s4_sk8,128,4608,3072,38.5
cutlass_128x128_k64_s3_sk2,128,4608,3072,29.4
cutlass_128x128_k64_s3_sk4,128,4608,3072,37.5
cutlass_128x128_k64_s2,128,4608,3072,44.4
cutlass_64x64_k64_s2,128,4608,3072,29.2
cutlass_64x128_k64_s2,128,4608,3072,30.2
cutlass_128x64_k64_s2,128,4608,3072,30.0
cutlass_256x64_k64_s2,128,4608,3072,46.9
cutlass_256x128_s2,128,4608,3072,0.0
cutlass_64x64_s2,128,4608,3072,35.0
cutlass_64x128_s2,128,4608,3072,40.4
cutlass_128x64_s2,128,4608,3072,41.7
cutlass_128x128_s2,128,4608,3072,50.5
cutlass_128x256_s2,128,4608,3072,82.3
cutlass_256x64_s2,128,4608,3072,51.5
cublas,256,4608,3072,43.3
cutlass_32x64_s4,256,4608,3072,72.4
cutlass_32x64_s3,256,4608,3072,65.4
cutlass_32x128_s4,256,4608,3072,72.6
cutlass_32x128_s3,256,4608,3072,55.9
cutlass_32x256_s3,256,4608,3072,64.7
cutlass_64x64_s4,256,4608,3072,53.1
cutlass_64x64_s3,256,4608,3072,50.7
cutlass_64x128_s4,256,4608,3072,50.3
cutlass_64x128_s3,256,4608,3072,48.4
cutlass_128x64_s4,256,4608,3072,47.9
cutlass_128x64_s3,256,4608,3072,46.6
cutlass_128x128_s4,256,4608,3072,40.7
cutlass_128x128_s3,256,4608,3072,40.5
cutlass_128x256_s3,256,4608,3072,81.7
cutlass_256x64_s4,256,4608,3072,43.8
cutlass_256x64_s3,256,4608,3072,42.9
cutlass_64x64_s4_sk2,256,4608,3072,61.8
cutlass_64x64_s4_sk4,256,4608,3072,59.5
cutlass_64x64_s4_sk8,256,4608,3072,72.6
cutlass_128x128_s3_sk2,256,4608,3072,61.0
cutlass_128x128_s3_sk4,256,4608,3072,62.0
cutlass_128x128_s3_sk8,256,4608,3072,77.2
cutlass_64x128_s4_sk2,256,4608,3072,52.7
cutlass_64x128_s4_sk4,256,4608,3072,55.8
cutlass_64x128_s4_sk8,256,4608,3072,67.5
cutlass_32x64_s4_sk4,256,4608,3072,74.8
cutlass_32x64_s4_sk8,256,4608,3072,84.9
cutlass_32x64_s4_sk16,256,4608,3072,173.1
cutlass_128x128_s4_sk2,256,4608,3072,60.9
cutlass_128x128_s4_sk4,256,4608,3072,61.6
cutlass_128x128_s4_sk8,256,4608,3072,75.9
cutlass_128x64_s4_sk2,256,4608,3072,52.8
cutlass_128x64_s4_sk4,256,4608,3072,55.2
cutlass_128x64_s4_sk8,256,4608,3072,68.8
cutlass_256x64_s4_sk2,256,4608,3072,62.8
cutlass_256x64_s4_sk4,256,4608,3072,63.8
cutlass_64x64_s4_sk16,256,4608,3072,158.2
cutlass_64x128_s4_sk16,256,4608,3072,159.3
cutlass_64x64_k64_s4,256,4608,3072,49.9
cutlass_64x64_k64_s3,256,4608,3072,52.3
cutlass_64x128_k64_s4,256,4608,3072,51.3
cutlass_64x128_k64_s3,256,4608,3072,50.9
cutlass_128x64_k64_s4,256,4608,3072,51.9
cutlass_128x64_k64_s3,256,4608,3072,52.5
cutlass_128x128_k64_s4,256,4608,3072,0.0
cutlass_128x128_k64_s3,256,4608,3072,42.2
cutlass_256x64_k64_s4,256,4608,3072,0.0
cutlass_256x64_k64_s3,256,4608,3072,0.0
cutlass_128x256_k64_s3,256,4608,3072,0.0
cutlass_32x64_k64_s4,256,4608,3072,71.4
cutlass_32x128_k64_s4,256,4608,3072,68.5
cutlass_64x64_k64_s4_sk2,256,4608,3072,54.7
cutlass_64x64_k64_s4_sk4,256,4608,3072,61.3
cutlass_64x64_k64_s4_sk8,256,4608,3072,71.6
cutlass_128x128_k64_s3_sk2,256,4608,3072,61.4
cutlass_128x128_k64_s3_sk4,256,4608,3072,60.0
cutlass_128x128_k64_s2,256,4608,3072,45.1
cutlass_64x64_k64_s2,256,4608,3072,53.4
cutlass_64x128_k64_s2,256,4608,3072,52.4
cutlass_128x64_k64_s2,256,4608,3072,52.8
cutlass_256x64_k64_s2,256,4608,3072,48.7
cutlass_256x128_s2,256,4608,3072,0.0
cutlass_64x64_s2,256,4608,3072,56.5
cutlass_64x128_s2,256,4608,3072,48.8
cutlass_128x64_s2,256,4608,3072,51.8
cutlass_128x128_s2,256,4608,3072,50.6
cutlass_128x256_s2,256,4608,3072,82.4
cutlass_256x64_s2,256,4608,3072,52.0
cublas,512,4608,3072,79.7
cutlass_32x64_s4,512,4608,3072,136.5
cutlass_32x64_s3,512,4608,3072,140.1
cutlass_32x128_s4,512,4608,3072,120.0
cutlass_32x128_s3,512,4608,3072,133.3
cutlass_32x256_s3,512,4608,3072,108.7
cutlass_64x64_s4,512,4608,3072,108.5
cutlass_64x64_s3,512,4608,3072,107.3
cutlass_64x128_s4,512,4608,3072,85.9
cutlass_64x128_s3,512,4608,3072,85.9
cutlass_128x64_s4,512,4608,3072,88.9
cutlass_128x64_s3,512,4608,3072,87.6
cutlass_128x128_s4,512,4608,3072,99.7
cutlass_128x128_s3,512,4608,3072,99.5
cutlass_128x256_s3,512,4608,3072,84.1
cutlass_256x64_s4,512,4608,3072,105.4
cutlass_256x64_s3,512,4608,3072,103.0
cutlass_64x64_s4_sk2,512,4608,3072,105.1
cutlass_64x64_s4_sk4,512,4608,3072,113.2
cutlass_64x64_s4_sk8,512,4608,3072,182.1
cutlass_128x128_s3_sk2,512,4608,3072,99.6
cutlass_128x128_s3_sk4,512,4608,3072,110.1
cutlass_128x128_s3_sk8,512,4608,3072,191.9
cutlass_64x128_s4_sk2,512,4608,3072,92.3
cutlass_64x128_s4_sk4,512,4608,3072,102.4
cutlass_64x128_s4_sk8,512,4608,3072,179.5
cutlass_32x64_s4_sk4,512,4608,3072,143.3
cutlass_32x64_s4_sk8,512,4608,3072,200.6
cutlass_32x64_s4_sk16,512,4608,3072,476.2
cutlass_128x128_s4_sk2,512,4608,3072,99.1
cutlass_128x128_s4_sk4,512,4608,3072,108.6
cutlass_128x128_s4_sk8,512,4608,3072,173.2
cutlass_128x64_s4_sk2,512,4608,3072,93.0
cutlass_128x64_s4_sk4,512,4608,3072,102.8
cutlass_128x64_s4_sk8,512,4608,3072,177.8
cutlass_256x64_s4_sk2,512,4608,3072,105.5
cutlass_256x64_s4_sk4,512,4608,3072,116.1
cutlass_64x64_s4_sk16,512,4608,3072,457.1
cutlass_64x128_s4_sk16,512,4608,3072,457.4
cutlass_64x64_k64_s4,512,4608,3072,90.9
cutlass_64x64_k64_s3,512,4608,3072,91.6
cutlass_64x128_k64_s4,512,4608,3072,83.3
cutlass_64x128_k64_s3,512,4608,3072,82.4
cutlass_128x64_k64_s4,512,4608,3072,83.8
cutlass_128x64_k64_s3,512,4608,3072,83.2
cutlass_128x128_k64_s4,512,4608,3072,0.0
cutlass_128x128_k64_s3,512,4608,3072,99.1
cutlass_256x64_k64_s4,512,4608,3072,0.0
cutlass_256x64_k64_s3,512,4608,3072,0.0
cutlass_128x256_k64_s3,512,4608,3072,0.0
cutlass_32x64_k64_s4,512,4608,3072,138.6
cutlass_32x128_k64_s4,512,4608,3072,117.9
cutlass_64x64_k64_s4_sk2,512,4608,3072,108.6
cutlass_64x64_k64_s4_sk4,512,4608,3072,115.6
cutlass_64x64_k64_s4_sk8,512,4608,3072,200.9
cutlass_128x128_k64_s3_sk2,512,4608,3072,98.4
cutlass_128x128_k64_s3_sk4,512,4608,3072,103.8
cutlass_128x128_k64_s2,512,4608,3072,104.0
cutlass_64x64_k64_s2,512,4608,3072,106.7
cutlass_64x128_k64_s2,512,4608,3072,95.4
cutlass_128x64_k64_s2,512,4608,3072,96.4
cutlass_256x64_k64_s2,512,4608,3072,113.4
cutlass_256x128_s2,512,4608,3072,0.0
cutlass_64x64_s2,512,4608,3072,117.2
cutlass_64x128_s2,512,4608,3072,101.9
cutlass_128x64_s2,512,4608,3072,99.5
cutlass_128x128_s2,512,4608,3072,119.2
cutlass_128x256_s2,512,4608,3072,84.5
cutlass_256x64_s2,512,4608,3072,121.0
cublas,1024,4608,3072,146.8
cutlass_32x64_s4,1024,4608,3072,266.7
cutlass_32x64_s3,1024,4608,3072,278.2
cutlass_32x128_s4,1024,4608,3072,228.9
cutlass_32x128_s3,1024,4608,3072,220.1
cutlass_32x256_s3,1024,4608,3072,200.5
cutlass_64x64_s4,1024,4608,3072,185.7
cutlass_64x64_s3,1024,4608,3072,195.3
cutlass_64x128_s4,1024,4608,3072,146.8
cutlass_64x128_s3,1024,4608,3072,145.6
cutlass_128x64_s4,1024,4608,3072,143.1
cutlass_128x64_s3,1024,4608,3072,141.8
cutlass_128x128_s4,1024,4608,3072,154.8
cutlass_128x128_s3,1024,4608,3072,154.3
cutlass_128x256_s3,1024,4608,3072,185.0
cutlass_256x64_s4,1024,4608,3072,158.3
cutlass_256x64_s3,1024,4608,3072,159.1
cutlass_64x64_s4_sk2,1024,4608,3072,198.6
cutlass_64x64_s4_sk4,1024,4608,3072,250.6
cutlass_64x64_s4_sk8,1024,4608,3072,491.3
cutlass_128x128_s3_sk2,1024,4608,3072,176.0
cutlass_128x128_s3_sk4,1024,4608,3072,261.9
cutlass_128x128_s3_sk8,1024,4608,3072,523.1
cutlass_64x128_s4_sk2,1024,4608,3072,175.6
cutlass_64x128_s4_sk4,1024,4608,3072,227.4
cutlass_64x128_s4_sk8,1024,4608,3072,476.5
cutlass_32x64_s4_sk4,1024,4608,3072,312.4
cutlass_32x64_s4_sk8,1024,4608,3072,541.6
cutlass_32x64_s4_sk16,1024,4608,3072,967.5
cutlass_128x128_s4_sk2,1024,4608,3072,173.7
cutlass_128x128_s4_sk4,1024,4608,3072,235.0
cutlass_128x128_s4_sk8,1024,4608,3072,482.5
cutlass_128x64_s4_sk2,1024,4608,3072,175.4
cutlass_128x64_s4_sk4,1024,4608,3072,228.6
cutlass_128x64_s4_sk8,1024,4608,3072,478.4
cutlass_256x64_s4_sk2,1024,4608,3072,185.0
cutlass_256x64_s4_sk4,1024,4608,3072,253.5
cutlass_64x64_s4_sk16,1024,4608,3072,962.8
cutlass_64x128_s4_sk16,1024,4608,3072,964.3
cutlass_64x64_k64_s4,1024,4608,3072,178.6
cutlass_64x64_k64_s3,1024,4608,3072,176.2
cutlass_64x128_k64_s4,1024,4608,3072,145.4
cutlass_64x128_k64_s3,1024,4608,3072,142.5
cutlass_128x64_k64_s4,1024,4608,3072,142.5
cutlass_128x64_k64_s3,1024,4608,3072,140.7
cutlass_128x128_k64_s4,1024,4608,3072,0.0
cutlass_128x128_k64_s3,1024,4608,3072,151.2
cutlass_256x64_k64_s4,1024,4608,3072,0.0
cutlass_256x64_k64_s3,1024,4608,3072,0.0
cutlass_128x256_k64_s3,1024,4608,3072,0.0
cutlass_32x64_k64_s4,1024,4608,3072,268.0
cutlass_32x128_k64_s4,1024,4608,3072,234.3
cutlass_64x64_k64_s4_sk2,1024,4608,3072,204.1
cutlass_64x64_k64_s4_sk4,1024,4608,3072,293.0
cutlass_64x64_k64_s4_sk8,1024,4608,3072,527.6
cutlass_128x128_k64_s3_sk2,1024,4608,3072,167.8
cutlass_128x128_k64_s3_sk4,1024,4608,3072,211.8
cutlass_128x128_k64_s2,1024,4608,3072,163.5
cutlass_64x64_k64_s2,1024,4608,3072,185.7
cutlass_64x128_k64_s2,1024,4608,3072,163.3
cutlass_128x64_k64_s2,1024,4608,3072,162.2
cutlass_256x64_k64_s2,1024,4608,3072,167.3
cutlass_256x128_s2,1024,4608,3072,0.0
cutlass_64x64_s2,1024,4608,3072,193.8
cutlass_64x128_s2,1024,4608,3072,160.8
cutlass_128x64_s2,1024,4608,3072,162.9
cutlass_128x128_s2,1024,4608,3072,176.5
cutlass_128x256_s2,1024,4608,3072,191.4
cutlass_256x64_s2,1024,4608,3072,186.1
cublas,2048,4608,3072,284.7
cutlass_32x64_s4,2048,4608,3072,513.9
cutlass_32x64_s3,2048,4608,3072,515.4
cutlass_32x128_s4,2048,4608,3072,441.4
cutlass_32x128_s3,2048,4608,3072,441.3
cutlass_32x256_s3,2048,4608,3072,405.1
cutlass_64x64_s4,2048,4608,3072,364.8
cutlass_64x64_s3,2048,4608,3072,389.3
cutlass_64x128_s4,2048,4608,3072,288.4
cutlass_64x128_s3,2048,4608,3072,293.2
cutlass_128x64_s4,2048,4608,3072,281.6
cutlass_128x64_s3,2048,4608,3072,284.7
cutlass_128x128_s4,2048,4608,3072,261.2
cutlass_128x128_s3,2048,4608,3072,254.8
cutlass_128x256_s3,2048,4608,3072,286.1
cutlass_256x64_s4,2048,4608,3072,276.6
cutlass_256x64_s3,2048,4608,3072,256.8
cutlass_64x64_s4_sk2,2048,4608,3072,449.1
cutlass_64x64_s4_sk4,2048,4608,3072,620.7
cutlass_64x64_s4_sk8,2048,4608,3072,1011.8
cutlass_128x128_s3_sk2,2048,4608,3072,407.7
cutlass_128x128_s3_sk4,2048,4608,3072,644.5
cutlass_128x128_s3_sk8,2048,4608,3072,1073.3
cutlass_64x128_s4_sk2,2048,4608,3072,378.1
cutlass_64x128_s4_sk4,2048,4608,3072,572.6
cutlass_64x128_s4_sk8,2048,4608,3072,1001.7
cutlass_32x64_s4_sk4,2048,4608,3072,745.8
cutlass_32x64_s4_sk8,2048,4608,3072,1096.4
cutlass_32x64_s4_sk16,2048,4608,3072,1883.2
cutlass_128x128_s4_sk2,2048,4608,3072,377.8
cutlass_128x128_s4_sk4,2048,4608,3072,588.6
cutlass_128x128_s4_sk8,2048,4608,3072,1008.9
cutlass_128x64_s4_sk2,2048,4608,3072,382.7
cutlass_128x64_s4_sk4,2048,4608,3072,578.1
cutlass_128x64_s4_sk8,2048,4608,3072,999.0
cutlass_256x64_s4_sk2,2048,4608,3072,403.6
cutlass_256x64_s4_sk4,2048,4608,3072,624.4
cutlass_64x64_s4_sk16,2048,4608,3072,1884.2
cutlass_64x128_s4_sk16,2048,4608,3072,1886.9
cutlass_64x64_k64_s4,2048,4608,3072,348.6
cutlass_64x64_k64_s3,2048,4608,3072,340.2
cutlass_64x128_k64_s4,2048,4608,3072,284.2
cutlass_64x128_k64_s3,2048,4608,3072,282.1
cutlass_128x64_k64_s4,2048,4608,3072,281.8
cutlass_128x64_k64_s3,2048,4608,3072,279.2
cutlass_128x128_k64_s4,2048,4608,3072,0.0
cutlass_128x128_k64_s3,2048,4608,3072,258.4
cutlass_256x64_k64_s4,2048,4608,3072,0.0
cutlass_256x64_k64_s3,2048,4608,3072,0.0
cutlass_128x256_k64_s3,2048,4608,3072,0.0
cutlass_32x64_k64_s4,2048,4608,3072,550.2
cutlass_32x128_k64_s4,2048,4608,3072,462.1
cutlass_64x64_k64_s4_sk2,2048,4608,3072,464.5
cutlass_64x64_k64_s4_sk4,2048,4608,3072,657.9
cutlass_64x64_k64_s4_sk8,2048,4608,3072,1081.0
cutlass_128x128_k64_s3_sk2,2048,4608,3072,357.2
cutlass_128x128_k64_s3_sk4,2048,4608,3072,548.2
cutlass_128x128_k64_s2,2048,4608,3072,288.7
cutlass_64x64_k64_s2,2048,4608,3072,361.7
cutlass_64x128_k64_s2,2048,4608,3072,296.2
cutlass_128x64_k64_s2,2048,4608,3072,297.0
cutlass_256x64_k64_s2,2048,4608,3072,276.2
cutlass_256x128_s2,2048,4608,3072,0.0
cutlass_64x64_s2,2048,4608,3072,379.3
cutlass_64x128_s2,2048,4608,3072,294.0
cutlass_128x64_s2,2048,4608,3072,294.9
cutlass_128x128_s2,2048,4608,3072,300.7
cutlass_128x256_s2,2048,4608,3072,290.8
cutlass_256x64_s2,2048,4608,3072,312.0
cublas,4096,4608,3072,479.8
cutlass_32x64_s4,4096,4608,3072,1087.1
cutlass_32x64_s3,4096,4608,3072,1056.1
cutlass_32x128_s4,4096,4608,3072,917.8
cutlass_32x128_s3,4096,4608,3072,893.8
cutlass_32x256_s3,4096,4608,3072,819.8
cutlass_64x64_s4,4096,4608,3072,717.4
cutlass_64x64_s3,4096,4608,3072,728.1
cutlass_64x128_s4,4096,4608,3072,550.3
cutlass_64x128_s3,4096,4608,3072,570.1
cutlass_128x64_s4,4096,4608,3072,530.9
cutlass_128x64_s3,4096,4608,3072,546.1
cutlass_128x128_s4,4096,4608,3072,450.9
cutlass_128x128_s3,4096,4608,3072,450.5
cutlass_128x256_s3,4096,4608,3072,502.1
cutlass_256x64_s4,4096,4608,3072,498.8
cutlass_256x64_s3,4096,4608,3072,504.2
cutlass_64x64_s4_sk2,4096,4608,3072,992.3
cutlass_64x64_s4_sk4,4096,4608,3072,1270.5
cutlass_64x64_s4_sk8,4096,4608,3072,1992.3
cutlass_128x128_s3_sk2,4096,4608,3072,901.0
cutlass_128x128_s3_sk4,4096,4608,3072,1323.3
cutlass_128x128_s3_sk8,4096,4608,3072,2115.4
cutlass_64x128_s4_sk2,4096,4608,3072,859.1
cutlass_64x128_s4_sk4,4096,4608,3072,1175.0
cutlass_64x128_s4_sk8,4096,4608,3072,1962.7
cutlass_32x64_s4_sk4,4096,4608,3072,1531.8
cutlass_32x64_s4_sk8,4096,4608,3072,2151.4
cutlass_32x64_s4_sk16,4096,4608,3072,3703.6
cutlass_128x128_s4_sk2,4096,4608,3072,838.7
cutlass_128x128_s4_sk4,4096,4608,3072,1210.8
cutlass_128x128_s4_sk8,4096,4608,3072,1968.9
cutlass_128x64_s4_sk2,4096,4608,3072,858.2
cutlass_128x64_s4_sk4,4096,4608,3072,1180.8
cutlass_128x64_s4_sk8,4096,4608,3072,1958.6
cutlass_256x64_s4_sk2,4096,4608,3072,885.4
cutlass_256x64_s4_sk4,4096,4608,3072,1269.2
cutlass_64x64_s4_sk16,4096,4608,3072,3705.5
cutlass_64x128_s4_sk16,4096,4608,3072,3707.8
cutlass_64x64_k64_s4,4096,4608,3072,693.1
cutlass_64x64_k64_s3,4096,4608,3072,686.0
cutlass_64x128_k64_s4,4096,4608,3072,555.6
cutlass_64x128_k64_s3,4096,4608,3072,562.7
cutlass_128x64_k64_s4,4096,4608,3072,536.8
cutlass_128x64_k64_s3,4096,4608,3072,541.7
cutlass_128x128_k64_s4,4096,4608,3072,0.0
cutlass_128x128_k64_s3,4096,4608,3072,467.2
cutlass_256x64_k64_s4,4096,4608,3072,0.0
cutlass_256x64_k64_s3,4096,4608,3072,0.0
cutlass_128x256_k64_s3,4096,4608,3072,0.0
cutlass_32x64_k64_s4,4096,4608,3072,1118.1
cutlass_32x128_k64_s4,4096,4608,3072,896.9
cutlass_64x64_k64_s4_sk2,4096,4608,3072,1002.5
cutlass_64x64_k64_s4_sk4,4096,4608,3072,1333.2
cutlass_64x64_k64_s4_sk8,4096,4608,3072,2126.4
cutlass_128x128_k64_s3_sk2,4096,4608,3072,797.4
cutlass_128x128_k64_s3_sk4,4096,4608,3072,1153.9
cutlass_128x128_k64_s2,4096,4608,3072,535.2
cutlass_64x64_k64_s2,4096,4608,3072,739.7
cutlass_64x128_k64_s2,4096,4608,3072,579.9
cutlass_128x64_k64_s2,4096,4608,3072,553.5
cutlass_256x64_k64_s2,4096,4608,3072,518.9
cutlass_256x128_s2,4096,4608,3072,0.0
cutlass_64x64_s2,4096,4608,3072,754.8
cutlass_64x128_s2,4096,4608,3072,579.9
cutlass_128x64_s2,4096,4608,3072,571.9
cutlass_128x128_s2,4096,4608,3072,569.4
cutlass_128x256_s2,4096,4608,3072,492.0
cutlass_256x64_s2,4096,4608,3072,551.6
cublas,1,8192,2048,13.4
cutlass_32x64_s4,1,8192,2048,10.8
cutlass_32x64_s3,1,8192,2048,11.1
cutlass_32x128_s4,1,8192,2048,17.6
cutlass_32x128_s3,1,8192,2048,17.6
cutlass_32x256_s3,1,8192,2048,18.9
cutlass_64x64_s4,1,8192,2048,10.4
cutlass_64x64_s3,1,8192,2048,10.8
cutlass_64x128_s4,1,8192,2048,16.5
cutlass_64x128_s3,1,8192,2048,16.5
cutlass_128x64_s4,1,8192,2048,16.8
cutlass_128x64_s3,1,8192,2048,16.8
cutlass_128x128_s4,1,8192,2048,32.0
cutlass_128x128_s3,1,8192,2048,32.0
cutlass_128x256_s3,1,8192,2048,64.2
cutlass_256x64_s4,1,8192,2048,32.5
cutlass_256x64_s3,1,8192,2048,30.2
cutlass_64x64_s4_sk2,1,8192,2048,12.0
cutlass_64x64_s4_sk4,1,8192,2048,12.5
cutlass_64x64_s4_sk8,1,8192,2048,14.0
cutlass_128x128_s3_sk2,1,8192,2048,17.6
cutlass_128x128_s3_sk4,1,8192,2048,20.7
cutlass_128x128_s3_sk8,1,8192,2048,24.6
cutlass_64x128_s4_sk2,1,8192,2048,10.6
cutlass_64x128_s4_sk4,1,8192,2048,11.6
cutlass_64x128_s4_sk8,1,8192,2048,13.1
cutlass_32x64_s4_sk4,1,8192,2048,9.2
cutlass_32x64_s4_sk8,1,8192,2048,10.6
cutlass_32x64_s4_sk16,1,8192,2048,12.4
cutlass_128x128_s4_sk2,1,8192,2048,17.4
cutlass_128x128_s4_sk4,1,8192,2048,20.5
cutlass_128x128_s4_sk8,1,8192,2048,24.5
cutlass_128x64_s4_sk2,1,8192,2048,18.7
cutlass_128x64_s4_sk4,1,8192,2048,19.8
cutlass_128x64_s4_sk8,1,8192,2048,21.5
cutlass_256x64_s4_sk2,1,8192,2048,35.6
cutlass_256x64_s4_sk4,1,8192,2048,38.9
cutlass_64x64_s4_sk16,1,8192,2048,16.0
cutlass_64x128_s4_sk16,1,8192,2048,15.3
cutlass_64x64_k64_s4,1,8192,2048,9.3
cutlass_64x64_k64_s3,1,8192,2048,9.3
cutlass_64x128_k64_s4,1,8192,2048,14.7
cutlass_64x128_k64_s3,1,8192,2048,14.7
cutlass_128x64_k64_s4,1,8192,2048,15.4
cutlass_128x64_k64_s3,1,8192,2048,15.5
cutlass_128x128_k64_s4,1,8192,2048,0.0
cutlass_128x128_k64_s3,1,8192,2048,29.2
cutlass_256x64_k64_s4,1,8192,2048,0.0
cutlass_256x64_k64_s3,1,8192,2048,0.0
cutlass_128x256_k64_s3,1,8192,2048,0.0
cutlass_32x64_k64_s4,1,8192,2048,8.9
cutlass_32x128_k64_s4,1,8192,2048,14.2
cutlass_64x64_k64_s4_sk2,1,8192,2048,12.8
cutlass_64x64_k64_s4_sk4,1,8192,2048,15.1
cutlass_64x64_k64_s4_sk8,1,8192,2048,17.4
cutlass_128x128_k64_s3_sk2,1,8192,2048,18.1
cutlass_128x128_k64_s3_sk4,1,8192,2048,20.8
cutlass_128x128_k64_s2,1,8192,2048,29.6
cutlass_64x64_k64_s2,1,8192,2048,12.1
cutlass_64x128_k64_s2,1,8192,2048,18.2
cutlass_128x64_k64_s2,1,8192,2048,18.6
cutlass_256x64_k64_s2,1,8192,2048,32.3
cutlass_256x128_s2,1,8192,2048,0.0
cutlass_64x64_s2,1,8192,2048,17.6
cutlass_64x128_s2,1,8192,2048,22.5
cutlass_128x64_s2,1,8192,2048,21.5
cutlass_128x128_s2,1,8192,2048,34.5
cutlass_128x256_s2,1,8192,2048,55.8
cutlass_256x64_s2,1,8192,2048,35.0
cutlass_gemv,1,8192,2048,6.9
cublas,2,8192,2048,10.0
cutlass_32x64_s4,2,8192,2048,9.2
cutlass_32x64_s3,2,8192,2048,9.8
cutlass_32x128_s4,2,8192,2048,15.0
cutlass_32x128_s3,2,8192,2048,15.0
cutlass_32x256_s3,2,8192,2048,16.2
cutlass_64x64_s4,2,8192,2048,10.9
cutlass_64x64_s3,2,8192,2048,10.9
cutlass_64x128_s4,2,8192,2048,14.1
cutlass_64x128_s3,2,8192,2048,14.1
cutlass_128x64_s4,2,8192,2048,17.0
cutlass_128x64_s3,2,8192,2048,17.2
cutlass_128x128_s4,2,8192,2048,27.3
cutlass_128x128_s3,2,8192,2048,27.3
cutlass_128x256_s3,2,8192,2048,55.1
cutlass_256x64_s4,2,8192,2048,32.0
cutlass_256x64_s3,2,8192,2048,32.0
cutlass_64x64_s4_sk2,2,8192,2048,12.3
cutlass_64x64_s4_sk4,2,8192,2048,12.9
cutlass_64x64_s4_sk8,2,8192,2048,14.4
cutlass_128x128_s3_sk2,2,8192,2048,18.7
cutlass_128x128_s3_sk4,2,8192,2048,20.8
cutlass_128x128_s3_sk8,2,8192,2048,24.4
cutlass_64x128_s4_sk2,2,8192,2048,11.1
cutlass_64x128_s4_sk4,2,8192,2048,12.0
cutlass_64x128_s4_sk8,2,8192,2048,13.3
cutlass_32x64_s4_sk4,2,8192,2048,9.3
cutlass_32x64_s4_sk8,2,8192,2048,10.7
cutlass_32x64_s4_sk16,2,8192,2048,12.3
cutlass_128x128_s4_sk2,2,8192,2048,18.5
cutlass_128x128_s4_sk4,2,8192,2048,20.6
cutlass_128x128_s4_sk8,2,8192,2048,24.4
cutlass_128x64_s4_sk2,2,8192,2048,19.0
cutlass_128x64_s4_sk4,2,8192,2048,20.4
cutlass_128x64_s4_sk8,2,8192,2048,22.1
cutlass_256x64_s4_sk2,2,8192,2048,35.8
cutlass_256x64_s4_sk4,2,8192,2048,40.2
cutlass_64x64_s4_sk16,2,8192,2048,16.8
cutlass_64x128_s4_sk16,2,8192,2048,15.8
cutlass_64x64_k64_s4,2,8192,2048,9.7
cutlass_64x64_k64_s3,2,8192,2048,9.7
cutlass_64x128_k64_s4,2,8192,2048,14.2
cutlass_64x128_k64_s3,2,8192,2048,14.2
cutlass_128x64_k64_s4,2,8192,2048,16.5
cutlass_128x64_k64_s3,2,8192,2048,16.5
cutlass_128x128_k64_s4,2,8192,2048,0.0
cutlass_128x128_k64_s3,2,8192,2048,28.3
cutlass_256x64_k64_s4,2,8192,2048,0.0
cutlass_256x64_k64_s3,2,8192,2048,0.0
cutlass_128x256_k64_s3,2,8192,2048,0.0
cutlass_32x64_k64_s4,2,8192,2048,8.6
cutlass_32x128_k64_s4,2,8192,2048,13.9
cutlass_64x64_k64_s4_sk2,2,8192,2048,13.0
cutlass_64x64_k64_s4_sk4,2,8192,2048,15.8
cutlass_64x64_k64_s4_sk8,2,8192,2048,17.3
cutlass_128x128_k64_s3_sk2,2,8192,2048,18.4
cutlass_128x128_k64_s3_sk4,2,8192,2048,20.9
cutlass_128x128_k64_s2,2,8192,2048,29.2
cutlass_64x64_k64_s2,2,8192,2048,12.2
cutlass_64x128_k64_s2,2,8192,2048,18.0
cutlass_128x64_k64_s2,2,8192,2048,18.5
cutlass_256x64_k64_s2,2,8192,2048,32.9
cutlass_256x128_s2,2,8192,2048,0.0
cutlass_64x64_s2,2,8192,2048,17.3
cutlass_64x128_s2,2,8192,2048,22.2
cutlass_128x64_s2,2,8192,2048,21.3
cutlass_128x128_s2,2,8192,2048,34.1
cutlass_128x256_s2,2,8192,2048,55.5
cutlass_256x64_s2,2,8192,2048,35.0
cublas,4,8192,2048,10.1
cutlass_32x64_s4,4,8192,2048,9.3
cutlass_32x64_s3,4,8192,2048,9.6
cutlass_32x128_s4,4,8192,2048,14.9
cutlass_32x128_s3,4,8192,2048,14.9
cutlass_32x256_s3,4,8192,2048,16.0
cutlass_64x64_s4,4,8192,2048,11.1
cutlass_64x64_s3,4,8192,2048,11.4
cutlass_64x128_s4,4,8192,2048,14.0
cutlass_64x128_s3,4,8192,2048,14.0
cutlass_128x64_s4,4,8192,2048,17.9
cutlass_128x64_s3,4,8192,2048,17.6
cutlass_128x128_s4,4,8192,2048,27.4
cutlass_128x128_s3,4,8192,2048,27.3
cutlass_128x256_s3,4,8192,2048,55.1
cutlass_256x64_s4,4,8192,2048,32.5
cutlass_256x64_s3,4,8192,2048,32.6
cutlass_64x64_s4_sk2,4,8192,2048,12.5
cutlass_64x64_s4_sk4,4,8192,2048,13.1
cutlass_64x64_s4_sk8,4,8192,2048,14.8
cutlass_128x128_s3_sk2,4,8192,2048,19.3
cutlass_128x128_s3_sk4,4,8192,2048,21.0
cutlass_128x128_s3_sk8,4,8192,2048,24.8
cutlass_64x128_s4_sk2,4,8192,2048,11.4
cutlass_64x128_s4_sk4,4,8192,2048,12.5
cutlass_64x128_s4_sk8,4,8192,2048,14.0
cutlass_32x64_s4_sk4,4,8192,2048,9.9
cutlass_32x64_s4_sk8,4,8192,2048,11.1
cutlass_32x64_s4_sk16,4,8192,2048,12.8
cutlass_128x128_s4_sk2,4,8192,2048,18.9
cutlass_128x128_s4_sk4,4,8192,2048,21.0
cutlass_128x128_s4_sk8,4,8192,2048,24.8
cutlass_128x64_s4_sk2,4,8192,2048,19.3
cutlass_128x64_s4_sk4,4,8192,2048,20.7
cutlass_128x64_s4_sk8,4,8192,2048,22.8
cutlass_256x64_s4_sk2,4,8192,2048,36.3
cutlass_256x64_s4_sk4,4,8192,2048,40.5
cutlass_64x64_s4_sk16,4,8192,2048,17.4
cutlass_64x128_s4_sk16,4,8192,2048,16.4
cutlass_64x64_k64_s4,4,8192,2048,9.8
cutlass_64x64_k64_s3,4,8192,2048,9.9
cutlass_64x128_k64_s4,4,8192,2048,14.2
cutlass_64x128_k64_s3,4,8192,2048,14.2
cutlass_128x64_k64_s4,4,8192,2048,16.7
cutlass_128x64_k64_s3,4,8192,2048,16.9
cutlass_128x128_k64_s4,4,8192,2048,0.0
cutlass_128x128_k64_s3,4,8192,2048,28.3
cutlass_256x64_k64_s4,4,8192,2048,0.0
cutlass_256x64_k64_s3,4,8192,2048,0.0
cutlass_128x256_k64_s3,4,8192,2048,0.0
cutlass_32x64_k64_s4,4,8192,2048,8.6
cutlass_32x128_k64_s4,4,8192,2048,13.9
cutlass_64x64_k64_s4_sk2,4,8192,2048,13.1
cutlass_64x64_k64_s4_sk4,4,8192,2048,15.8
cutlass_64x64_k64_s4_sk8,4,8192,2048,17.7
cutlass_128x128_k64_s3_sk2,4,8192,2048,18.8
cutlass_128x128_k64_s3_sk4,4,8192,2048,20.9
cutlass_128x128_k64_s2,4,8192,2048,29.2
cutlass_64x64_k64_s2,4,8192,2048,12.2
cutlass_64x128_k64_s2,4,8192,2048,18.1
cutlass_128x64_k64_s2,4,8192,2048,18.6
cutlass_256x64_k64_s2,4,8192,2048,33.9
cutlass_256x128_s2,4,8192,2048,0.0
cutlass_64x64_s2,4,8192,2048,17.4
cutlass_64x128_s2,4,8192,2048,22.3
cutlass_128x64_s2,4,8192,2048,21.2
cutlass_128x128_s2,4,8192,2048,34.1
cutlass_128x256_s2,4,8192,2048,55.4
cutlass_256x64_s2,4,8192,2048,35.0
cublas,8,8192,2048,10.2
cutlass_32x64_s4,8,8192,2048,9.2
cutlass_32x64_s3,8,8192,2048,9.6
cutlass_32x128_s4,8,8192,2048,14.9
cutlass_32x128_s3,8,8192,2048,14.9
cutlass_32x256_s3,8,8192,2048,16.0
cutlass_64x64_s4,8,8192,2048,11.2
cutlass_64x64_s3,8,8192,2048,11.5
cutlass_64x128_s4,8,8192,2048,14.1
cutlass_64x128_s3,8,8192,2048,14.0
cutlass_128x64_s4,8,8192,2048,17.8
cutlass_128x64_s3,8,8192,2048,18.0
cutlass_128x128_s4,8,8192,2048,27.3
cutlass_128x128_s3,8,8192,2048,27.3
cutlass_128x256_s3,8,8192,2048,55.1
cutlass_256x64_s4,8,8192,2048,32.8
cutlass_256x64_s3,8,8192,2048,33.0
cutlass_64x64_s4_sk2,8,8192,2048,12.6
cutlass_64x64_s4_sk4,8,8192,2048,13.5
cutlass_64x64_s4_sk8,8,8192,2048,15.1
cutlass_128x128_s3_sk2,8,8192,2048,19.6
cutlass_128x128_s3_sk4,8,8192,2048,21.7
cutlass_128x128_s3_sk8,8,8192,2048,25.1
cutlass_64x128_s4_sk2,8,8192,2048,11.6
cutlass_64x128_s4_sk4,8,8192,2048,12.8
cutlass_64x128_s4_sk8,8,8192,2048,14.3
cutlass_32x64_s4_sk4,8,8192,2048,10.0
cutlass_32x64_s4_sk8,8,8192,2048,11.6
cutlass_32x64_s4_sk16,8,8192,2048,13.6
cutlass_128x128_s4_sk2,8,8192,2048,19.3
cutlass_128x128_s4_sk4,8,8192,2048,21.4
cutlass_128x128_s4_sk8,8,8192,2048,24.9
cutlass_128x64_s4_sk2,8,8192,2048,19.8
cutlass_128x64_s4_sk4,8,8192,2048,20.9
cutlass_128x64_s4_sk8,8,8192,2048,23.3
cutlass_256x64_s4_sk2,8,8192,2048,36.5
cutlass_256x64_s4_sk4,8,8192,2048,40.6
cutlass_64x64_s4_sk16,8,8192,2048,17.7
cutlass_64x128_s4_sk16,8,8192,2048,16.9
cutlass_64x64_k64_s4,8,8192,2048,10.5
cutlass_64x64_k64_s3,8,8192,2048,10.6
cutlass_64x128_k64_s4,8,8192,2048,14.2
cutlass_64x128_k64_s3,8,8192,2048,14.2
cutlass_128x64_k64_s4,8,8192,2048,16.8
cutlass_128x64_k64_s3,8,8192,2048,17.2
cutlass_128x128_k64_s4,8,8192,2048,0.0
cutlass_128x128_k64_s3,8,8192,2048,28.3
cutlass_256x64_k64_s4,8,8192,2048,0.0
cutlass_256x64_k64_s3,8,8192,2048,0.0
cutlass_128x256_k64_s3,8,8192,2048,0.0
cutlass_32x64_k64_s4,8,8192,2048,8.6
cutlass_32x128_k64_s4,8,8192,2048,13.9
cutlass_64x64_k64_s4_sk2,8,8192,2048,13.3
cutlass_64x64_k64_s4_sk4,8,8192,2048,16.1
cutlass_64x64_k64_s4_sk8,8,8192,2048,17.9
cutlass_128x128_k64_s3_sk2,8,8192,2048,19.1
cutlass_128x128_k64_s3_sk4,8,8192,2048,21.2
cutlass_128x128_k64_s2,8,8192,2048,29.5
cutlass_64x64_k64_s2,8,8192,2048,12.4
cutlass_64x128_k64_s2,8,8192,2048,18.0
cutlass_128x64_k64_s2,8,8192,2048,18.8
cutlass_256x64_k64_s2,8,8192,2048,33.8
cutlass_256x128_s2,8,8192,2048,0.0
cutlass_64x64_s2,8,8192,2048,17.5
cutlass_64x128_s2,8,8192,2048,22.4
cutlass_128x64_s2,8,8192,2048,21.3
cutlass_128x128_s2,8,8192,2048,34.1
cutlass_128x256_s2,8,8192,2048,55.5
cutlass_256x64_s2,8,8192,2048,35.3
cublas,16,8192,2048,11.7
cutlass_32x64_s4,16,8192,2048,9.9
cutlass_32x64_s3,16,8192,2048,10.4
cutlass_32x128_s4,16,8192,2048,14.9
cutlass_32x128_s3,16,8192,2048,14.9
cutlass_32x256_s3,16,8192,2048,16.1
cutlass_64x64_s4,16,8192,2048,11.7
cutlass_64x64_s3,16,8192,2048,11.6
cutlass_64x128_s4,16,8192,2048,14.0
cutlass_64x128_s3,16,8192,2048,14.0
cutlass_128x64_s4,16,8192,2048,18.0
cutlass_128x64_s3,16,8192,2048,17.9
cutlass_128x128_s4,16,8192,2048,27.4
cutlass_128x128_s3,16,8192,2048,27.4
cutlass_128x256_s3,16,8192,2048,55.1
cutlass_256x64_s4,16,8192,2048,33.5
cutlass_256x64_s3,16,8192,2048,33.5
cutlass_64x64_s4_sk2,16,8192,2048,13.1
cutlass_64x64_s4_sk4,16,8192,2048,14.1
cutlass_64x64_s4_sk8,16,8192,2048,16.1
cutlass_128x128_s3_sk2,16,8192,2048,20.0
cutlass_128x128_s3_sk4,16,8192,2048,22.4
cutlass_128x128_s3_sk8,16,8192,2048,25.8
cutlass_64x128_s4_sk2,16,8192,2048,12.1
cutlass_64x128_s4_sk4,16,8192,2048,13.2
cutlass_64x128_s4_sk8,16,8192,2048,15.1
cutlass_32x64_s4_sk4,16,8192,2048,10.6
cutlass_32x64_s4_sk8,16,8192,2048,12.8
cutlass_32x64_s4_sk16,16,8192,2048,15.7
cutlass_128x128_s4_sk2,16,8192,2048,19.8
cutlass_128x128_s4_sk4,16,8192,2048,22.7
cutlass_128x128_s4_sk8,16,8192,2048,25.6
cutlass_128x64_s4_sk2,16,8192,2048,20.6
cutlass_128x64_s4_sk4,16,8192,2048,21.4
cutlass_128x64_s4_sk8,16,8192,2048,24.1
cutlass_256x64_s4_sk2,16,8192,2048,36.6
cutlass_256x64_s4_sk4,16,8192,2048,41.4
cutlass_64x64_s4_sk16,16,8192,2048,19.2
cutlass_64x128_s4_sk16,16,8192,2048,18.1
cutlass_64x64_k64_s4,16,8192,2048,10.3
cutlass_64x64_k64_s3,16,8192,2048,10.6
cutlass_64x128_k64_s4,16,8192,2048,14.2
cutlass_64x128_k64_s3,16,8192,2048,14.1
cutlass_128x64_k64_s4,16,8192,2048,16.7
cutlass_128x64_k64_s3,16,8192,2048,17.4
cutlass_128x128_k64_s4,16,8192,2048,0.0
cutlass_128x128_k64_s3,16,8192,2048,28.1
cutlass_256x64_k64_s4,16,8192,2048,0.0
cutlass_256x64_k64_s3,16,8192,2048,0.0
cutlass_128x256_k64_s3,16,8192,2048,0.0
cutlass_32x64_k64_s4,16,8192,2048,9.1
cutlass_32x128_k64_s4,16,8192,2048,13.8
cutlass_64x64_k64_s4_sk2,16,8192,2048,14.0
cutlass_64x64_k64_s4_sk4,16,8192,2048,16.5
cutlass_64x64_k64_s4_sk8,16,8192,2048,18.4
cutlass_128x128_k64_s3_sk2,16,8192,2048,19.4
cutlass_128x128_k64_s3_sk4,16,8192,2048,21.7
cutlass_128x128_k64_s2,16,8192,2048,29.3
cutlass_64x64_k64_s2,16,8192,2048,12.8
cutlass_64x128_k64_s2,16,8192,2048,18.1
cutlass_128x64_k64_s2,16,8192,2048,19.6
cutlass_256x64_k64_s2,16,8192,2048,34.4
cutlass_256x128_s2,16,8192,2048,0.0
cutlass_64x64_s2,16,8192,2048,18.0
cutlass_64x128_s2,16,8192,2048,22.7
cutlass_128x64_s2,16,8192,2048,21.4
cutlass_128x128_s2,16,8192,2048,33.8
cutlass_128x256_s2,16,8192,2048,54.9
cutlass_256x64_s2,16,8192,2048,35.7
cublas,32,8192,2048,13.4
cutlass_32x64_s4,32,8192,2048,10.4
cutlass_32x64_s3,32,8192,2048,10.7
cutlass_32x128_s4,32,8192,2048,14.8
cutlass_32x128_s3,32,8192,2048,14.9
cutlass_32x256_s3,32,8192,2048,16.0
cutlass_64x64_s4,32,8192,2048,12.4
cutlass_64x64_s3,32,8192,2048,12.6
cutlass_64x128_s4,32,8192,2048,14.0
cutlass_64x128_s3,32,8192,2048,14.0
cutlass_128x64_s4,32,8192,2048,18.5
cutlass_128x64_s3,32,8192,2048,18.6
cutlass_128x128_s4,32,8192,2048,27.2
cutlass_128x128_s3,32,8192,2048,27.2
cutlass_128x256_s3,32,8192,2048,55.0
cutlass_256x64_s4,32,8192,2048,34.2
cutlass_256x64_s3,32,8192,2048,34.0
cutlass_64x64_s4_sk2,32,8192,2048,14.2
cutlass_64x64_s4_sk4,32,8192,2048,17.1
cutlass_64x64_s4_sk8,32,8192,2048,18.9
cutlass_128x128_s3_sk2,32,8192,2048,21.3
cutlass_128x128_s3_sk4,32,8192,2048,24.2
cutlass_128x128_s3_sk8,32,8192,2048,29.2
cutlass_64x128_s4_sk2,32,8192,2048,12.6
cutlass_64x128_s4_sk4,32,8192,2048,14.3
cutlass_64x128_s4_sk8,32,8192,2048,17.3
cutlass_32x64_s4_sk4,32,8192,2048,13.5
cutlass_32x64_s4_sk8,32,8192,2048,16.7
cutlass_32x64_s4_sk16,32,8192,2048,22.4
cutlass_128x128_s4_sk2,32,8192,2048,21.0
cutlass_128x128_s4_sk4,32,8192,2048,24.4
cutlass_128x128_s4_sk8,32,8192,2048,29.0
cutlass_128x64_s4_sk2,32,8192,2048,21.2
cutlass_128x64_s4_sk4,32,8192,2048,22.6
cutlass_128x64_s4_sk8,32,8192,2048,25.8
cutlass_256x64_s4_sk2,32,8192,2048,37.3
cutlass_256x64_s4_sk4,32,8192,2048,42.9
cutlass_64x64_s4_sk16,32,8192,2048,23.6
cutlass_64x128_s4_sk16,32,8192,2048,21.3
cutlass_64x64_k64_s4,32,8192,2048,10.9
cutlass_64x64_k64_s3,32,8192,2048,10.8
cutlass_64x128_k64_s4,32,8192,2048,14.2
cutlass_64x128_k64_s3,32,8192,2048,14.2
cutlass_128x64_k64_s4,32,8192,2048,17.5
cutlass_128x64_k64_s3,32,8192,2048,17.5
cutlass_128x128_k64_s4,32,8192,2048,0.0
cutlass_128x128_k64_s3,32,8192,2048,28.2
cutlass_256x64_k64_s4,32,8192,2048,0.0
cutlass_256x64_k64_s3,32,8192,2048,0.0
cutlass_128x256_k64_s3,32,8192,2048,0.0
cutlass_32x64_k64_s4,32,8192,2048,10.1
cutlass_32x128_k64_s4,32,8192,2048,13.9
cutlass_64x64_k64_s4_sk2,32,8192,2048,15.0
cutlass_64x64_k64_s4_sk4,32,8192,2048,18.0
cutlass_64x64_k64_s4_sk8,32,8192,2048,21.0
cutlass_128x128_k64_s3_sk2,32,8192,2048,20.5
cutlass_128x128_k64_s3_sk4,32,8192,2048,23.5
cutlass_128x128_k64_s2,32,8192,2048,29.2
cutlass_64x64_k64_s2,32,8192,2048,13.7
cutlass_64x128_k64_s2,32,8192,2048,18.4
cutlass_128x64_k64_s2,32,8192,2048,20.0
cutlass_256x64_k64_s2,32,8192,2048,34.5
cutlass_256x128_s2,32,8192,2048,0.0
cutlass_64x64_s2,32,8192,2048,18.7
cutlass_64x128_s2,32,8192,2048,23.6
cutlass_128x64_s2,32,8192,2048,22.2
cutlass_128x128_s2,32,8192,2048,33.9
cutlass_128x256_s2,32,8192,2048,55.0
cutlass_256x64_s2,32,8192,2048,36.7
cublas,64,8192,2048,18.2
cutlass_32x64_s4,64,8192,2048,19.0
cutlass_32x64_s3,64,8192,2048,19.6
cutlass_32x128_s4,64,8192,2048,15.6
cutlass_32x128_s3,64,8192,2048,16.1
cutlass_32x256_s3,64,8192,2048,16.6
cutlass_64x64_s4,64,8192,2048,14.1
cutlass_64x64_s3,64,8192,2048,14.5
cutlass_64x128_s4,64,8192,2048,14.0
cutlass_64x128_s3,64,8192,2048,14.0
cutlass_128x64_s4,64,8192,2048,19.5
cutlass_128x64_s3,64,8192,2048,19.4
cutlass_128x128_s4,64,8192,2048,27.2
cutlass_128x128_s3,64,8192,2048,27.2
cutlass_128x256_s3,64,8192,2048,54.9
cutlass_256x64_s4,64,8192,2048,35.1
cutlass_256x64_s3,64,8192,2048,35.5
cutlass_64x64_s4_sk2,64,8192,2048,18.3
cutlass_64x64_s4_sk4,64,8192,2048,22.1
cutlass_64x64_s4_sk8,64,8192,2048,28.2
cutlass_128x128_s3_sk2,64,8192,2048,23.5
cutlass_128x128_s3_sk4,64,8192,2048,28.4
cutlass_128x128_s3_sk8,64,8192,2048,36.6
cutlass_64x128_s4_sk2,64,8192,2048,16.2
cutlass_64x128_s4_sk4,64,8192,2048,19.3
cutlass_64x128_s4_sk8,64,8192,2048,26.9
cutlass_32x64_s4_sk4,64,8192,2048,25.2
cutlass_32x64_s4_sk8,64,8192,2048,30.5
cutlass_32x64_s4_sk16,64,8192,2048,41.0
cutlass_128x128_s4_sk2,64,8192,2048,23.3
cutlass_128x128_s4_sk4,64,8192,2048,28.4
cutlass_128x128_s4_sk8,64,8192,2048,36.6
cutlass_128x64_s4_sk2,64,8192,2048,23.0
cutlass_128x64_s4_sk4,64,8192,2048,25.6
cutlass_128x64_s4_sk8,64,8192,2048,30.7
cutlass_256x64_s4_sk2,64,8192,2048,40.7
cutlass_256x64_s4_sk4,64,8192,2048,45.4
cutlass_64x64_s4_sk16,64,8192,2048,40.1
cutlass_64x128_s4_sk16,64,8192,2048,39.8
cutlass_64x64_k64_s4,64,8192,2048,13.1
cutlass_64x64_k64_s3,64,8192,2048,13.4
cutlass_64x128_k64_s4,64,8192,2048,14.4
cutlass_64x128_k64_s3,64,8192,2048,14.3
cutlass_128x64_k64_s4,64,8192,2048,18.1
cutlass_128x64_k64_s3,64,8192,2048,18.3
cutlass_128x128_k64_s4,64,8192,2048,0.0
cutlass_128x128_k64_s3,64,8192,2048,28.3
cutlass_256x64_k64_s4,64,8192,2048,0.0
cutlass_256x64_k64_s3,64,8192,2048,0.0
cutlass_128x256_k64_s3,64,8192,2048,0.0
cutlass_32x64_k64_s4,64,8192,2048,18.3
cutlass_32x128_k64_s4,64,8192,2048,15.6
cutlass_64x64_k64_s4_sk2,64,8192,2048,19.3
cutlass_64x64_k64_s4_sk4,64,8192,2048,23.6
cutlass_64x64_k64_s4_sk8,64,8192,2048,31.1
cutlass_128x128_k64_s3_sk2,64,8192,2048,23.0
cutlass_128x128_k64_s3_sk4,64,8192,2048,27.4
cutlass_128x128_k64_s2,64,8192,2048,28.8
cutlass_64x64_k64_s2,64,8192,2048,15.8
cutlass_64x128_k64_s2,64,8192,2048,19.5
cutlass_128x64_k64_s2,64,8192,2048,21.4
cutlass_256x64_k64_s2,64,8192,2048,35.9
cutlass_256x128_s2,64,8192,2048,0.0
cutlass_64x64_s2,64,8192,2048,20.6
cutlass_64x128_s2,64,8192,2048,25.1
cutlass_128x64_s2,64,8192,2048,23.5
cutlass_128x128_s2,64,8192,2048,33.9
cutlass_128x256_s2,64,8192,2048,55.3
cutlass_256x64_s2,64,8192,2048,38.2
cublas,128,8192,2048,22.3
cutlass_32x64_s4,128,8192,2048,36.4
cutlass_32x64_s3,128,8192,2048,37.1
cutlass_32x128_s4,128,8192,2048,30.4
cutlass_32x128_s3,128,8192,2048,30.7
cutlass_32x256_s3,128,8192,2048,28.0
cutlass_64x64_s4,128,8192,2048,27.2
cutlass_64x64_s3,128,8192,2048,27.6
cutlass_64x128_s4,128,8192,2048,21.9
cutlass_64x128_s3,128,8192,2048,22.2
cutlass_128x64_s4,128,8192,2048,22.7
cutlass_128x64_s3,128,8192,2048,23.2
cutlass_128x128_s4,128,8192,2048,27.4
cutlass_128x128_s3,128,8192,2048,27.4
cutlass_128x256_s3,128,8192,2048,55.1
cutlass_256x64_s4,128,8192,2048,36.6
cutlass_256x64_s3,128,8192,2048,37.3
cutlass_64x64_s4_sk2,128,8192,2048,37.7
cutlass_64x64_s4_sk4,128,8192,2048,40.7
cutlass_64x64_s4_sk8,128,8192,2048,52.2
cutlass_128x128_s3_sk2,128,8192,2048,28.8
cutlass_128x128_s3_sk4,128,8192,2048,37.5
cutlass_128x128_s3_sk8,128,8192,2048,54.6
cutlass_64x128_s4_sk2,128,8192,2048,29.6
cutlass_64x128_s4_sk4,128,8192,2048,36.2
cutlass_64x128_s4_sk8,128,8192,2048,49.6
cutlass_32x64_s4_sk4,128,8192,2048,47.3
cutlass_32x64_s4_sk8,128,8192,2048,57.9
cutlass_32x64_s4_sk16,128,8192,2048,114.9
cutlass_128x128_s4_sk2,128,8192,2048,28.8
cutlass_128x128_s4_sk4,128,8192,2048,37.4
cutlass_128x128_s4_sk8,128,8192,2048,54.8
cutlass_128x64_s4_sk2,128,8192,2048,29.9
cutlass_128x64_s4_sk4,128,8192,2048,36.9
cutlass_128x64_s4_sk8,128,8192,2048,50.0
cutlass_256x64_s4_sk2,128,8192,2048,46.1
cutlass_256x64_s4_sk4,128,8192,2048,53.7
cutlass_64x64_s4_sk16,128,8192,2048,99.5
cutlass_64x128_s4_sk16,128,8192,2048,94.5
cutlass_64x64_k64_s4,128,8192,2048,28.0
cutlass_64x64_k64_s3,128,8192,2048,25.8
cutlass_64x128_k64_s4,128,8192,2048,20.8
cutlass_64x128_k64_s3,128,8192,2048,20.6
cutlass_128x64_k64_s4,128,8192,2048,21.3
cutlass_128x64_k64_s3,128,8192,2048,21.7
cutlass_128x128_k64_s4,128,8192,2048,0.0
cutlass_128x128_k64_s3,128,8192,2048,28.5
cutlass_256x64_k64_s4,128,8192,2048,0.0
cutlass_256x64_k64_s3,128,8192,2048,0.0
cutlass_128x256_k64_s3,128,8192,2048,0.0
cutlass_32x64_k64_s4,128,8192,2048,40.3
cutlass_32x128_k64_s4,128,8192,2048,34.6
cutlass_64x64_k64_s4_sk2,128,8192,2048,35.7
cutlass_64x64_k64_s4_sk4,128,8192,2048,41.8
cutlass_64x64_k64_s4_sk8,128,8192,2048,54.8
cutlass_128x128_k64_s3_sk2,128,8192,2048,28.0
cutlass_128x128_k64_s3_sk4,128,8192,2048,37.2
cutlass_128x128_k64_s2,128,8192,2048,29.4
cutlass_64x64_k64_s2,128,8192,2048,27.3
cutlass_64x128_k64_s2,128,8192,2048,24.1
cutlass_128x64_k64_s2,128,8192,2048,24.2
cutlass_256x64_k64_s2,128,8192,2048,38.1
cutlass_256x128_s2,128,8192,2048,0.0
cutlass_64x64_s2,128,8192,2048,29.5
cutlass_64x128_s2,128,8192,2048,27.3
cutlass_128x64_s2,128,8192,2048,28.0
cutlass_128x128_s2,128,8192,2048,34.0
cutlass_128x256_s2,128,8192,2048,55.5
cutlass_256x64_s2,128,8192,2048,41.2
cublas,256,8192,2048,33.4
cutlass_32x64_s4,256,8192,2048,74.4
cutlass_32x64_s3,256,8192,2048,82.6
cutlass_32x128_s4,256,8192,2048,64.9
cutlass_32x128_s3,256,8192,2048,84.6
cutlass_32x256_s3,256,8192,2048,59.6
cutlass_64x64_s4,256,8192,2048,65.6
cutlass_64x64_s3,256,8192,2048,55.3
cutlass_64x128_s4,256,8192,2048,43.6
cutlass_64x128_s3,256,8192,2048,43.1
cutlass_128x64_s4,256,8192,2048,43.9
cutlass_128x64_s3,256,8192,2048,43.6
cutlass_128x128_s4,256,8192,2048,38.1
cutlass_128x128_s3,256,8192,2048,38.0
cutlass_128x256_s3,256,8192,2048,55.1
cutlass_256x64_s4,256,8192,2048,40.9
cutlass_256x64_s3,256,8192,2048,40.7
cutlass_64x64_s4_sk2,256,8192,2048,66.9
cutlass_64x64_s4_sk4,256,8192,2048,76.7
cutlass_64x64_s4_sk8,256,8192,2048,129.9
cutlass_128x128_s3_sk2,256,8192,2048,54.4
cutlass_128x128_s3_sk4,256,8192,2048,74.0
cutlass_128x128_s3_sk8,256,8192,2048,141.5
cutlass_64x128_s4_sk2,256,8192,2048,55.7
cutlass_64x128_s4_sk4,256,8192,2048,70.0
cutlass_64x128_s4_sk8,256,8192,2048,120.4
cutlass_32x64_s4_sk4,256,8192,2048,91.2
cutlass_32x64_s4_sk8,256,8192,2048,142.8
cutlass_32x64_s4_sk16,256,8192,2048,404.9
cutlass_128x128_s4_sk2,256,8192,2048,55.8
cutlass_128x128_s4_sk4,256,8192,2048,72.2
cutlass_128x128_s4_sk8,256,8192,2048,119.8
cutlass_128x64_s4_sk2,256,8192,2048,57.5
cutlass_128x64_s4_sk4,256,8192,2048,69.8
cutlass_128x64_s4_sk8,256,8192,2048,120.1
cutlass_256x64_s4_sk2,256,8192,2048,58.4
cutlass_256x64_s4_sk4,256,8192,2048,75.9
cutlass_64x64_s4_sk16,256,8192,2048,421.4
cutlass_64x128_s4_sk16,256,8192,2048,421.5
cutlass_64x64_k64_s4,256,8192,2048,55.5
cutlass_64x64_k64_s3,256,8192,2048,52.2
cutlass_64x128_k64_s4,256,8192,2048,44.2
cutlass_64x128_k64_s3,256,8192,2048,43.3
cutlass_128x64_k64_s4,256,8192,2048,44.4
cutlass_128x64_k64_s3,256,8192,2048,44.2
cutlass_128x128_k64_s4,256,8192,2048,0.0
cutlass_128x128_k64_s3,256,8192,2048,35.3
cutlass_256x64_k64_s4,256,8192,2048,0.0
cutlass_256x64_k64_s3,256,8192,2048,0.0
cutlass_128x256_k64_s3,256,8192,2048,0.0
cutlass_32x64_k64_s4,256,8192,2048,79.9
cutlass_32x128_k64_s4,256,8192,2048,67.4
cutlass_64x64_k64_s4_sk2,256,8192,2048,66.3
cutlass_64x64_k64_s4_sk4,256,8192,2048,75.5
cutlass_64x64_k64_s4_sk8,256,8192,2048,140.7
cutlass_128x128_k64_s3_sk2,256,8192,2048,53.7
cutlass_128x128_k64_s3_sk4,256,8192,2048,71.0
cutlass_128x128_k64_s2,256,8192,2048,39.2
cutlass_64x64_k64_s2,256,8192,2048,65.5
cutlass_64x128_k64_s2,256,8192,2048,44.9
cutlass_128x64_k64_s2,256,8192,2048,44.3
cutlass_256x64_k64_s2,256,8192,2048,44.7
cutlass_256x128_s2,256,8192,2048,0.0
cutlass_64x64_s2,256,8192,2048,57.2
cutlass_64x128_s2,256,8192,2048,46.0
cutlass_128x64_s2,256,8192,2048,45.2
cutlass_128x128_s2,256,8192,2048,42.0
cutlass_128x256_s2,256,8192,2048,57.6
cutlass_256x64_s2,256,8192,2048,44.5
cublas,512,8192,2048,62.6
cutlass_32x64_s4,512,8192,2048,147.0
cutlass_32x64_s3,512,8192,2048,146.0
cutlass_32x128_s4,512,8192,2048,132.5
cutlass_32x128_s3,512,8192,2048,132.0
cutlass_32x256_s3,512,8192,2048,119.5
cutlass_64x64_s4,512,8192,2048,108.7
cutlass_64x64_s3,512,8192,2048,108.7
cutlass_64x128_s4,512,8192,2048,89.2
cutlass_64x128_s3,512,8192,2048,88.2
cutlass_128x64_s4,512,8192,2048,86.3
cutlass_128x64_s3,512,8192,2048,84.4
cutlass_128x128_s4,512,8192,2048,71.7
cutlass_128x128_s3,512,8192,2048,70.2
cutlass_128x256_s3,512,8192,2048,62.6
cutlass_256x64_s4,512,8192,2048,76.4
cutlass_256x64_s3,512,8192,2048,77.0
cutlass_64x64_s4_sk2,512,8192,2048,130.4
cutlass_64x64_s4_sk4,512,8192,2048,183.1
cutlass_64x64_s4_sk8,512,8192,2048,408.4
cutlass_128x128_s3_sk2,512,8192,2048,109.0
cutlass_128x128_s3_sk4,512,8192,2048,180.6
cutlass_128x128_s3_sk8,512,8192,2048,415.7
cutlass_64x128_s4_sk2,512,8192,2048,111.3
cutlass_64x128_s4_sk4,512,8192,2048,169.4
cutlass_64x128_s4_sk8,512,8192,2048,408.1
cutlass_32x64_s4_sk4,512,8192,2048,211.5
cutlass_32x64_s4_sk8,512,8192,2048,427.3
cutlass_32x64_s4_sk16,512,8192,2048,851.0
cutlass_128x128_s4_sk2,512,8192,2048,106.4
cutlass_128x128_s4_sk4,512,8192,2048,165.4
cutlass_128x128_s4_sk8,512,8192,2048,420.0
cutlass_128x64_s4_sk2,512,8192,2048,111.1
cutlass_128x64_s4_sk4,512,8192,2048,168.6
cutlass_128x64_s4_sk8,512,8192,2048,421.9
cutlass_256x64_s4_sk2,512,8192,2048,111.5
cutlass_256x64_s4_sk4,512,8192,2048,171.1
cutlass_64x64_s4_sk16,512,8192,2048,841.2
cutlass_64x128_s4_sk16,512,8192,2048,848.4
cutlass_64x64_k64_s4,512,8192,2048,105.7
cutlass_64x64_k64_s3,512,8192,2048,103.9
cutlass_64x128_k64_s4,512,8192,2048,87.9
cutlass_64x128_k64_s3,512,8192,2048,86.8
cutlass_128x64_k64_s4,512,8192,2048,89.3
cutlass_128x64_k64_s3,512,8192,2048,87.5
cutlass_128x128_k64_s4,512,8192,2048,0.0
cutlass_128x128_k64_s3,512,8192,2048,72.1
cutlass_256x64_k64_s4,512,8192,2048,0.0
cutlass_256x64_k64_s3,512,8192,2048,0.0
cutlass_128x256_k64_s3,512,8192,2048,0.0
cutlass_32x64_k64_s4,512,8192,2048,153.2
cutlass_32x128_k64_s4,512,8192,2048,138.7
cutlass_64x64_k64_s4_sk2,512,8192,2048,126.5
cutlass_64x64_k64_s4_sk4,512,8192,2048,190.5
cutlass_64x64_k64_s4_sk8,512,8192,2048,412.5
cutlass_128x128_k64_s3_sk2,512,8192,2048,105.8
cutlass_128x128_k64_s3_sk4,512,8192,2048,158.3
cutlass_128x128_k64_s2,512,8192,2048,78.0
cutlass_64x64_k64_s2,512,8192,2048,110.2
cutlass_64x128_k64_s2,512,8192,2048,90.0
cutlass_128x64_k64_s2,512,8192,2048,90.6
cutlass_256x64_k64_s2,512,8192,2048,87.9
cutlass_256x128_s2,512,8192,2048,0.0
cutlass_64x64_s2,512,8192,2048,109.1
cutlass_64x128_s2,512,8192,2048,102.9
cutlass_128x64_s2,512,8192,2048,114.9
cutlass_128x128_s2,512,8192,2048,79.6
cutlass_128x256_s2,512,8192,2048,64.2
cutlass_256x64_s2,512,8192,2048,85.1
cublas,1024,8192,2048,127.2
cutlass_32x64_s4,1024,8192,2048,303.0
cutlass_32x64_s3,1024,8192,2048,300.4
cutlass_32x128_s4,1024,8192,2048,255.1
cutlass_32x128_s3,1024,8192,2048,245.7
cutlass_32x256_s3,1024,8192,2048,231.1
cutlass_64x64_s4,1024,8192,2048,211.4
cutlass_64x64_s3,1024,8192,2048,202.0
cutlass_64x128_s4,1024,8192,2048,161.1
cutlass_64x128_s3,1024,8192,2048,163.5
cutlass_128x64_s4,1024,8192,2048,162.4
cutlass_128x64_s3,1024,8192,2048,165.2
cutlass_128x128_s4,1024,8192,2048,138.2
cutlass_128x128_s3,1024,8192,2048,137.9
cutlass_128x256_s3,1024,8192,2048,130.0
cutlass_256x64_s4,1024,8192,2048,150.9
cutlass_256x64_s3,1024,8192,2048,152.6
cutlass_64x64_s4_sk2,1024,8192,2048,294.3
cutlass_64x64_s4_sk4,1024,8192,2048,475.6
cutlass_64x64_s4_sk8,1024,8192,2048,871.3
cutlass_128x128_s3_sk2,1024,8192,2048,261.4
cutlass_128x128_s3_sk4,1024,8192,2048,456.2
cutlass_128x128_s3_sk8,1024,8192,2048,890.0
cutlass_64x128_s4_sk2,1024,8192,2048,256.7
cutlass_64x128_s4_sk4,1024,8192,2048,437.5
cutlass_64x128_s4_sk8,1024,8192,2048,862.8
cutlass_32x64_s4_sk4,1024,8192,2048,530.7
cutlass_32x64_s4_sk8,1024,8192,2048,880.3
cutlass_32x64_s4_sk16,1024,8192,2048,1660.1
cutlass_128x128_s4_sk2,1024,8192,2048,251.8
cutlass_128x128_s4_sk4,1024,8192,2048,434.0
cutlass_128x128_s4_sk8,1024,8192,2048,891.2
cutlass_128x64_s4_sk2,1024,8192,2048,254.0
cutlass_128x64_s4_sk4,1024,8192,2048,436.5
cutlass_128x64_s4_sk8,1024,8192,2048,882.9
cutlass_256x64_s4_sk2,1024,8192,2048,259.4
cutlass_256x64_s4_sk4,1024,8192,2048,451.1
cutlass_64x64_s4_sk16,1024,8192,2048,1639.0
cutlass_64x128_s4_sk16,1024,8192,2048,1650.9
cutlass_64x64_k64_s4,1024,8192,2048,203.5
cutlass_64x64_k64_s3,1024,8192,2048,197.1
cutlass_64x128_k64_s4,1024,8192,2048,170.1
cutlass_64x128_k64_s3,1024,8192,2048,166.9
cutlass_128x64_k64_s4,1024,8192,2048,168.9
cutlass_128x64_k64_s3,1024,8192,2048,166.7
cutlass_128x128_k64_s4,1024,8192,2048,0.0
cutlass_128x128_k64_s3,1024,8192,2048,140.6
cutlass_256x64_k64_s4,1024,8192,2048,0.0
cutlass_256x64_k64_s3,1024,8192,2048,0.0
cutlass_128x256_k64_s3,1024,8192,2048,0.0
cutlass_32x64_k64_s4,1024,8192,2048,306.4
cutlass_32x128_k64_s4,1024,8192,2048,260.4
cutlass_64x64_k64_s4_sk2,1024,8192,2048,299.7
cutlass_64x64_k64_s4_sk4,1024,8192,2048,483.9
cutlass_64x64_k64_s4_sk8,1024,8192,2048,863.8
cutlass_128x128_k64_s3_sk2,1024,8192,2048,237.9
cutlass_128x128_k64_s3_sk4,1024,8192,2048,432.3
cutlass_128x128_k64_s2,1024,8192,2048,154.7
cutlass_64x64_k64_s2,1024,8192,2048,212.9
cutlass_64x128_k64_s2,1024,8192,2048,179.3
cutlass_128x64_k64_s2,1024,8192,2048,169.1
cutlass_256x64_k64_s2,1024,8192,2048,182.0
cutlass_256x128_s2,1024,8192,2048,0.0
cutlass_64x64_s2,1024,8192,2048,214.0
cutlass_64x128_s2,1024,8192,2048,182.0
cutlass_128x64_s2,1024,8192,2048,184.4
cutlass_128x128_s2,1024,8192,2048,160.4
cutlass_128x256_s2,1024,8192,2048,131.2
cutlass_256x64_s2,1024,8192,2048,166.3
cublas,2048,8192,2048,256.3
cutlass_32x64_s4,2048,8192,2048,595.0
cutlass_32x64_s3,2048,8192,2048,585.7
cutlass_32x128_s4,2048,8192,2048,489.2
cutlass_32x128_s3,2048,8192,2048,484.8
cutlass_32x256_s3,2048,8192,2048,443.6
cutlass_64x64_s4,2048,8192,2048,402.9
cutlass_64x64_s3,2048,8192,2048,405.5
cutlass_64x128_s4,2048,8192,2048,312.3
cutlass_64x128_s3,2048,8192,2048,319.7
cutlass_128x64_s4,2048,8192,2048,315.6
cutlass_128x64_s3,2048,8192,2048,323.9
cutlass_128x128_s4,2048,8192,2048,274.4
cutlass_128x128_s3,2048,8192,2048,274.3
cutlass_128x256_s3,2048,8192,2048,269.7
cutlass_256x64_s4,2048,8192,2048,295.4
cutlass_256x64_s3,2048,8192,2048,296.1
cutlass_64x64_s4_sk2,2048,8192,2048,674.7
cutlass_64x64_s4_sk4,2048,8192,2048,973.7
cutlass_64x64_s4_sk8,2048,8192,2048,1703.2
cutlass_128x128_s3_sk2,2048,8192,2048,623.9
cutlass_128x128_s3_sk4,2048,8192,2048,971.8
cutlass_128x128_s3_sk8,2048,8192,2048,1738.9
cutlass_64x128_s4_sk2,2048,8192,2048,603.4
cutlass_64x128_s4_sk4,2048,8192,2048,925.6
cutlass_64x128_s4_sk8,2048,8192,2048,1699.9
cutlass_32x64_s4_sk4,2048,8192,2048,1087.1
cutlass_32x64_s4_sk8,2048,8192,2048,1718.4
cutlass_32x64_s4_sk16,2048,8192,2048,3245.8
cutlass_128x128_s4_sk2,2048,8192,2048,593.9
cutlass_128x128_s4_sk4,2048,8192,2048,931.4
cutlass_128x128_s4_sk8,2048,8192,2048,1737.0
cutlass_128x64_s4_sk2,2048,8192,2048,598.5
cutlass_128x64_s4_sk4,2048,8192,2048,918.6
cutlass_128x64_s4_sk8,2048,8192,2048,1727.7
cutlass_256x64_s4_sk2,2048,8192,2048,614.3
cutlass_256x64_s4_sk4,2048,8192,2048,938.5
cutlass_64x64_s4_sk16,2048,8192,2048,3210.2
cutlass_64x128_s4_sk16,2048,8192,2048,3228.1
cutlass_64x64_k64_s4,2048,8192,2048,398.1
cutlass_64x64_k64_s3,2048,8192,2048,386.8
cutlass_64x128_k64_s4,2048,8192,2048,321.5
cutlass_64x128_k64_s3,2048,8192,2048,319.0
cutlass_128x64_k64_s4,2048,8192,2048,322.4
cutlass_128x64_k64_s3,2048,8192,2048,320.9
cutlass_128x128_k64_s4,2048,8192,2048,0.0
cutlass_128x128_k64_s3,2048,8192,2048,282.6
cutlass_256x64_k64_s4,2048,8192,2048,0.0
cutlass_256x64_k64_s3,2048,8192,2048,0.0
cutlass_128x256_k64_s3,2048,8192,2048,0.0
cutlass_32x64_k64_s4,2048,8192,2048,598.3
cutlass_32x128_k64_s4,2048,8192,2048,498.2
cutlass_64x64_k64_s4_sk2,2048,8192,2048,666.6
cutlass_64x64_k64_s4_sk4,2048,8192,2048,991.6
cutlass_64x64_k64_s4_sk8,2048,8192,2048,1686.3
cutlass_128x128_k64_s3_sk2,2048,8192,2048,554.8
cutlass_128x128_k64_s3_sk4,2048,8192,2048,927.1
cutlass_128x128_k64_s2,2048,8192,2048,318.0
cutlass_64x64_k64_s2,2048,8192,2048,420.6
cutlass_64x128_k64_s2,2048,8192,2048,334.0
cutlass_128x64_k64_s2,2048,8192,2048,329.8
cutlass_256x64_k64_s2,2048,8192,2048,351.6
cutlass_256x128_s2,2048,8192,2048,0.0
cutlass_64x64_s2,2048,8192,2048,423.7
cutlass_64x128_s2,2048,8192,2048,331.8
cutlass_128x64_s2,2048,8192,2048,334.8
cutlass_128x128_s2,2048,8192,2048,357.8
cutlass_128x256_s2,2048,8192,2048,280.9
cutlass_256x64_s2,2048,8192,2048,339.8
cublas,4096,8192,2048,516.4
cutlass_32x64_s4,4096,8192,2048,1190.9
cutlass_32x64_s3,4096,8192,2048,1159.6
cutlass_32x128_s4,4096,8192,2048,969.5
cutlass_32x128_s3,4096,8192,2048,971.6
cutlass_32x256_s3,4096,8192,2048,889.1
cutlass_64x64_s4,4096,8192,2048,801.6
cutlass_64x64_s3,4096,8192,2048,822.0
cutlass_64x128_s4,4096,8192,2048,620.9
cutlass_64x128_s3,4096,8192,2048,654.0
cutlass_128x64_s4,4096,8192,2048,626.3
cutlass_128x64_s3,4096,8192,2048,658.1
cutlass_128x128_s4,4096,8192,2048,529.7
cutlass_128x128_s3,4096,8192,2048,551.7
cutlass_128x256_s3,4096,8192,2048,568.0
cutlass_256x64_s4,4096,8192,2048,578.5
cutlass_256x64_s3,4096,8192,2048,596.4
cutlass_64x64_s4_sk2,4096,8192,2048,1364.5
cutlass_64x64_s4_sk4,4096,8192,2048,1907.8
cutlass_64x64_s4_sk8,4096,8192,2048,3331.5
cutlass_128x128_s3_sk2,4096,8192,2048,1253.5
cutlass_128x128_s3_sk4,4096,8192,2048,1899.4
cutlass_128x128_s3_sk8,4096,8192,2048,3393.8
cutlass_64x128_s4_sk2,4096,8192,2048,1228.1
cutlass_64x128_s4_sk4,4096,8192,2048,1807.8
cutlass_64x128_s4_sk8,4096,8192,2048,3333.0
cutlass_32x64_s4_sk4,4096,8192,2048,2128.4
cutlass_32x64_s4_sk8,4096,8192,2048,3376.8
cutlass_32x64_s4_sk16,4096,8192,2048,6353.9
cutlass_128x128_s4_sk2,4096,8192,2048,1200.3
cutlass_128x128_s4_sk4,4096,8192,2048,1822.4
cutlass_128x128_s4_sk8,4096,8192,2048,3394.0
cutlass_128x64_s4_sk2,4096,8192,2048,1226.2
cutlass_128x64_s4_sk4,4096,8192,2048,1783.3
cutlass_128x64_s4_sk8,4096,8192,2048,3382.8
cutlass_256x64_s4_sk2,4096,8192,2048,1251.1
cutlass_256x64_s4_sk4,4096,8192,2048,1825.0
cutlass_64x64_s4_sk16,4096,8192,2048,6342.6
cutlass_64x128_s4_sk16,4096,8192,2048,6379.7
cutlass_64x64_k64_s4,4096,8192,2048,787.2
cutlass_64x64_k64_s3,4096,8192,2048,768.8
cutlass_64x128_k64_s4,4096,8192,2048,631.1
cutlass_64x128_k64_s3,4096,8192,2048,628.4
cutlass_128x64_k64_s4,4096,8192,2048,635.0
cutlass_128x64_k64_s3,4096,8192,2048,628.0
cutlass_128x128_k64_s4,4096,8192,2048,0.0
cutlass_128x128_k64_s3,4096,8192,2048,526.2
cutlass_256x64_k64_s4,4096,8192,2048,0.0
cutlass_256x64_k64_s3,4096,8192,2048,0.0
cutlass_128x256_k64_s3,4096,8192,2048,0.0
cutlass_32x64_k64_s4,4096,8192,2048,1192.1
cutlass_32x128_k64_s4,4096,8192,2048,962.2
cutlass_64x64_k64_s4_sk2,4096,8192,2048,1360.0
cutlass_64x64_k64_s4_sk4,4096,8192,2048,1934.1
cutlass_64x64_k64_s4_sk8,4096,8192,2048,3295.0
cutlass_128x128_k64_s3_sk2,4096,8192,2048,1133.1
cutlass_128x128_k64_s3_sk4,4096,8192,2048,1810.1
cutlass_128x128_k64_s2,4096,8192,2048,603.4
cutlass_64x64_k64_s2,4096,8192,2048,831.0
cutlass_64x128_k64_s2,4096,8192,2048,659.1
cutlass_128x64_k64_s2,4096,8192,2048,658.5
cutlass_256x64_k64_s2,4096,8192,2048,696.0
cutlass_256x128_s2,4096,8192,2048,0.0
cutlass_64x64_s2,4096,8192,2048,821.1
cutlass_64x128_s2,4096,8192,2048,673.3
cutlass_128x64_s2,4096,8192,2048,656.7
cutlass_128x128_s2,4096,8192,2048,766.8
cutlass_128x256_s2,4096,8192,2048,569.5
cutlass_256x64_s2,4096,8192,2048,708.1
cublas,1,8192,3072,20.2
cutlass_32x64_s4,1,8192,3072,15.9
cutlass_32x64_s3,1,8192,3072,16.1
cutlass_32x128_s4,1,8192,3072,25.8
cutlass_32x128_s3,1,8192,3072,25.7
cutlass_32x256_s3,1,8192,3072,27.5
cutlass_64x64_s4,1,8192,3072,15.1
cutlass_64x64_s3,1,8192,3072,15.6
cutlass_64x128_s4,1,8192,3072,24.0
cutlass_64x128_s3,1,8192,3072,24.0
cutlass_128x64_s4,1,8192,3072,24.3
cutlass_128x64_s3,1,8192,3072,24.3
cutlass_128x128_s4,1,8192,3072,46.6
cutlass_128x128_s3,1,8192,3072,46.6
cutlass_128x256_s3,1,8192,3072,88.2
cutlass_256x64_s4,1,8192,3072,44.4
cutlass_256x64_s3,1,8192,3072,44.4
cutlass_64x64_s4_sk2,1,8192,3072,16.5
cutlass_64x64_s4_sk4,1,8192,3072,17.2
cutlass_64x64_s4_sk8,1,8192,3072,18.4
cutlass_128x128_s3_sk2,1,8192,3072,24.9
cutlass_128x128_s3_sk4,1,8192,3072,28.5
cutlass_128x128_s3_sk8,1,8192,3072,32.4
cutlass_64x128_s4_sk2,1,8192,3072,14.9
cutlass_64x128_s4_sk4,1,8192,3072,15.9
cutlass_64x128_s4_sk8,1,8192,3072,17.2
cutlass_32x64_s4_sk4,1,8192,3072,12.3
cutlass_32x64_s4_sk8,1,8192,3072,13.7
cutlass_32x64_s4_sk16,1,8192,3072,14.9
cutlass_128x128_s4_sk2,1,8192,3072,25.1
cutlass_128x128_s4_sk4,1,8192,3072,28.3
cutlass_128x128_s4_sk8,1,8192,3072,32.7
cutlass_128x64_s4_sk2,1,8192,3072,26.8
cutlass_128x64_s4_sk4,1,8192,3072,27.5
cutlass_128x64_s4_sk8,1,8192,3072,29.8
cutlass_256x64_s4_sk2,1,8192,3072,51.3
cutlass_256x64_s4_sk4,1,8192,3072,55.8
cutlass_64x64_s4_sk16,1,8192,3072,21.0
cutlass_64x128_s4_sk16,1,8192,3072,19.7
cutlass_64x64_k64_s4,1,8192,3072,14.1
cutlass_64x64_k64_s3,1,8192,3072,14.1
cutlass_64x128_k64_s4,1,8192,3072,21.2
cutlass_64x128_k64_s3,1,8192,3072,21.2
cutlass_128x64_k64_s4,1,8192,3072,24.0
cutlass_128x64_k64_s3,1,8192,3072,24.0
cutlass_128x128_k64_s4,1,8192,3072,0.0
cutlass_128x128_k64_s3,1,8192,3072,42.2
cutlass_256x64_k64_s4,1,8192,3072,0.0
cutlass_256x64_k64_s3,1,8192,3072,0.0
cutlass_128x256_k64_s3,1,8192,3072,0.0
cutlass_32x64_k64_s4,1,8192,3072,12.7
cutlass_32x128_k64_s4,1,8192,3072,20.9
cutlass_64x64_k64_s4_sk2,1,8192,3072,17.7
cutlass_64x64_k64_s4_sk4,1,8192,3072,20.4
cutlass_64x64_k64_s4_sk8,1,8192,3072,22.5
cutlass_128x128_k64_s3_sk2,1,8192,3072,25.5
cutlass_128x128_k64_s3_sk4,1,8192,3072,28.8
cutlass_128x128_k64_s2,1,8192,3072,43.9
cutlass_64x64_k64_s2,1,8192,3072,18.0
cutlass_64x128_k64_s2,1,8192,3072,27.1
cutlass_128x64_k64_s2,1,8192,3072,27.5
cutlass_256x64_k64_s2,1,8192,3072,48.3
cutlass_256x128_s2,1,8192,3072,0.0
cutlass_64x64_s2,1,8192,3072,26.3
cutlass_64x128_s2,1,8192,3072,35.1
cutlass_128x64_s2,1,8192,3072,32.4
cutlass_128x128_s2,1,8192,3072,50.9
cutlass_128x256_s2,1,8192,3072,82.8
cutlass_256x64_s2,1,8192,3072,52.2
cutlass_gemv,1,8192,3072,10.0
cublas,2,8192,3072,15.1
cutlass_32x64_s4,2,8192,3072,14.2
cutlass_32x64_s3,2,8192,3072,14.6
cutlass_32x128_s4,2,8192,3072,22.2
cutlass_32x128_s3,2,8192,3072,22.2
cutlass_32x256_s3,2,8192,3072,23.8
cutlass_64x64_s4,2,8192,3072,16.5
cutlass_64x64_s3,2,8192,3072,16.5
cutlass_64x128_s4,2,8192,3072,20.7
cutlass_64x128_s3,2,8192,3072,20.7
cutlass_128x64_s4,2,8192,3072,25.2
cutlass_128x64_s3,2,8192,3072,25.7
cutlass_128x128_s4,2,8192,3072,40.4
cutlass_128x128_s3,2,8192,3072,40.4
cutlass_128x256_s3,2,8192,3072,81.8
cutlass_256x64_s4,2,8192,3072,48.2
cutlass_256x64_s3,2,8192,3072,48.5
cutlass_64x64_s4_sk2,2,8192,3072,17.3
cutlass_64x64_s4_sk4,2,8192,3072,17.6
cutlass_64x64_s4_sk8,2,8192,3072,19.2
cutlass_128x128_s3_sk2,2,8192,3072,27.4
cutlass_128x128_s3_sk4,2,8192,3072,29.8
cutlass_128x128_s3_sk8,2,8192,3072,34.1
cutlass_64x128_s4_sk2,2,8192,3072,15.9
cutlass_64x128_s4_sk4,2,8192,3072,16.6
cutlass_64x128_s4_sk8,2,8192,3072,17.9
cutlass_32x64_s4_sk4,2,8192,3072,12.6
cutlass_32x64_s4_sk8,2,8192,3072,14.1
cutlass_32x64_s4_sk16,2,8192,3072,15.7
cutlass_128x128_s4_sk2,2,8192,3072,27.2
cutlass_128x128_s4_sk4,2,8192,3072,29.5
cutlass_128x128_s4_sk8,2,8192,3072,34.1
cutlass_128x64_s4_sk2,2,8192,3072,28.1
cutlass_128x64_s4_sk4,2,8192,3072,29.3
cutlass_128x64_s4_sk8,2,8192,3072,31.2
cutlass_256x64_s4_sk2,2,8192,3072,52.2
cutlass_256x64_s4_sk4,2,8192,3072,57.0
cutlass_64x64_s4_sk16,2,8192,3072,21.7
cutlass_64x128_s4_sk16,2,8192,3072,20.2
cutlass_64x64_k64_s4,2,8192,3072,14.4
cutlass_64x64_k64_s3,2,8192,3072,14.9
cutlass_64x128_k64_s4,2,8192,3072,21.1
cutlass_64x128_k64_s3,2,8192,3072,21.0
cutlass_128x64_k64_s4,2,8192,3072,24.5
cutlass_128x64_k64_s3,2,8192,3072,24.6
cutlass_128x128_k64_s4,2,8192,3072,0.0
cutlass_128x128_k64_s3,2,8192,3072,41.9
cutlass_256x64_k64_s4,2,8192,3072,0.0
cutlass_256x64_k64_s3,2,8192,3072,0.0
cutlass_128x256_k64_s3,2,8192,3072,0.0
cutlass_32x64_k64_s4,2,8192,3072,12.8
cutlass_32x128_k64_s4,2,8192,3072,21.0
cutlass_64x64_k64_s4_sk2,2,8192,3072,18.0
cutlass_64x64_k64_s4_sk4,2,8192,3072,20.7
cutlass_64x64_k64_s4_sk8,2,8192,3072,22.7
cutlass_128x128_k64_s3_sk2,2,8192,3072,25.6
cutlass_128x128_k64_s3_sk4,2,8192,3072,28.9
cutlass_128x128_k64_s2,2,8192,3072,44.2
cutlass_64x64_k64_s2,2,8192,3072,18.2
cutlass_64x128_k64_s2,2,8192,3072,27.3
cutlass_128x64_k64_s2,2,8192,3072,27.7
cutlass_256x64_k64_s2,2,8192,3072,48.3
cutlass_256x128_s2,2,8192,3072,0.0
cutlass_64x64_s2,2,8192,3072,26.2
cutlass_64x128_s2,2,8192,3072,35.3
cutlass_128x64_s2,2,8192,3072,32.4
cutlass_128x128_s2,2,8192,3072,51.0
cutlass_128x256_s2,2,8192,3072,82.8
cutlass_256x64_s2,2,8192,3072,52.1
cublas,4,8192,3072,15.5
cutlass_32x64_s4,4,8192,3072,14.2
cutlass_32x64_s3,4,8192,3072,14.7
cutlass_32x128_s4,4,8192,3072,22.2
cutlass_32x128_s3,4,8192,3072,22.2
cutlass_32x256_s3,4,8192,3072,23.8
cutlass_64x64_s4,4,8192,3072,17.0
cutlass_64x64_s3,4,8192,3072,17.0
cutlass_64x128_s4,4,8192,3072,20.7
cutlass_64x128_s3,4,8192,3072,20.7
cutlass_128x64_s4,4,8192,3072,26.3
cutlass_128x64_s3,4,8192,3072,26.1
cutlass_128x128_s4,4,8192,3072,40.4
cutlass_128x128_s3,4,8192,3072,40.4
cutlass_128x256_s3,4,8192,3072,81.8
cutlass_256x64_s4,4,8192,3072,48.7
cutlass_256x64_s3,4,8192,3072,48.7
cutlass_64x64_s4_sk2,4,8192,3072,17.4
cutlass_64x64_s4_sk4,4,8192,3072,17.9
cutlass_64x64_s4_sk8,4,8192,3072,19.7
cutlass_128x128_s3_sk2,4,8192,3072,28.0
cutlass_128x128_s3_sk4,4,8192,3072,30.6
cutlass_128x128_s3_sk8,4,8192,3072,34.6
cutlass_64x128_s4_sk2,4,8192,3072,16.6
cutlass_64x128_s4_sk4,4,8192,3072,16.9
cutlass_64x128_s4_sk8,4,8192,3072,18.2
cutlass_32x64_s4_sk4,4,8192,3072,12.8
cutlass_32x64_s4_sk8,4,8192,3072,14.6
cutlass_32x64_s4_sk16,4,8192,3072,16.2
cutlass_128x128_s4_sk2,4,8192,3072,27.5
cutlass_128x128_s4_sk4,4,8192,3072,30.6
cutlass_128x128_s4_sk8,4,8192,3072,34.6
cutlass_128x64_s4_sk2,4,8192,3072,27.9
cutlass_128x64_s4_sk4,4,8192,3072,29.4
cutlass_128x64_s4_sk8,4,8192,3072,31.4
cutlass_256x64_s4_sk2,4,8192,3072,51.7
cutlass_256x64_s4_sk4,4,8192,3072,56.8
cutlass_64x64_s4_sk16,4,8192,3072,21.9
cutlass_64x128_s4_sk16,4,8192,3072,20.5
cutlass_64x64_k64_s4,4,8192,3072,14.4
cutlass_64x64_k64_s3,4,8192,3072,14.6
cutlass_64x128_k64_s4,4,8192,3072,21.4
cutlass_64x128_k64_s3,4,8192,3072,21.3
cutlass_128x64_k64_s4,4,8192,3072,24.3
cutlass_128x64_k64_s3,4,8192,3072,24.4
cutlass_128x128_k64_s4,4,8192,3072,0.0
cutlass_128x128_k64_s3,4,8192,3072,42.5
cutlass_256x64_k64_s4,4,8192,3072,0.0
cutlass_256x64_k64_s3,4,8192,3072,0.0
cutlass_128x256_k64_s3,4,8192,3072,0.0
cutlass_32x64_k64_s4,4,8192,3072,13.0
cutlass_32x128_k64_s4,4,8192,3072,21.1
cutlass_64x64_k64_s4_sk2,4,8192,3072,18.1
cutlass_64x64_k64_s4_sk4,4,8192,3072,20.8
cutlass_64x64_k64_s4_sk8,4,8192,3072,23.1
cutlass_128x128_k64_s3_sk2,4,8192,3072,25.8
cutlass_128x128_k64_s3_sk4,4,8192,3072,29.1
cutlass_128x128_k64_s2,4,8192,3072,44.2
cutlass_64x64_k64_s2,4,8192,3072,18.3
cutlass_64x128_k64_s2,4,8192,3072,27.4
cutlass_128x64_k64_s2,4,8192,3072,27.7
cutlass_256x64_k64_s2,4,8192,3072,48.9
cutlass_256x128_s2,4,8192,3072,0.0
cutlass_64x64_s2,4,8192,3072,26.3
cutlass_64x128_s2,4,8192,3072,35.3
cutlass_128x64_s2,4,8192,3072,32.4
cutlass_128x128_s2,4,8192,3072,51.0
cutlass_128x256_s2,4,8192,3072,82.9
cutlass_256x64_s2,4,8192,3072,52.3
cublas,8,8192,3072,17.6
cutlass_32x64_s4,8,8192,3072,16.3
cutlass_32x64_s3,8,8192,3072,16.7
cutlass_32x128_s4,8,8192,3072,22.2
cutlass_32x128_s3,8,8192,3072,22.2
cutlass_32x256_s3,8,8192,3072,23.8
cutlass_64x64_s4,8,8192,3072,17.6
cutlass_64x64_s3,8,8192,3072,17.9
cutlass_64x128_s4,8,8192,3072,20.8
cutlass_64x128_s3,8,8192,3072,20.7
cutlass_128x64_s4,8,8192,3072,26.3
cutlass_128x64_s3,8,8192,3072,26.7
cutlass_128x128_s4,8,8192,3072,40.6
cutlass_128x128_s3,8,8192,3072,40.4
cutlass_128x256_s3,8,8192,3072,81.8
cutlass_256x64_s4,8,8192,3072,48.9
cutlass_256x64_s3,8,8192,3072,48.9
cutlass_64x64_s4_sk2,8,8192,3072,18.0
cutlass_64x64_s4_sk4,8,8192,3072,18.2
cutlass_64x64_s4_sk8,8,8192,3072,20.4
cutlass_128x128_s3_sk2,8,8192,3072,27.6
cutlass_128x128_s3_sk4,8,8192,3072,30.6
cutlass_128x128_s3_sk8,8,8192,3072,34.9
cutlass_64x128_s4_sk2,8,8192,3072,16.9
cutlass_64x128_s4_sk4,8,8192,3072,17.2
cutlass_64x128_s4_sk8,8,8192,3072,18.6
cutlass_32x64_s4_sk4,8,8192,3072,13.5
cutlass_32x64_s4_sk8,8,8192,3072,15.4
cutlass_32x64_s4_sk16,8,8192,3072,17.0
cutlass_128x128_s4_sk2,8,8192,3072,27.6
cutlass_128x128_s4_sk4,8,8192,3072,30.9
cutlass_128x128_s4_sk8,8,8192,3072,34.9
cutlass_128x64_s4_sk2,8,8192,3072,27.8
cutlass_128x64_s4_sk4,8,8192,3072,29.3
cutlass_128x64_s4_sk8,8,8192,3072,32.0
cutlass_256x64_s4_sk2,8,8192,3072,52.1
cutlass_256x64_s4_sk4,8,8192,3072,57.1
cutlass_64x64_s4_sk16,8,8192,3072,22.8
cutlass_64x128_s4_sk16,8,8192,3072,21.4
cutlass_64x64_k64_s4,8,8192,3072,15.7
cutlass_64x64_k64_s3,8,8192,3072,16.1
cutlass_64x128_k64_s4,8,8192,3072,21.5
cutlass_64x128_k64_s3,8,8192,3072,21.4
cutlass_128x64_k64_s4,8,8192,3072,24.4
cutlass_128x64_k64_s3,8,8192,3072,24.2
cutlass_128x128_k64_s4,8,8192,3072,0.0
cutlass_128x128_k64_s3,8,8192,3072,43.2
cutlass_256x64_k64_s4,8,8192,3072,0.0
cutlass_256x64_k64_s3,8,8192,3072,0.0
cutlass_128x256_k64_s3,8,8192,3072,0.0
cutlass_32x64_k64_s4,8,8192,3072,15.2
cutlass_32x128_k64_s4,8,8192,3072,21.4
cutlass_64x64_k64_s4_sk2,8,8192,3072,19.3
cutlass_64x64_k64_s4_sk4,8,8192,3072,21.1
cutlass_64x64_k64_s4_sk8,8,8192,3072,23.3
cutlass_128x128_k64_s3_sk2,8,8192,3072,25.9
cutlass_128x128_k64_s3_sk4,8,8192,3072,29.4
cutlass_128x128_k64_s2,8,8192,3072,45.1
cutlass_64x64_k64_s2,8,8192,3072,19.0
cutlass_64x128_k64_s2,8,8192,3072,27.5
cutlass_128x64_k64_s2,8,8192,3072,27.6
cutlass_256x64_k64_s2,8,8192,3072,49.0
cutlass_256x128_s2,8,8192,3072,0.0
cutlass_64x64_s2,8,8192,3072,26.6
cutlass_64x128_s2,8,8192,3072,35.8
cutlass_128x64_s2,8,8192,3072,32.7
cutlass_128x128_s2,8,8192,3072,51.3
cutlass_128x256_s2,8,8192,3072,83.3
cutlass_256x64_s2,8,8192,3072,52.3
cublas,16,8192,3072,18.7
cutlass_32x64_s4,16,8192,3072,16.8
cutlass_32x64_s3,16,8192,3072,17.2
cutlass_32x128_s4,16,8192,3072,22.4
cutlass_32x128_s3,16,8192,3072,22.3
cutlass_32x256_s3,16,8192,3072,24.0
cutlass_64x64_s4,16,8192,3072,18.1
cutlass_64x64_s3,16,8192,3072,18.2
cutlass_64x128_s4,16,8192,3072,20.9
cutlass_64x128_s3,16,8192,3072,20.9
cutlass_128x64_s4,16,8192,3072,26.9
cutlass_128x64_s3,16,8192,3072,27.0
cutlass_128x128_s4,16,8192,3072,40.6
cutlass_128x128_s3,16,8192,3072,40.4
cutlass_128x256_s3,16,8192,3072,81.8
cutlass_256x64_s4,16,8192,3072,49.3
cutlass_256x64_s3,16,8192,3072,49.1
cutlass_64x64_s4_sk2,16,8192,3072,18.4
cutlass_64x64_s4_sk4,16,8192,3072,19.1
cutlass_64x64_s4_sk8,16,8192,3072,21.6
cutlass_128x128_s3_sk2,16,8192,3072,28.1
cutlass_128x128_s3_sk4,16,8192,3072,31.0
cutlass_128x128_s3_sk8,16,8192,3072,35.4
cutlass_64x128_s4_sk2,16,8192,3072,17.0
cutlass_64x128_s4_sk4,16,8192,3072,17.8
cutlass_64x128_s4_sk8,16,8192,3072,19.7
cutlass_32x64_s4_sk4,16,8192,3072,14.6
cutlass_32x64_s4_sk8,16,8192,3072,16.8
cutlass_32x64_s4_sk16,16,8192,3072,19.1
cutlass_128x128_s4_sk2,16,8192,3072,27.9
cutlass_128x128_s4_sk4,16,8192,3072,30.9
cutlass_128x128_s4_sk8,16,8192,3072,35.3
cutlass_128x64_s4_sk2,16,8192,3072,28.7
cutlass_128x64_s4_sk4,16,8192,3072,30.5
cutlass_128x64_s4_sk8,16,8192,3072,32.9
cutlass_256x64_s4_sk2,16,8192,3072,53.4
cutlass_256x64_s4_sk4,16,8192,3072,58.1
cutlass_64x64_s4_sk16,16,8192,3072,24.5
cutlass_64x128_s4_sk16,16,8192,3072,22.8
cutlass_64x64_k64_s4,16,8192,3072,16.1
cutlass_64x64_k64_s3,16,8192,3072,16.8
cutlass_64x128_k64_s4,16,8192,3072,21.2
cutlass_64x128_k64_s3,16,8192,3072,21.1
cutlass_128x64_k64_s4,16,8192,3072,25.2
cutlass_128x64_k64_s3,16,8192,3072,25.5
cutlass_128x128_k64_s4,16,8192,3072,0.0
cutlass_128x128_k64_s3,16,8192,3072,42.0
cutlass_256x64_k64_s4,16,8192,3072,0.0
cutlass_256x64_k64_s3,16,8192,3072,0.0
cutlass_128x256_k64_s3,16,8192,3072,0.0
cutlass_32x64_k64_s4,16,8192,3072,15.3
cutlass_32x128_k64_s4,16,8192,3072,20.9
cutlass_64x64_k64_s4_sk2,16,8192,3072,19.9
cutlass_64x64_k64_s4_sk4,16,8192,3072,22.2
cutlass_64x64_k64_s4_sk8,16,8192,3072,24.0
cutlass_128x128_k64_s3_sk2,16,8192,3072,27.3
cutlass_128x128_k64_s3_sk4,16,8192,3072,29.9
cutlass_128x128_k64_s2,16,8192,3072,43.8
cutlass_64x64_k64_s2,16,8192,3072,19.4
cutlass_64x128_k64_s2,16,8192,3072,27.1
cutlass_128x64_k64_s2,16,8192,3072,29.0
cutlass_256x64_k64_s2,16,8192,3072,50.4
cutlass_256x128_s2,16,8192,3072,0.0
cutlass_64x64_s2,16,8192,3072,26.8
cutlass_64x128_s2,16,8192,3072,36.3
cutlass_128x64_s2,16,8192,3072,32.5
cutlass_128x128_s2,16,8192,3072,50.7
cutlass_128x256_s2,16,8192,3072,82.0
cutlass_256x64_s2,16,8192,3072,52.8
cublas,32,8192,3072,22.7
cutlass_32x64_s4,32,8192,3072,19.7
cutlass_32x64_s3,32,8192,3072,20.6
cutlass_32x128_s4,32,8192,3072,22.3
cutlass_32x128_s3,32,8192,3072,22.2
cutlass_32x256_s3,32,8192,3072,24.0
cutlass_64x64_s4,32,8192,3072,20.1
cutlass_64x64_s3,32,8192,3072,20.9
cutlass_64x128_s4,32,8192,3072,20.9
cutlass_64x128_s3,32,8192,3072,20.9
cutlass_128x64_s4,32,8192,3072,27.5
cutlass_128x64_s3,32,8192,3072,28.0
cutlass_128x128_s4,32,8192,3072,40.6
cutlass_128x128_s3,32,8192,3072,40.5
cutlass_128x256_s3,32,8192,3072,81.8
cutlass_256x64_s4,32,8192,3072,49.9
cutlass_256x64_s3,32,8192,3072,50.4
cutlass_64x64_s4_sk2,32,8192,3072,20.8
cutlass_64x64_s4_sk4,32,8192,3072,24.1
cutlass_64x64_s4_sk8,32,8192,3072,25.4
cutlass_128x128_s3_sk2,32,8192,3072,29.5
cutlass_128x128_s3_sk4,32,8192,3072,33.3
cutlass_128x128_s3_sk8,32,8192,3072,38.3
cutlass_64x128_s4_sk2,32,8192,3072,17.8
cutlass_64x128_s4_sk4,32,8192,3072,19.3
cutlass_64x128_s4_sk8,32,8192,3072,22.3
cutlass_32x64_s4_sk4,32,8192,3072,18.1
cutlass_32x64_s4_sk8,32,8192,3072,22.3
cutlass_32x64_s4_sk16,32,8192,3072,27.7
cutlass_128x128_s4_sk2,32,8192,3072,29.8
cutlass_128x128_s4_sk4,32,8192,3072,32.9
cutlass_128x128_s4_sk8,32,8192,3072,37.9
cutlass_128x64_s4_sk2,32,8192,3072,30.7
cutlass_128x64_s4_sk4,32,8192,3072,31.6
cutlass_128x64_s4_sk8,32,8192,3072,35.0
cutlass_256x64_s4_sk2,32,8192,3072,54.4
cutlass_256x64_s4_sk4,32,8192,3072,60.2
cutlass_64x64_s4_sk16,32,8192,3072,29.8
cutlass_64x128_s4_sk16,32,8192,3072,27.3
cutlass_64x64_k64_s4,32,8192,3072,18.6
cutlass_64x64_k64_s3,32,8192,3072,19.1
cutlass_64x128_k64_s4,32,8192,3072,21.2
cutlass_64x128_k64_s3,32,8192,3072,21.1
cutlass_128x64_k64_s4,32,8192,3072,27.0
cutlass_128x64_k64_s3,32,8192,3072,26.0
cutlass_128x128_k64_s4,32,8192,3072,0.0
cutlass_128x128_k64_s3,32,8192,3072,41.9
cutlass_256x64_k64_s4,32,8192,3072,0.0
cutlass_256x64_k64_s3,32,8192,3072,0.0
cutlass_128x256_k64_s3,32,8192,3072,0.0
cutlass_32x64_k64_s4,32,8192,3072,18.3
cutlass_32x128_k64_s4,32,8192,3072,20.9
cutlass_64x64_k64_s4_sk2,32,8192,3072,22.3
cutlass_64x64_k64_s4_sk4,32,8192,3072,24.5
cutlass_64x64_k64_s4_sk8,32,8192,3072,27.5
cutlass_128x128_k64_s3_sk2,32,8192,3072,28.6
cutlass_128x128_k64_s3_sk4,32,8192,3072,31.7
cutlass_128x128_k64_s2,32,8192,3072,43.6
cutlass_64x64_k64_s2,32,8192,3072,21.7
cutlass_64x128_k64_s2,32,8192,3072,27.8
cutlass_128x64_k64_s2,32,8192,3072,30.1
cutlass_256x64_k64_s2,32,8192,3072,51.9
cutlass_256x128_s2,32,8192,3072,0.0
cutlass_64x64_s2,32,8192,3072,28.6
cutlass_64x128_s2,32,8192,3072,37.7
cutlass_128x64_s2,32,8192,3072,33.3
cutlass_128x128_s2,32,8192,3072,50.7
cutlass_128x256_s2,32,8192,3072,82.2
cutlass_256x64_s2,32,8192,3072,54.4
cublas,64,8192,3072,27.5
cutlass_32x64_s4,64,8192,3072,31.4
cutlass_32x64_s3,64,8192,3072,32.5
cutlass_32x128_s4,64,8192,3072,25.6
cutlass_32x128_s3,64,8192,3072,26.8
cutlass_32x256_s3,64,8192,3072,26.1
cutlass_64x64_s4,64,8192,3072,24.2
cutlass_64x64_s3,64,8192,3072,24.9
cutlass_64x128_s4,64,8192,3072,21.1
cutlass_64x128_s3,64,8192,3072,21.4
cutlass_128x64_s4,64,8192,3072,29.5
cutlass_128x64_s3,64,8192,3072,30.4
cutlass_128x128_s4,64,8192,3072,40.6
cutlass_128x128_s3,64,8192,3072,40.6
cutlass_128x256_s3,64,8192,3072,81.9
cutlass_256x64_s4,64,8192,3072,52.4
cutlass_256x64_s3,64,8192,3072,52.1
cutlass_64x64_s4_sk2,64,8192,3072,26.8
cutlass_64x64_s4_sk4,64,8192,3072,31.2
cutlass_64x64_s4_sk8,64,8192,3072,36.0
cutlass_128x128_s3_sk2,64,8192,3072,32.2
cutlass_128x128_s3_sk4,64,8192,3072,37.1
cutlass_128x128_s3_sk8,64,8192,3072,46.2
cutlass_64x128_s4_sk2,64,8192,3072,21.9
cutlass_64x128_s4_sk4,64,8192,3072,25.1
cutlass_64x128_s4_sk8,64,8192,3072,32.3
cutlass_32x64_s4_sk4,64,8192,3072,36.1
cutlass_32x64_s4_sk8,64,8192,3072,40.9
cutlass_32x64_s4_sk16,64,8192,3072,51.3
cutlass_128x128_s4_sk2,64,8192,3072,32.0
cutlass_128x128_s4_sk4,64,8192,3072,37.1
cutlass_128x128_s4_sk8,64,8192,3072,45.7
cutlass_128x64_s4_sk2,64,8192,3072,32.3
cutlass_128x64_s4_sk4,64,8192,3072,35.0
cutlass_128x64_s4_sk8,64,8192,3072,39.8
cutlass_256x64_s4_sk2,64,8192,3072,56.9
cutlass_256x64_s4_sk4,64,8192,3072,63.1
cutlass_64x64_s4_sk16,64,8192,3072,46.9
cutlass_64x128_s4_sk16,64,8192,3072,45.2
cutlass_64x64_k64_s4,64,8192,3072,22.8
cutlass_64x64_k64_s3,64,8192,3072,23.2
cutlass_64x128_k64_s4,64,8192,3072,21.5
cutlass_64x128_k64_s3,64,8192,3072,21.5
cutlass_128x64_k64_s4,64,8192,3072,27.2
cutlass_128x64_k64_s3,64,8192,3072,27.5
cutlass_128x128_k64_s4,64,8192,3072,0.0
cutlass_128x128_k64_s3,64,8192,3072,42.6
cutlass_256x64_k64_s4,64,8192,3072,0.0
cutlass_256x64_k64_s3,64,8192,3072,0.0
cutlass_128x256_k64_s3,64,8192,3072,0.0
cutlass_32x64_k64_s4,64,8192,3072,30.6
cutlass_32x128_k64_s4,64,8192,3072,25.6
cutlass_64x64_k64_s4_sk2,64,8192,3072,28.0
cutlass_64x64_k64_s4_sk4,64,8192,3072,31.2
cutlass_64x64_k64_s4_sk8,64,8192,3072,35.5
cutlass_128x128_k64_s3_sk2,64,8192,3072,31.1
cutlass_128x128_k64_s3_sk4,64,8192,3072,36.1
cutlass_128x128_k64_s2,64,8192,3072,43.6
cutlass_64x64_k64_s2,64,8192,3072,26.1
cutlass_64x128_k64_s2,64,8192,3072,30.1
cutlass_128x64_k64_s2,64,8192,3072,32.1
cutlass_256x64_k64_s2,64,8192,3072,53.1
cutlass_256x128_s2,64,8192,3072,0.0
cutlass_64x64_s2,64,8192,3072,34.8
cutlass_64x128_s2,64,8192,3072,40.9
cutlass_128x64_s2,64,8192,3072,37.1
cutlass_128x128_s2,64,8192,3072,50.7
cutlass_128x256_s2,64,8192,3072,82.6
cutlass_256x64_s2,64,8192,3072,56.9
cublas,128,8192,3072,33.0
cutlass_32x64_s4,128,8192,3072,58.2
cutlass_32x64_s3,128,8192,3072,60.2
cutlass_32x128_s4,128,8192,3072,46.5
cutlass_32x128_s3,128,8192,3072,47.3
cutlass_32x256_s3,128,8192,3072,43.2
cutlass_64x64_s4,128,8192,3072,43.2
cutlass_64x64_s3,128,8192,3072,44.3
cutlass_64x128_s4,128,8192,3072,33.3
cutlass_64x128_s3,128,8192,3072,33.9
cutlass_128x64_s4,128,8192,3072,36.3
cutlass_128x64_s3,128,8192,3072,37.1
cutlass_128x128_s4,128,8192,3072,40.9
cutlass_128x128_s3,128,8192,3072,40.8
cutlass_128x256_s3,128,8192,3072,82.1
cutlass_256x64_s4,128,8192,3072,54.0
cutlass_256x64_s3,128,8192,3072,54.1
cutlass_64x64_s4_sk2,128,8192,3072,56.3
cutlass_64x64_s4_sk4,128,8192,3072,55.7
cutlass_64x64_s4_sk8,128,8192,3072,65.8
cutlass_128x128_s3_sk2,128,8192,3072,37.4
cutlass_128x128_s3_sk4,128,8192,3072,47.0
cutlass_128x128_s3_sk8,128,8192,3072,64.7
cutlass_64x128_s4_sk2,128,8192,3072,40.1
cutlass_64x128_s4_sk4,128,8192,3072,47.8
cutlass_64x128_s4_sk8,128,8192,3072,60.9
cutlass_32x64_s4_sk4,128,8192,3072,68.9
cutlass_32x64_s4_sk8,128,8192,3072,76.6
cutlass_32x64_s4_sk16,128,8192,3072,179.7
cutlass_128x128_s4_sk2,128,8192,3072,37.8
cutlass_128x128_s4_sk4,128,8192,3072,46.9
cutlass_128x128_s4_sk8,128,8192,3072,64.4
cutlass_128x64_s4_sk2,128,8192,3072,41.5
cutlass_128x64_s4_sk4,128,8192,3072,48.4
cutlass_128x64_s4_sk8,128,8192,3072,61.6
cutlass_256x64_s4_sk2,128,8192,3072,63.5
cutlass_256x64_s4_sk4,128,8192,3072,72.0
cutlass_64x64_s4_sk16,128,8192,3072,168.5
cutlass_64x128_s4_sk16,128,8192,3072,167.5
cutlass_64x64_k64_s4,128,8192,3072,43.9
cutlass_64x64_k64_s3,128,8192,3072,41.8
cutlass_64x128_k64_s4,128,8192,3072,31.1
cutlass_64x128_k64_s3,128,8192,3072,31.7
cutlass_128x64_k64_s4,128,8192,3072,34.3
cutlass_128x64_k64_s3,128,8192,3072,35.0
cutlass_128x128_k64_s4,128,8192,3072,0.0
cutlass_128x128_k64_s3,128,8192,3072,42.4
cutlass_256x64_k64_s4,128,8192,3072,0.0
cutlass_256x64_k64_s3,128,8192,3072,0.0
cutlass_128x256_k64_s3,128,8192,3072,0.0
cutlass_32x64_k64_s4,128,8192,3072,61.4
cutlass_32x128_k64_s4,128,8192,3072,52.6
cutlass_64x64_k64_s4_sk2,128,8192,3072,51.9
cutlass_64x64_k64_s4_sk4,128,8192,3072,54.8
cutlass_64x64_k64_s4_sk8,128,8192,3072,64.6
cutlass_128x128_k64_s3_sk2,128,8192,3072,36.9
cutlass_128x128_k64_s3_sk4,128,8192,3072,45.9
cutlass_128x128_k64_s2,128,8192,3072,45.3
cutlass_64x64_k64_s2,128,8192,3072,40.1
cutlass_64x128_k64_s2,128,8192,3072,36.8
cutlass_128x64_k64_s2,128,8192,3072,39.2
cutlass_256x64_k64_s2,128,8192,3072,56.9
cutlass_256x128_s2,128,8192,3072,0.0
cutlass_64x64_s2,128,8192,3072,44.6
cutlass_64x128_s2,128,8192,3072,43.0
cutlass_128x64_s2,128,8192,3072,45.8
cutlass_128x128_s2,128,8192,3072,50.8
cutlass_128x256_s2,128,8192,3072,82.8
cutlass_256x64_s2,128,8192,3072,61.6
cublas,256,8192,3072,49.2
cutlass_32x64_s4,256,8192,3072,119.7
cutlass_32x64_s3,256,8192,3072,145.9
cutlass_32x128_s4,256,8192,3072,99.8
cutlass_32x128_s3,256,8192,3072,130.6
cutlass_32x256_s3,256,8192,3072,91.4
cutlass_64x64_s4,256,8192,3072,109.9
cutlass_64x64_s3,256,8192,3072,86.3
cutlass_64x128_s4,256,8192,3072,65.9
cutlass_64x128_s3,256,8192,3072,65.4
cutlass_128x64_s4,256,8192,3072,68.0
cutlass_128x64_s3,256,8192,3072,69.4
cutlass_128x128_s4,256,8192,3072,56.4
cutlass_128x128_s3,256,8192,3072,56.7
cutlass_128x256_s3,256,8192,3072,82.1
cutlass_256x64_s4,256,8192,3072,64.9
cutlass_256x64_s3,256,8192,3072,66.8
cutlass_64x64_s4_sk2,256,8192,3072,103.7
cutlass_64x64_s4_sk4,256,8192,3072,108.1
cutlass_64x64_s4_sk8,256,8192,3072,198.1
cutlass_128x128_s3_sk2,256,8192,3072,71.5
cutlass_128x128_s3_sk4,256,8192,3072,91.9
cutlass_128x128_s3_sk8,256,8192,3072,196.0
cutlass_64x128_s4_sk2,256,8192,3072,78.6
cutlass_64x128_s4_sk4,256,8192,3072,91.2
cutlass_64x128_s4_sk8,256,8192,3072,185.5
cutlass_32x64_s4_sk4,256,8192,3072,132.3
cutlass_32x64_s4_sk8,256,8192,3072,215.5
cutlass_32x64_s4_sk16,256,8192,3072,447.5
cutlass_128x128_s4_sk2,256,8192,3072,73.5
cutlass_128x128_s4_sk4,256,8192,3072,90.2
cutlass_128x128_s4_sk8,256,8192,3072,183.5
cutlass_128x64_s4_sk2,256,8192,3072,81.6
cutlass_128x64_s4_sk4,256,8192,3072,92.8
cutlass_128x64_s4_sk8,256,8192,3072,181.2
cutlass_256x64_s4_sk2,256,8192,3072,79.9
cutlass_256x64_s4_sk4,256,8192,3072,97.4
cutlass_64x64_s4_sk16,256,8192,3072,452.9
cutlass_64x128_s4_sk16,256,8192,3072,451.9
cutlass_64x64_k64_s4,256,8192,3072,85.4
cutlass_64x64_k64_s3,256,8192,3072,85.6
cutlass_64x128_k64_s4,256,8192,3072,66.7
cutlass_64x128_k64_s3,256,8192,3072,65.6
cutlass_128x64_k64_s4,256,8192,3072,69.3
cutlass_128x64_k64_s3,256,8192,3072,69.8
cutlass_128x128_k64_s4,256,8192,3072,0.0
cutlass_128x128_k64_s3,256,8192,3072,51.5
cutlass_256x64_k64_s4,256,8192,3072,0.0
cutlass_256x64_k64_s3,256,8192,3072,0.0
cutlass_128x256_k64_s3,256,8192,3072,0.0
cutlass_32x64_k64_s4,256,8192,3072,122.2
cutlass_32x128_k64_s4,256,8192,3072,104.5
cutlass_64x64_k64_s4_sk2,256,8192,3072,97.8
cutlass_64x64_k64_s4_sk4,256,8192,3072,104.7
cutlass_64x64_k64_s4_sk8,256,8192,3072,212.2
cutlass_128x128_k64_s3_sk2,256,8192,3072,71.0
cutlass_128x128_k64_s3_sk4,256,8192,3072,89.2
cutlass_128x128_k64_s2,256,8192,3072,58.8
cutlass_64x64_k64_s2,256,8192,3072,106.4
cutlass_64x128_k64_s2,256,8192,3072,68.2
cutlass_128x64_k64_s2,256,8192,3072,68.7
cutlass_256x64_k64_s2,256,8192,3072,68.4
cutlass_256x128_s2,256,8192,3072,0.0
cutlass_64x64_s2,256,8192,3072,89.9
cutlass_64x128_s2,256,8192,3072,72.0
cutlass_128x64_s2,256,8192,3072,71.0
cutlass_128x128_s2,256,8192,3072,63.0
cutlass_128x256_s2,256,8192,3072,84.6
cutlass_256x64_s2,256,8192,3072,72.3
cublas,512,8192,3072,93.1
cutlass_32x64_s4,512,8192,3072,242.4
cutlass_32x64_s3,512,8192,3072,235.2
cutlass_32x128_s4,512,8192,3072,205.6
cutlass_32x128_s3,512,8192,3072,210.8
cutlass_32x256_s3,512,8192,3072,186.3
cutlass_64x64_s4,512,8192,3072,170.8
cutlass_64x64_s3,512,8192,3072,169.3
cutlass_64x128_s4,512,8192,3072,129.8
cutlass_64x128_s3,512,8192,3072,131.6
cutlass_128x64_s4,512,8192,3072,133.6
cutlass_128x64_s3,512,8192,3072,138.4
cutlass_128x128_s4,512,8192,3072,102.3
cutlass_128x128_s3,512,8192,3072,103.5
cutlass_128x256_s3,512,8192,3072,90.6
cutlass_256x64_s4,512,8192,3072,120.3
cutlass_256x64_s3,512,8192,3072,126.4
cutlass_64x64_s4_sk2,512,8192,3072,197.0
cutlass_64x64_s4_sk4,512,8192,3072,268.7
cutlass_64x64_s4_sk8,512,8192,3072,460.3
cutlass_128x128_s3_sk2,512,8192,3072,144.3
cutlass_128x128_s3_sk4,512,8192,3072,244.1
cutlass_128x128_s3_sk8,512,8192,3072,456.5
cutlass_64x128_s4_sk2,512,8192,3072,153.4
cutlass_64x128_s4_sk4,512,8192,3072,225.4
cutlass_64x128_s4_sk8,512,8192,3072,440.8
cutlass_32x64_s4_sk4,512,8192,3072,325.2
cutlass_32x64_s4_sk8,512,8192,3072,511.4
cutlass_32x64_s4_sk16,512,8192,3072,905.9
cutlass_128x128_s4_sk2,512,8192,3072,141.7
cutlass_128x128_s4_sk4,512,8192,3072,228.6
cutlass_128x128_s4_sk8,512,8192,3072,444.8
cutlass_128x64_s4_sk2,512,8192,3072,154.9
cutlass_128x64_s4_sk4,512,8192,3072,227.0
cutlass_128x64_s4_sk8,512,8192,3072,447.8
cutlass_256x64_s4_sk2,512,8192,3072,154.0
cutlass_256x64_s4_sk4,512,8192,3072,234.0
cutlass_64x64_s4_sk16,512,8192,3072,884.3
cutlass_64x128_s4_sk16,512,8192,3072,885.6
cutlass_64x64_k64_s4,512,8192,3072,162.5
cutlass_64x64_k64_s3,512,8192,3072,163.5
cutlass_64x128_k64_s4,512,8192,3072,132.2
cutlass_64x128_k64_s3,512,8192,3072,130.7
cutlass_128x64_k64_s4,512,8192,3072,134.9
cutlass_128x64_k64_s3,512,8192,3072,134.6
cutlass_128x128_k64_s4,512,8192,3072,0.0
cutlass_128x128_k64_s3,512,8192,3072,103.1
cutlass_256x64_k64_s4,512,8192,3072,0.0
cutlass_256x64_k64_s3,512,8192,3072,0.0
cutlass_128x256_k64_s3,512,8192,3072,0.0
cutlass_32x64_k64_s4,512,8192,3072,236.4
cutlass_32x128_k64_s4,512,8192,3072,206.4
cutlass_64x64_k64_s4_sk2,512,8192,3072,184.4
cutlass_64x64_k64_s4_sk4,512,8192,3072,288.0
cutlass_64x64_k64_s4_sk8,512,8192,3072,484.2
cutlass_128x128_k64_s3_sk2,512,8192,3072,140.8
cutlass_128x128_k64_s3_sk4,512,8192,3072,221.7
cutlass_128x128_k64_s2,512,8192,3072,117.1
cutlass_64x64_k64_s2,512,8192,3072,170.9
cutlass_64x128_k64_s2,512,8192,3072,135.1
cutlass_128x64_k64_s2,512,8192,3072,138.1
cutlass_256x64_k64_s2,512,8192,3072,131.4
cutlass_256x128_s2,512,8192,3072,0.0
cutlass_64x64_s2,512,8192,3072,172.3
cutlass_64x128_s2,512,8192,3072,159.6
cutlass_128x64_s2,512,8192,3072,183.0
cutlass_128x128_s2,512,8192,3072,119.2
cutlass_128x256_s2,512,8192,3072,94.5
cutlass_256x64_s2,512,8192,3072,130.5
cublas,1024,8192,3072,187.3
cutlass_32x64_s4,1024,8192,3072,472.1
cutlass_32x64_s3,1024,8192,3072,452.6
cutlass_32x128_s4,1024,8192,3072,387.0
cutlass_32x128_s3,1024,8192,3072,371.6
cutlass_32x256_s3,1024,8192,3072,355.8
cutlass_64x64_s4,1024,8192,3072,318.5
cutlass_64x64_s3,1024,8192,3072,327.0
cutlass_64x128_s4,1024,8192,3072,240.7
cutlass_64x128_s3,1024,8192,3072,252.9
cutlass_128x64_s4,1024,8192,3072,253.2
cutlass_128x64_s3,1024,8192,3072,263.1
cutlass_128x128_s4,1024,8192,3072,208.5
cutlass_128x128_s3,1024,8192,3072,209.4
cutlass_128x256_s3,1024,8192,3072,199.7
cutlass_256x64_s4,1024,8192,3072,233.5
cutlass_256x64_s3,1024,8192,3072,237.7
cutlass_64x64_s4_sk2,1024,8192,3072,445.0
cutlass_64x64_s4_sk4,1024,8192,3072,590.4
cutlass_64x64_s4_sk8,1024,8192,3072,918.8
cutlass_128x128_s3_sk2,1024,8192,3072,368.2
cutlass_128x128_s3_sk4,1024,8192,3072,547.9
cutlass_128x128_s3_sk8,1024,8192,3072,919.4
cutlass_64x128_s4_sk2,1024,8192,3072,364.8
cutlass_64x128_s4_sk4,1024,8192,3072,526.8
cutlass_64x128_s4_sk8,1024,8192,3072,918.8
cutlass_32x64_s4_sk4,1024,8192,3072,712.9
cutlass_32x64_s4_sk8,1024,8192,3072,1012.4
cutlass_32x64_s4_sk16,1024,8192,3072,1723.0
cutlass_128x128_s4_sk2,1024,8192,3072,354.1
cutlass_128x128_s4_sk4,1024,8192,3072,522.8
cutlass_128x128_s4_sk8,1024,8192,3072,930.0
cutlass_128x64_s4_sk2,1024,8192,3072,366.6
cutlass_128x64_s4_sk4,1024,8192,3072,525.5
cutlass_128x64_s4_sk8,1024,8192,3072,927.4
cutlass_256x64_s4_sk2,1024,8192,3072,368.9
cutlass_256x64_s4_sk4,1024,8192,3072,552.0
cutlass_64x64_s4_sk16,1024,8192,3072,1690.4
cutlass_64x128_s4_sk16,1024,8192,3072,1698.8
cutlass_64x64_k64_s4,1024,8192,3072,309.5
cutlass_64x64_k64_s3,1024,8192,3072,302.9
cutlass_64x128_k64_s4,1024,8192,3072,253.3
cutlass_64x128_k64_s3,1024,8192,3072,249.8
cutlass_128x64_k64_s4,1024,8192,3072,253.2
cutlass_128x64_k64_s3,1024,8192,3072,252.6
cutlass_128x128_k64_s4,1024,8192,3072,0.0
cutlass_128x128_k64_s3,1024,8192,3072,208.2
cutlass_256x64_k64_s4,1024,8192,3072,0.0
cutlass_256x64_k64_s3,1024,8192,3072,0.0
cutlass_128x256_k64_s3,1024,8192,3072,0.0
cutlass_32x64_k64_s4,1024,8192,3072,472.1
cutlass_32x128_k64_s4,1024,8192,3072,398.2
cutlass_64x64_k64_s4_sk2,1024,8192,3072,458.4
cutlass_64x64_k64_s4_sk4,1024,8192,3072,618.9
cutlass_64x64_k64_s4_sk8,1024,8192,3072,941.2
cutlass_128x128_k64_s3_sk2,1024,8192,3072,334.6
cutlass_128x128_k64_s3_sk4,1024,8192,3072,500.5
cutlass_128x128_k64_s2,1024,8192,3072,232.9
cutlass_64x64_k64_s2,1024,8192,3072,324.5
cutlass_64x128_k64_s2,1024,8192,3072,254.7
cutlass_128x64_k64_s2,1024,8192,3072,259.3
cutlass_256x64_k64_s2,1024,8192,3072,251.3
cutlass_256x128_s2,1024,8192,3072,0.0
cutlass_64x64_s2,1024,8192,3072,332.0
cutlass_64x128_s2,1024,8192,3072,269.2
cutlass_128x64_s2,1024,8192,3072,278.5
cutlass_128x128_s2,1024,8192,3072,239.4
cutlass_128x256_s2,1024,8192,3072,193.9
cutlass_256x64_s2,1024,8192,3072,250.3
cublas,2048,8192,3072,378.1
cutlass_32x64_s4,2048,8192,3072,933.6
cutlass_32x64_s3,2048,8192,3072,903.7
cutlass_32x128_s4,2048,8192,3072,769.6
cutlass_32x128_s3,2048,8192,3072,763.3
cutlass_32x256_s3,2048,8192,3072,714.7
cutlass_64x64_s4,2048,8192,3072,609.4
cutlass_64x64_s3,2048,8192,3072,651.8
cutlass_64x128_s4,2048,8192,3072,475.2
cutlass_64x128_s3,2048,8192,3072,489.9
cutlass_128x64_s4,2048,8192,3072,474.9
cutlass_128x64_s3,2048,8192,3072,488.6
cutlass_128x128_s4,2048,8192,3072,409.6
cutlass_128x128_s3,2048,8192,3072,400.0
cutlass_128x256_s3,2048,8192,3072,405.7
cutlass_256x64_s4,2048,8192,3072,449.1
cutlass_256x64_s3,2048,8192,3072,449.2
cutlass_64x64_s4_sk2,2048,8192,3072,934.3
cutlass_64x64_s4_sk4,2048,8192,3072,1176.0
cutlass_64x64_s4_sk8,2048,8192,3072,1758.2
cutlass_128x128_s3_sk2,2048,8192,3072,777.9
cutlass_128x128_s3_sk4,2048,8192,3072,1126.7
cutlass_128x128_s3_sk8,2048,8192,3072,1768.4
cutlass_64x128_s4_sk2,2048,8192,3072,786.6
cutlass_64x128_s4_sk4,2048,8192,3072,1061.3
cutlass_64x128_s4_sk8,2048,8192,3072,1771.1
cutlass_32x64_s4_sk4,2048,8192,3072,1426.3
cutlass_32x64_s4_sk8,2048,8192,3072,1958.2
cutlass_32x64_s4_sk16,2048,8192,3072,3330.5
cutlass_128x128_s4_sk2,2048,8192,3072,754.2
cutlass_128x128_s4_sk4,2048,8192,3072,1061.3
cutlass_128x128_s4_sk8,2048,8192,3072,1795.6
cutlass_128x64_s4_sk2,2048,8192,3072,793.7
cutlass_128x64_s4_sk4,2048,8192,3072,1066.3
cutlass_128x64_s4_sk8,2048,8192,3072,1788.4
cutlass_256x64_s4_sk2,2048,8192,3072,787.5
cutlass_256x64_s4_sk4,2048,8192,3072,1091.9
cutlass_64x64_s4_sk16,2048,8192,3072,3275.0
cutlass_64x128_s4_sk16,2048,8192,3072,3293.1
cutlass_64x64_k64_s4,2048,8192,3072,608.4
cutlass_64x64_k64_s3,2048,8192,3072,595.4
cutlass_64x128_k64_s4,2048,8192,3072,484.5
cutlass_64x128_k64_s3,2048,8192,3072,489.1
cutlass_128x64_k64_s4,2048,8192,3072,482.4
cutlass_128x64_k64_s3,2048,8192,3072,485.0
cutlass_128x128_k64_s4,2048,8192,3072,0.0
cutlass_128x128_k64_s3,2048,8192,3072,418.1
cutlass_256x64_k64_s4,2048,8192,3072,0.0
cutlass_256x64_k64_s3,2048,8192,3072,0.0
cutlass_128x256_k64_s3,2048,8192,3072,0.0
cutlass_32x64_k64_s4,2048,8192,3072,961.6
cutlass_32x128_k64_s4,2048,8192,3072,792.6
cutlass_64x64_k64_s4_sk2,2048,8192,3072,930.6
cutlass_64x64_k64_s4_sk4,2048,8192,3072,1219.8
cutlass_64x64_k64_s4_sk8,2048,8192,3072,1802.8
cutlass_128x128_k64_s3_sk2,2048,8192,3072,709.1
cutlass_128x128_k64_s3_sk4,2048,8192,3072,1012.3
cutlass_128x128_k64_s2,2048,8192,3072,476.8
cutlass_64x64_k64_s2,2048,8192,3072,630.8
cutlass_64x128_k64_s2,2048,8192,3072,503.1
cutlass_128x64_k64_s2,2048,8192,3072,501.6
cutlass_256x64_k64_s2,2048,8192,3072,466.4
cutlass_256x128_s2,2048,8192,3072,0.0
cutlass_64x64_s2,2048,8192,3072,648.1
cutlass_64x128_s2,2048,8192,3072,510.5
cutlass_128x64_s2,2048,8192,3072,511.0
cutlass_128x128_s2,2048,8192,3072,513.0
cutlass_128x256_s2,2048,8192,3072,398.6
cutlass_256x64_s2,2048,8192,3072,493.1
cublas,4096,8192,3072,751.3
cutlass_32x64_s4,4096,8192,3072,1938.3
cutlass_32x64_s3,4096,8192,3072,1887.9
cutlass_32x128_s4,4096,8192,3072,1611.2
cutlass_32x128_s3,4096,8192,3072,1594.2
cutlass_32x256_s3,4096,8192,3072,1429.9
cutlass_64x64_s4,4096,8192,3072,1263.7
cutlass_64x64_s3,4096,8192,3072,1263.9
cutlass_64x128_s4,4096,8192,3072,980.3
cutlass_64x128_s3,4096,8192,3072,1012.4
cutlass_128x64_s4,4096,8192,3072,952.0
cutlass_128x64_s3,4096,8192,3072,977.6
cutlass_128x128_s4,4096,8192,3072,773.9
cutlass_128x128_s3,4096,8192,3072,826.6
cutlass_128x256_s3,4096,8192,3072,849.6
cutlass_256x64_s4,4096,8192,3072,846.5
cutlass_256x64_s3,4096,8192,3072,873.2
cutlass_64x64_s4_sk2,4096,8192,3072,1861.3
cutlass_64x64_s4_sk4,4096,8192,3072,2308.8
cutlass_64x64_s4_sk8,4096,8192,3072,3447.1
cutlass_128x128_s3_sk2,4096,8192,3072,1549.2
cutlass_128x128_s3_sk4,4096,8192,3072,2174.4
cutlass_128x128_s3_sk8,4096,8192,3072,3442.4
cutlass_64x128_s4_sk2,4096,8192,3072,1577.5
cutlass_64x128_s4_sk4,4096,8192,3072,2058.9
cutlass_64x128_s4_sk8,4096,8192,3072,3430.2
cutlass_32x64_s4_sk4,4096,8192,3072,2805.9
cutlass_32x64_s4_sk8,4096,8192,3072,3832.8
cutlass_32x64_s4_sk16,4096,8192,3072,6509.6
cutlass_128x128_s4_sk2,4096,8192,3072,1493.7
cutlass_128x128_s4_sk4,4096,8192,3072,2032.1
cutlass_128x128_s4_sk8,4096,8192,3072,3471.5
cutlass_128x64_s4_sk2,4096,8192,3072,1594.8
cutlass_128x64_s4_sk4,4096,8192,3072,2076.4
cutlass_128x64_s4_sk8,4096,8192,3072,3459.5
cutlass_256x64_s4_sk2,4096,8192,3072,1564.0
cutlass_256x64_s4_sk4,4096,8192,3072,2110.7
cutlass_64x64_s4_sk16,4096,8192,3072,6425.4
cutlass_64x128_s4_sk16,4096,8192,3072,6467.5
cutlass_64x64_k64_s4,4096,8192,3072,1220.5
cutlass_64x64_k64_s3,4096,8192,3072,1223.2
cutlass_64x128_k64_s4,4096,8192,3072,968.8
cutlass_64x128_k64_s3,4096,8192,3072,987.9
cutlass_128x64_k64_s4,4096,8192,3072,939.2
cutlass_128x64_k64_s3,4096,8192,3072,962.5
cutlass_128x128_k64_s4,4096,8192,3072,0.0
cutlass_128x128_k64_s3,4096,8192,3072,768.1
cutlass_256x64_k64_s4,4096,8192,3072,0.0
cutlass_256x64_k64_s3,4096,8192,3072,0.0
cutlass_128x256_k64_s3,4096,8192,3072,0.0
cutlass_32x64_k64_s4,4096,8192,3072,1917.0
cutlass_32x128_k64_s4,4096,8192,3072,1564.4
cutlass_64x64_k64_s4_sk2,4096,8192,3072,1853.3
cutlass_64x64_k64_s4_sk4,4096,8192,3072,2364.3
cutlass_64x64_k64_s4_sk8,4096,8192,3072,3504.6
cutlass_128x128_k64_s3_sk2,4096,8192,3072,1417.9
cutlass_128x128_k64_s3_sk4,4096,8192,3072,1945.4
cutlass_128x128_k64_s2,4096,8192,3072,892.0
cutlass_64x64_k64_s2,4096,8192,3072,1328.1
cutlass_64x128_k64_s2,4096,8192,3072,1009.0
cutlass_128x64_k64_s2,4096,8192,3072,984.0
cutlass_256x64_k64_s2,4096,8192,3072,904.3
cutlass_256x128_s2,4096,8192,3072,0.0
cutlass_64x64_s2,4096,8192,3072,1350.5
cutlass_64x128_s2,4096,8192,3072,1039.7
cutlass_128x64_s2,4096,8192,3072,1010.4
cutlass_128x128_s2,4096,8192,3072,1034.9
cutlass_128x256_s2,4096,8192,3072,801.7
cutlass_256x64_s2,4096,8192,3072,1030.0
cublas,1,2048,8192,12.0
cutlass_32x64_s4,1,2048,8192,41.4
cutlass_32x64_s3,1,2048,8192,40.8
cutlass_32x128_s4,1,2048,8192,68.0
cutlass_32x128_s3,1,2048,8192,67.1
cutlass_32x256_s3,1,2048,8192,70.6
cutlass_64x64_s4,1,2048,8192,38.1
cutlass_64x64_s3,1,2048,8192,38.0
cutlass_64x128_s4,1,2048,8192,61.5
cutlass_64x128_s3,1,2048,8192,61.5
cutlass_128x64_s4,1,2048,8192,59.2
cutlass_128x64_s3,1,2048,8192,57.9
cutlass_128x128_s4,1,2048,8192,112.1
cutlass_128x128_s3,1,2048,8192,112.1
cutlass_128x256_s3,1,2048,8192,220.1
cutlass_256x64_s4,1,2048,8192,111.6
cutlass_256x64_s3,1,2048,8192,110.3
cutlass_64x64_s4_sk2,1,2048,8192,18.5
cutlass_64x64_s4_sk4,1,2048,8192,12.4
cutlass_64x64_s4_sk8,1,2048,8192,12.4
cutlass_128x128_s3_sk2,1,2048,8192,56.2
cutlass_128x128_s3_sk4,1,2048,8192,29.6
cutlass_128x128_s3_sk8,1,2048,8192,18.7
cutlass_64x128_s4_sk2,1,2048,8192,29.3
cutlass_64x128_s4_sk4,1,2048,8192,15.8
cutlass_64x128_s4_sk8,1,2048,8192,11.3
cutlass_32x64_s4_sk4,1,2048,8192,10.9
cutlass_32x64_s4_sk8,1,2048,8192,8.8
cutlass_32x64_s4_sk16,1,2048,8192,9.5
cutlass_128x128_s4_sk2,1,2048,8192,55.6
cutlass_128x128_s4_sk4,1,2048,8192,29.3
cutlass_128x128_s4_sk8,1,2048,8192,18.5
cutlass_128x64_s4_sk2,1,2048,8192,29.3
cutlass_128x64_s4_sk4,1,2048,8192,18.5
cutlass_128x64_s4_sk8,1,2048,8192,18.9
cutlass_256x64_s4_sk2,1,2048,8192,56.8
cutlass_256x64_s4_sk4,1,2048,8192,32.9
cutlass_64x64_s4_sk16,1,2048,8192,13.2
cutlass_64x128_s4_sk16,1,2048,8192,12.6
cutlass_64x64_k64_s4,1,2048,8192,27.5
cutlass_64x64_k64_s3,1,2048,8192,26.8
cutlass_64x128_k64_s4,1,2048,8192,54.3
cutlass_64x128_k64_s3,1,2048,8192,54.3
cutlass_128x64_k64_s4,1,2048,8192,54.6
cutlass_128x64_k64_s3,1,2048,8192,54.6
cutlass_128x128_k64_s4,1,2048,8192,0.0
cutlass_128x128_k64_s3,1,2048,8192,108.7
cutlass_256x64_k64_s4,1,2048,8192,0.0
cutlass_256x64_k64_s3,1,2048,8192,0.0
cutlass_128x256_k64_s3,1,2048,8192,0.0
cutlass_32x64_k64_s4,1,2048,8192,32.0
cutlass_32x128_k64_s4,1,2048,8192,54.1
cutlass_64x64_k64_s4_sk2,1,2048,8192,18.3
cutlass_64x64_k64_s4_sk4,1,2048,8192,12.5
cutlass_64x64_k64_s4_sk8,1,2048,8192,12.9
cutlass_128x128_k64_s3_sk2,1,2048,8192,56.8
cutlass_128x128_k64_s3_sk4,1,2048,8192,30.0
cutlass_128x128_k64_s2,1,2048,8192,113.5
cutlass_64x64_k64_s2,1,2048,8192,46.2
cutlass_64x128_k64_s2,1,2048,8192,69.6
cutlass_128x64_k64_s2,1,2048,8192,70.7
cutlass_256x64_k64_s2,1,2048,8192,123.3
cutlass_256x128_s2,1,2048,8192,0.0
cutlass_64x64_s2,1,2048,8192,67.7
cutlass_64x128_s2,1,2048,8192,85.7
cutlass_128x64_s2,1,2048,8192,82.1
cutlass_128x128_s2,1,2048,8192,133.5
cutlass_128x256_s2,1,2048,8192,217.4
cutlass_256x64_s2,1,2048,8192,136.1
cutlass_gemv,1,2048,8192,12.1
cublas,2,2048,8192,29.4
cutlass_32x64_s4,2,2048,8192,35.5
cutlass_32x64_s3,2,2048,8192,35.0
cutlass_32x128_s4,2,2048,8192,58.4
cutlass_32x128_s3,2,2048,8192,58.4
cutlass_32x256_s3,2,2048,8192,62.4
cutlass_64x64_s4,2,2048,8192,33.5
cutlass_64x64_s3,2,2048,8192,33.5
cutlass_64x128_s4,2,2048,8192,54.3
cutlass_64x128_s3,2,2048,8192,54.3
cutlass_128x64_s4,2,2048,8192,54.7
cutlass_128x64_s3,2,2048,8192,54.7
cutlass_128x128_s4,2,2048,8192,105.9
cutlass_128x128_s3,2,2048,8192,105.9
cutlass_128x256_s3,2,2048,8192,214.9
cutlass_256x64_s4,2,2048,8192,108.9
cutlass_256x64_s3,2,2048,8192,108.9
cutlass_64x64_s4_sk2,2,2048,8192,18.2
cutlass_64x64_s4_sk4,2,2048,8192,12.3
cutlass_64x64_s4_sk8,2,2048,8192,12.5
cutlass_128x128_s3_sk2,2,2048,8192,55.6
cutlass_128x128_s3_sk4,2,2048,8192,29.2
cutlass_128x128_s3_sk8,2,2048,8192,19.3
cutlass_64x128_s4_sk2,2,2048,8192,28.9
cutlass_64x128_s4_sk4,2,2048,8192,15.7
cutlass_64x128_s4_sk8,2,2048,8192,11.4
cutlass_32x64_s4_sk4,2,2048,8192,10.9
cutlass_32x64_s4_sk8,2,2048,8192,9.2
cutlass_32x64_s4_sk16,2,2048,8192,10.0
cutlass_128x128_s4_sk2,2,2048,8192,55.3
cutlass_128x128_s4_sk4,2,2048,8192,29.1
cutlass_128x128_s4_sk8,2,2048,8192,18.7
cutlass_128x64_s4_sk2,2,2048,8192,29.1
cutlass_128x64_s4_sk4,2,2048,8192,18.7
cutlass_128x64_s4_sk8,2,2048,8192,19.0
cutlass_256x64_s4_sk2,2,2048,8192,56.4
cutlass_256x64_s4_sk4,2,2048,8192,33.4
cutlass_64x64_s4_sk16,2,2048,8192,13.6
cutlass_64x128_s4_sk16,2,2048,8192,12.9
cutlass_64x64_k64_s4,2,2048,8192,27.6
cutlass_64x64_k64_s3,2,2048,8192,26.7
cutlass_64x128_k64_s4,2,2048,8192,54.3
cutlass_64x128_k64_s3,2,2048,8192,54.2
cutlass_128x64_k64_s4,2,2048,8192,54.6
cutlass_128x64_k64_s3,2,2048,8192,54.6
cutlass_128x128_k64_s4,2,2048,8192,0.0
cutlass_128x128_k64_s3,2,2048,8192,108.6
cutlass_256x64_k64_s4,2,2048,8192,0.0
cutlass_256x64_k64_s3,2,2048,8192,0.0
cutlass_128x256_k64_s3,2,2048,8192,0.0
cutlass_32x64_k64_s4,2,2048,8192,32.1
cutlass_32x128_k64_s4,2,2048,8192,54.1
cutlass_64x64_k64_s4_sk2,2,2048,8192,18.3
cutlass_64x64_k64_s4_sk4,2,2048,8192,11.9
cutlass_64x64_k64_s4_sk8,2,2048,8192,13.1
cutlass_128x128_k64_s3_sk2,2,2048,8192,56.8
cutlass_128x128_k64_s3_sk4,2,2048,8192,30.0
cutlass_128x128_k64_s2,2,2048,8192,113.5
cutlass_64x64_k64_s2,2,2048,8192,46.1
cutlass_64x128_k64_s2,2,2048,8192,69.6
cutlass_128x64_k64_s2,2,2048,8192,70.7
cutlass_256x64_k64_s2,2,2048,8192,122.6
cutlass_256x128_s2,2,2048,8192,0.0
cutlass_64x64_s2,2,2048,8192,67.3
cutlass_64x128_s2,2,2048,8192,85.3
cutlass_128x64_s2,2,2048,8192,81.7
cutlass_128x128_s2,2,2048,8192,132.7
cutlass_128x256_s2,2,2048,8192,215.9
cutlass_256x64_s2,2,2048,8192,135.3
cublas,4,2048,8192,29.3
cutlass_32x64_s4,4,2048,8192,35.3
cutlass_32x64_s3,4,2048,8192,34.7
cutlass_32x128_s4,4,2048,8192,58.0
cutlass_32x128_s3,4,2048,8192,58.0
cutlass_32x256_s3,4,2048,8192,62.0
cutlass_64x64_s4,4,2048,8192,33.4
cutlass_64x64_s3,4,2048,8192,33.3
cutlass_64x128_s4,4,2048,8192,54.0
cutlass_64x128_s3,4,2048,8192,54.0
cutlass_128x64_s4,4,2048,8192,54.3
cutlass_128x64_s3,4,2048,8192,54.3
cutlass_128x128_s4,4,2048,8192,105.2
cutlass_128x128_s3,4,2048,8192,105.3
cutlass_128x256_s3,4,2048,8192,213.6
cutlass_256x64_s4,4,2048,8192,108.3
cutlass_256x64_s3,4,2048,8192,108.2
cutlass_64x64_s4_sk2,4,2048,8192,18.2
cutlass_64x64_s4_sk4,4,2048,8192,12.6
cutlass_64x64_s4_sk8,4,2048,8192,12.7
cutlass_128x128_s3_sk2,4,2048,8192,55.3
cutlass_128x128_s3_sk4,4,2048,8192,29.2
cutlass_128x128_s3_sk8,4,2048,8192,19.6
cutlass_64x128_s4_sk2,4,2048,8192,28.8
cutlass_64x128_s4_sk4,4,2048,8192,15.7
cutlass_64x128_s4_sk8,4,2048,8192,11.8
cutlass_32x64_s4_sk4,4,2048,8192,11.0
cutlass_32x64_s4_sk8,4,2048,8192,9.3
cutlass_32x64_s4_sk16,4,2048,8192,10.4
cutlass_128x128_s4_sk2,4,2048,8192,55.0
cutlass_128x128_s4_sk4,4,2048,8192,29.1
cutlass_128x128_s4_sk8,4,2048,8192,19.1
cutlass_128x64_s4_sk2,4,2048,8192,29.0
cutlass_128x64_s4_sk4,4,2048,8192,19.1
cutlass_128x64_s4_sk8,4,2048,8192,19.7
cutlass_256x64_s4_sk2,4,2048,8192,56.0
cutlass_256x64_s4_sk4,4,2048,8192,33.6
cutlass_64x64_s4_sk16,4,2048,8192,14.0
cutlass_64x128_s4_sk16,4,2048,8192,13.4
cutlass_64x64_k64_s4,4,2048,8192,27.4
cutlass_64x64_k64_s3,4,2048,8192,26.6
cutlass_64x128_k64_s4,4,2048,8192,54.0
cutlass_64x128_k64_s3,4,2048,8192,53.9
cutlass_128x64_k64_s4,4,2048,8192,54.3
cutlass_128x64_k64_s3,4,2048,8192,54.2
cutlass_128x128_k64_s4,4,2048,8192,0.0
cutlass_128x128_k64_s3,4,2048,8192,108.0
cutlass_256x64_k64_s4,4,2048,8192,0.0
cutlass_256x64_k64_s3,4,2048,8192,0.0
cutlass_128x256_k64_s3,4,2048,8192,0.0
cutlass_32x64_k64_s4,4,2048,8192,31.9
cutlass_32x128_k64_s4,4,2048,8192,53.7
cutlass_64x64_k64_s4_sk2,4,2048,8192,18.2
cutlass_64x64_k64_s4_sk4,4,2048,8192,12.0
cutlass_64x64_k64_s4_sk8,4,2048,8192,13.5
cutlass_128x128_k64_s3_sk2,4,2048,8192,56.5
cutlass_128x128_k64_s3_sk4,4,2048,8192,30.0
cutlass_128x128_k64_s2,4,2048,8192,112.9
cutlass_64x64_k64_s2,4,2048,8192,46.0
cutlass_64x128_k64_s2,4,2048,8192,69.2
cutlass_128x64_k64_s2,4,2048,8192,70.3
cutlass_256x64_k64_s2,4,2048,8192,122.6
cutlass_256x128_s2,4,2048,8192,0.0
cutlass_64x64_s2,4,2048,8192,67.3
cutlass_64x128_s2,4,2048,8192,85.4
cutlass_128x64_s2,4,2048,8192,81.7
cutlass_128x128_s2,4,2048,8192,132.7
cutlass_128x256_s2,4,2048,8192,216.1
cutlass_256x64_s2,4,2048,8192,135.2
cublas,8,2048,8192,29.7
cutlass_32x64_s4,8,2048,8192,35.3
cutlass_32x64_s3,8,2048,8192,34.7
cutlass_32x128_s4,8,2048,8192,58.0
cutlass_32x128_s3,8,2048,8192,58.0
cutlass_32x256_s3,8,2048,8192,62.0
cutlass_64x64_s4,8,2048,8192,33.4
cutlass_64x64_s3,8,2048,8192,33.3
cutlass_64x128_s4,8,2048,8192,54.0
cutlass_64x128_s3,8,2048,8192,54.0
cutlass_128x64_s4,8,2048,8192,54.4
cutlass_128x64_s3,8,2048,8192,54.3
cutlass_128x128_s4,8,2048,8192,105.2
cutlass_128x128_s3,8,2048,8192,105.2
cutlass_128x256_s3,8,2048,8192,213.5
cutlass_256x64_s4,8,2048,8192,108.3
cutlass_256x64_s3,8,2048,8192,108.2
cutlass_64x64_s4_sk2,8,2048,8192,18.2
cutlass_64x64_s4_sk4,8,2048,8192,12.7
cutlass_64x64_s4_sk8,8,2048,8192,12.8
cutlass_128x128_s3_sk2,8,2048,8192,55.3
cutlass_128x128_s3_sk4,8,2048,8192,29.2
cutlass_128x128_s3_sk8,8,2048,8192,19.6
cutlass_64x128_s4_sk2,8,2048,8192,28.8
cutlass_64x128_s4_sk4,8,2048,8192,15.7
cutlass_64x128_s4_sk8,8,2048,8192,12.0
cutlass_32x64_s4_sk4,8,2048,8192,11.0
cutlass_32x64_s4_sk8,8,2048,8192,9.8
cutlass_32x64_s4_sk16,8,2048,8192,10.7
cutlass_128x128_s4_sk2,8,2048,8192,55.0
cutlass_128x128_s4_sk4,8,2048,8192,29.1
cutlass_128x128_s4_sk8,8,2048,8192,19.4
cutlass_128x64_s4_sk2,8,2048,8192,29.1
cutlass_128x64_s4_sk4,8,2048,8192,19.1
cutlass_128x64_s4_sk8,8,2048,8192,19.6
cutlass_256x64_s4_sk2,8,2048,8192,56.0
cutlass_256x64_s4_sk4,8,2048,8192,33.9
cutlass_64x64_s4_sk16,8,2048,8192,14.3
cutlass_64x128_s4_sk16,8,2048,8192,13.6
cutlass_64x64_k64_s4,8,2048,8192,27.4
cutlass_64x64_k64_s3,8,2048,8192,26.6
cutlass_64x128_k64_s4,8,2048,8192,54.0
cutlass_64x128_k64_s3,8,2048,8192,53.9
cutlass_128x64_k64_s4,8,2048,8192,54.3
cutlass_128x64_k64_s3,8,2048,8192,54.3
cutlass_128x128_k64_s4,8,2048,8192,0.0
cutlass_128x128_k64_s3,8,2048,8192,108.0
cutlass_256x64_k64_s4,8,2048,8192,0.0
cutlass_256x64_k64_s3,8,2048,8192,0.0
cutlass_128x256_k64_s3,8,2048,8192,0.0
cutlass_32x64_k64_s4,8,2048,8192,31.8
cutlass_32x128_k64_s4,8,2048,8192,53.9
cutlass_64x64_k64_s4_sk2,8,2048,8192,18.2
cutlass_64x64_k64_s4_sk4,8,2048,8192,12.1
cutlass_64x64_k64_s4_sk8,8,2048,8192,13.6
cutlass_128x128_k64_s3_sk2,8,2048,8192,56.5
cutlass_128x128_k64_s3_sk4,8,2048,8192,30.0
cutlass_128x128_k64_s2,8,2048,8192,113.6
cutlass_64x64_k64_s2,8,2048,8192,46.0
cutlass_64x128_k64_s2,8,2048,8192,69.2
cutlass_128x64_k64_s2,8,2048,8192,70.3
cutlass_256x64_k64_s2,8,2048,8192,122.6
cutlass_256x128_s2,8,2048,8192,0.0
cutlass_64x64_s2,8,2048,8192,67.5
cutlass_64x128_s2,8,2048,8192,85.7
cutlass_128x64_s2,8,2048,8192,81.7
cutlass_128x128_s2,8,2048,8192,132.7
cutlass_128x256_s2,8,2048,8192,215.8
cutlass_256x64_s2,8,2048,8192,135.2
cublas,16,2048,8192,30.4
cutlass_32x64_s4,16,2048,8192,35.3
cutlass_32x64_s3,16,2048,8192,34.7
cutlass_32x128_s4,16,2048,8192,58.0
cutlass_32x128_s3,16,2048,8192,58.0
cutlass_32x256_s3,16,2048,8192,62.0
cutlass_64x64_s4,16,2048,8192,33.2
cutlass_64x64_s3,16,2048,8192,33.4
cutlass_64x128_s4,16,2048,8192,54.0
cutlass_64x128_s3,16,2048,8192,54.0
cutlass_128x64_s4,16,2048,8192,54.3
cutlass_128x64_s3,16,2048,8192,54.4
cutlass_128x128_s4,16,2048,8192,105.2
cutlass_128x128_s3,16,2048,8192,105.2
cutlass_128x256_s3,16,2048,8192,213.6
cutlass_256x64_s4,16,2048,8192,108.2
cutlass_256x64_s3,16,2048,8192,108.2
cutlass_64x64_s4_sk2,16,2048,8192,18.2
cutlass_64x64_s4_sk4,16,2048,8192,12.8
cutlass_64x64_s4_sk8,16,2048,8192,13.2
cutlass_128x128_s3_sk2,16,2048,8192,55.4
cutlass_128x128_s3_sk4,16,2048,8192,29.2
cutlass_128x128_s3_sk8,16,2048,8192,20.0
cutlass_64x128_s4_sk2,16,2048,8192,28.8
cutlass_64x128_s4_sk4,16,2048,8192,15.7
cutlass_64x128_s4_sk8,16,2048,8192,12.1
cutlass_32x64_s4_sk4,16,2048,8192,11.0
cutlass_32x64_s4_sk8,16,2048,8192,10.2
cutlass_32x64_s4_sk16,16,2048,8192,11.2
cutlass_128x128_s4_sk2,16,2048,8192,55.1
cutlass_128x128_s4_sk4,16,2048,8192,29.1
cutlass_128x128_s4_sk8,16,2048,8192,19.7
cutlass_128x64_s4_sk2,16,2048,8192,29.2
cutlass_128x64_s4_sk4,16,2048,8192,19.4
cutlass_128x64_s4_sk8,16,2048,8192,20.0
cutlass_256x64_s4_sk2,16,2048,8192,56.1
cutlass_256x64_s4_sk4,16,2048,8192,34.0
cutlass_64x64_s4_sk16,16,2048,8192,14.6
cutlass_64x128_s4_sk16,16,2048,8192,13.7
cutlass_64x64_k64_s4,16,2048,8192,27.4
cutlass_64x64_k64_s3,16,2048,8192,26.6
cutlass_64x128_k64_s4,16,2048,8192,54.0
cutlass_64x128_k64_s3,16,2048,8192,54.0
cutlass_128x64_k64_s4,16,2048,8192,54.2
cutlass_128x64_k64_s3,16,2048,8192,54.2
cutlass_128x128_k64_s4,16,2048,8192,0.0
cutlass_128x128_k64_s3,16,2048,8192,108.1
cutlass_256x64_k64_s4,16,2048,8192,0.0
cutlass_256x64_k64_s3,16,2048,8192,0.0
cutlass_128x256_k64_s3,16,2048,8192,0.0
cutlass_32x64_k64_s4,16,2048,8192,31.8
cutlass_32x128_k64_s4,16,2048,8192,53.8
cutlass_64x64_k64_s4_sk2,16,2048,8192,18.3
cutlass_64x64_k64_s4_sk4,16,2048,8192,12.2
cutlass_64x64_k64_s4_sk8,16,2048,8192,13.9
cutlass_128x128_k64_s3_sk2,16,2048,8192,56.7
cutlass_128x128_k64_s3_sk4,16,2048,8192,30.0
cutlass_128x128_k64_s2,16,2048,8192,113.9
cutlass_64x64_k64_s2,16,2048,8192,47.7
cutlass_64x128_k64_s2,16,2048,8192,69.5
cutlass_128x64_k64_s2,16,2048,8192,70.3
cutlass_256x64_k64_s2,16,2048,8192,122.6
cutlass_256x128_s2,16,2048,8192,0.0
cutlass_64x64_s2,16,2048,8192,68.4
cutlass_64x128_s2,16,2048,8192,86.6
cutlass_128x64_s2,16,2048,8192,81.7
cutlass_128x128_s2,16,2048,8192,132.8
cutlass_128x256_s2,16,2048,8192,214.7
cutlass_256x64_s2,16,2048,8192,135.2
cublas,32,2048,8192,16.9
cutlass_32x64_s4,32,2048,8192,35.5
cutlass_32x64_s3,32,2048,8192,34.9
cutlass_32x128_s4,32,2048,8192,58.1
cutlass_32x128_s3,32,2048,8192,58.1
cutlass_32x256_s3,32,2048,8192,62.0
cutlass_64x64_s4,32,2048,8192,33.3
cutlass_64x64_s3,32,2048,8192,34.2
cutlass_64x128_s4,32,2048,8192,54.0
cutlass_64x128_s3,32,2048,8192,54.0
cutlass_128x64_s4,32,2048,8192,54.1
cutlass_128x64_s3,32,2048,8192,54.4
cutlass_128x128_s4,32,2048,8192,105.3
cutlass_128x128_s3,32,2048,8192,105.3
cutlass_128x256_s3,32,2048,8192,213.6
cutlass_256x64_s4,32,2048,8192,108.3
cutlass_256x64_s3,32,2048,8192,108.3
cutlass_64x64_s4_sk2,32,2048,8192,18.6
cutlass_64x64_s4_sk4,32,2048,8192,13.7
cutlass_64x64_s4_sk8,32,2048,8192,14.2
cutlass_128x128_s3_sk2,32,2048,8192,55.4
cutlass_128x128_s3_sk4,32,2048,8192,29.6
cutlass_128x128_s3_sk8,32,2048,8192,21.1
cutlass_64x128_s4_sk2,32,2048,8192,28.9
cutlass_64x128_s4_sk4,32,2048,8192,15.9
cutlass_64x128_s4_sk8,32,2048,8192,12.8
cutlass_32x64_s4_sk4,32,2048,8192,12.0
cutlass_32x64_s4_sk8,32,2048,8192,11.8
cutlass_32x64_s4_sk16,32,2048,8192,13.3
cutlass_128x128_s4_sk2,32,2048,8192,55.2
cutlass_128x128_s4_sk4,32,2048,8192,29.5
cutlass_128x128_s4_sk8,32,2048,8192,20.8
cutlass_128x64_s4_sk2,32,2048,8192,29.3
cutlass_128x64_s4_sk4,32,2048,8192,19.9
cutlass_128x64_s4_sk8,32,2048,8192,20.7
cutlass_256x64_s4_sk2,32,2048,8192,56.4
cutlass_256x64_s4_sk4,32,2048,8192,34.7
cutlass_64x64_s4_sk16,32,2048,8192,16.3
cutlass_64x128_s4_sk16,32,2048,8192,14.6
cutlass_64x64_k64_s4,32,2048,8192,27.5
cutlass_64x64_k64_s3,32,2048,8192,27.1
cutlass_64x128_k64_s4,32,2048,8192,54.2
cutlass_64x128_k64_s3,32,2048,8192,54.1
cutlass_128x64_k64_s4,32,2048,8192,54.3
cutlass_128x64_k64_s3,32,2048,8192,54.3
cutlass_128x128_k64_s4,32,2048,8192,0.0
cutlass_128x128_k64_s3,32,2048,8192,108.2
cutlass_256x64_k64_s4,32,2048,8192,0.0
cutlass_256x64_k64_s3,32,2048,8192,0.0
cutlass_128x256_k64_s3,32,2048,8192,0.0
cutlass_32x64_k64_s4,32,2048,8192,31.9
cutlass_32x128_k64_s4,32,2048,8192,53.9
cutlass_64x64_k64_s4_sk2,32,2048,8192,18.6
cutlass_64x64_k64_s4_sk4,32,2048,8192,13.1
cutlass_64x64_k64_s4_sk8,32,2048,8192,15.2
cutlass_128x128_k64_s3_sk2,32,2048,8192,56.9
cutlass_128x128_k64_s3_sk4,32,2048,8192,30.3
cutlass_128x128_k64_s2,32,2048,8192,113.9
cutlass_64x64_k64_s2,32,2048,8192,50.1
cutlass_64x128_k64_s2,32,2048,8192,70.5
cutlass_128x64_k64_s2,32,2048,8192,70.3
cutlass_256x64_k64_s2,32,2048,8192,122.6
cutlass_256x128_s2,32,2048,8192,0.0
cutlass_64x64_s2,32,2048,8192,70.6
cutlass_64x128_s2,32,2048,8192,88.2
cutlass_128x64_s2,32,2048,8192,81.7
cutlass_128x128_s2,32,2048,8192,132.8
cutlass_128x256_s2,32,2048,8192,214.9
cutlass_256x64_s2,32,2048,8192,135.3
cublas,64,2048,8192,20.0
cutlass_32x64_s4,64,2048,8192,35.6
cutlass_32x64_s3,64,2048,8192,35.0
cutlass_32x128_s4,64,2048,8192,58.1
cutlass_32x128_s3,64,2048,8192,58.1
cutlass_32x256_s3,64,2048,8192,62.0
cutlass_64x64_s4,64,2048,8192,33.8
cutlass_64x64_s3,64,2048,8192,37.4
cutlass_64x128_s4,64,2048,8192,54.0
cutlass_64x128_s3,64,2048,8192,54.0
cutlass_128x64_s4,64,2048,8192,54.4
cutlass_128x64_s3,64,2048,8192,54.5
cutlass_128x128_s4,64,2048,8192,105.3
cutlass_128x128_s3,64,2048,8192,105.5
cutlass_128x256_s3,64,2048,8192,213.6
cutlass_256x64_s4,64,2048,8192,108.5
cutlass_256x64_s3,64,2048,8192,108.5
cutlass_64x64_s4_sk2,64,2048,8192,20.1
cutlass_64x64_s4_sk4,64,2048,8192,16.1
cutlass_64x64_s4_sk8,64,2048,8192,17.6
cutlass_128x128_s3_sk2,64,2048,8192,55.9
cutlass_128x128_s3_sk4,64,2048,8192,30.4
cutlass_128x128_s3_sk8,64,2048,8192,23.2
cutlass_64x128_s4_sk2,64,2048,8192,30.0
cutlass_64x128_s4_sk4,64,2048,8192,17.5
cutlass_64x128_s4_sk8,64,2048,8192,16.2
cutlass_32x64_s4_sk4,64,2048,8192,20.5
cutlass_32x64_s4_sk8,64,2048,8192,21.7
cutlass_32x64_s4_sk16,64,2048,8192,24.8
cutlass_128x128_s4_sk2,64,2048,8192,55.5
cutlass_128x128_s4_sk4,64,2048,8192,30.3
cutlass_128x128_s4_sk8,64,2048,8192,23.1
cutlass_128x64_s4_sk2,64,2048,8192,29.5
cutlass_128x64_s4_sk4,64,2048,8192,21.0
cutlass_128x64_s4_sk8,64,2048,8192,22.8
cutlass_256x64_s4_sk2,64,2048,8192,56.6
cutlass_256x64_s4_sk4,64,2048,8192,35.5
cutlass_64x64_s4_sk16,64,2048,8192,21.8
cutlass_64x128_s4_sk16,64,2048,8192,19.2
cutlass_64x64_k64_s4,64,2048,8192,28.1
cutlass_64x64_k64_s3,64,2048,8192,27.8
cutlass_64x128_k64_s4,64,2048,8192,54.4
cutlass_64x128_k64_s3,64,2048,8192,54.3
cutlass_128x64_k64_s4,64,2048,8192,54.4
cutlass_128x64_k64_s3,64,2048,8192,54.4
cutlass_128x128_k64_s4,64,2048,8192,0.0
cutlass_128x128_k64_s3,64,2048,8192,108.4
cutlass_256x64_k64_s4,64,2048,8192,0.0
cutlass_256x64_k64_s3,64,2048,8192,0.0
cutlass_128x256_k64_s3,64,2048,8192,0.0
cutlass_32x64_k64_s4,64,2048,8192,32.1
cutlass_32x128_k64_s4,64,2048,8192,53.9
cutlass_64x64_k64_s4_sk2,64,2048,8192,19.4
cutlass_64x64_k64_s4_sk4,64,2048,8192,15.6
cutlass_64x64_k64_s4_sk8,64,2048,8192,19.2
cutlass_128x128_k64_s3_sk2,64,2048,8192,57.2
cutlass_128x128_k64_s3_sk4,64,2048,8192,31.2
cutlass_128x128_k64_s2,64,2048,8192,112.7
cutlass_64x64_k64_s2,64,2048,8192,55.2
cutlass_64x128_k64_s2,64,2048,8192,75.7
cutlass_128x64_k64_s2,64,2048,8192,70.4
cutlass_256x64_k64_s2,64,2048,8192,122.6
cutlass_256x128_s2,64,2048,8192,0.0
cutlass_64x64_s2,64,2048,8192,77.8
cutlass_64x128_s2,64,2048,8192,96.7
cutlass_128x64_s2,64,2048,8192,86.0
cutlass_128x128_s2,64,2048,8192,132.8
cutlass_128x256_s2,64,2048,8192,216.2
cutlass_256x64_s2,64,2048,8192,135.3
cublas,128,2048,8192,23.4
cutlass_32x64_s4,128,2048,8192,39.8
cutlass_32x64_s3,128,2048,8192,41.2
cutlass_32x128_s4,128,2048,8192,58.1
cutlass_32x128_s3,128,2048,8192,58.1
cutlass_32x256_s3,128,2048,8192,62.1
cutlass_64x64_s4,128,2048,8192,34.2
cutlass_64x64_s3,128,2048,8192,37.8
cutlass_64x128_s4,128,2048,8192,54.1
cutlass_64x128_s3,128,2048,8192,54.0
cutlass_128x64_s4,128,2048,8192,54.4
cutlass_128x64_s3,128,2048,8192,54.5
cutlass_128x128_s4,128,2048,8192,105.4
cutlass_128x128_s3,128,2048,8192,105.4
cutlass_128x256_s3,128,2048,8192,213.2
cutlass_256x64_s4,128,2048,8192,108.4
cutlass_256x64_s3,128,2048,8192,108.4
cutlass_64x64_s4_sk2,128,2048,8192,29.5
cutlass_64x64_s4_sk4,128,2048,8192,30.4
cutlass_64x64_s4_sk8,128,2048,8192,37.8
cutlass_128x128_s3_sk2,128,2048,8192,57.0
cutlass_128x128_s3_sk4,128,2048,8192,32.6
cutlass_128x128_s3_sk8,128,2048,8192,28.7
cutlass_64x128_s4_sk2,128,2048,8192,30.9
cutlass_64x128_s4_sk4,128,2048,8192,26.1
cutlass_64x128_s4_sk8,128,2048,8192,29.4
cutlass_32x64_s4_sk4,128,2048,8192,39.2
cutlass_32x64_s4_sk8,128,2048,8192,44.1
cutlass_32x64_s4_sk16,128,2048,8192,47.8
cutlass_128x128_s4_sk2,128,2048,8192,56.8
cutlass_128x128_s4_sk4,128,2048,8192,32.5
cutlass_128x128_s4_sk8,128,2048,8192,28.4
cutlass_128x64_s4_sk2,128,2048,8192,30.8
cutlass_128x64_s4_sk4,128,2048,8192,26.1
cutlass_128x64_s4_sk8,128,2048,8192,29.8
cutlass_256x64_s4_sk2,128,2048,8192,57.5
cutlass_256x64_s4_sk4,128,2048,8192,41.0
cutlass_64x64_s4_sk16,128,2048,8192,40.2
cutlass_64x128_s4_sk16,128,2048,8192,36.9
cutlass_64x64_k64_s4,128,2048,8192,28.7
cutlass_64x64_k64_s3,128,2048,8192,28.9
cutlass_64x128_k64_s4,128,2048,8192,54.4
cutlass_64x128_k64_s3,128,2048,8192,54.2
cutlass_128x64_k64_s4,128,2048,8192,54.8
cutlass_128x64_k64_s3,128,2048,8192,54.7
cutlass_128x128_k64_s4,128,2048,8192,0.0
cutlass_128x128_k64_s3,128,2048,8192,108.5
cutlass_256x64_k64_s4,128,2048,8192,0.0
cutlass_256x64_k64_s3,128,2048,8192,0.0
cutlass_128x256_k64_s3,128,2048,8192,0.0
cutlass_32x64_k64_s4,128,2048,8192,38.4
cutlass_32x128_k64_s4,128,2048,8192,53.9
cutlass_64x64_k64_s4_sk2,128,2048,8192,28.5
cutlass_64x64_k64_s4_sk4,128,2048,8192,32.1
cutlass_64x64_k64_s4_sk8,128,2048,8192,36.8
cutlass_128x128_k64_s3_sk2,128,2048,8192,58.6
cutlass_128x128_k64_s3_sk4,128,2048,8192,33.5
cutlass_128x128_k64_s2,128,2048,8192,112.6
cutlass_64x64_k64_s2,128,2048,8192,55.9
cutlass_64x128_k64_s2,128,2048,8192,76.4
cutlass_128x64_k64_s2,128,2048,8192,77.0
cutlass_256x64_k64_s2,128,2048,8192,122.6
cutlass_256x128_s2,128,2048,8192,0.0
cutlass_64x64_s2,128,2048,8192,80.4
cutlass_64x128_s2,128,2048,8192,98.4
cutlass_128x64_s2,128,2048,8192,99.6
cutlass_128x128_s2,128,2048,8192,132.8
cutlass_128x256_s2,128,2048,8192,216.1
cutlass_256x64_s2,128,2048,8192,135.2
cublas,256,2048,8192,39.3
cutlass_32x64_s4,256,2048,8192,75.2
cutlass_32x64_s3,256,2048,8192,76.3
cutlass_32x128_s4,256,2048,8192,64.0
cutlass_32x128_s3,256,2048,8192,64.9
cutlass_32x256_s3,256,2048,8192,64.3
cutlass_64x64_s4,256,2048,8192,56.6
cutlass_64x64_s3,256,2048,8192,57.0
cutlass_64x128_s4,256,2048,8192,54.3
cutlass_64x128_s3,256,2048,8192,54.3
cutlass_128x64_s4,256,2048,8192,54.5
cutlass_128x64_s3,256,2048,8192,54.7
cutlass_128x128_s4,256,2048,8192,105.4
cutlass_128x128_s3,256,2048,8192,105.4
cutlass_128x256_s3,256,2048,8192,213.8
cutlass_256x64_s4,256,2048,8192,109.0
cutlass_256x64_s3,256,2048,8192,108.3
cutlass_64x64_s4_sk2,256,2048,8192,56.8
cutlass_64x64_s4_sk4,256,2048,8192,66.9
cutlass_64x64_s4_sk8,256,2048,8192,66.4
cutlass_128x128_s3_sk2,256,2048,8192,58.8
cutlass_128x128_s3_sk4,256,2048,8192,46.2
cutlass_128x128_s3_sk8,256,2048,8192,55.5
cutlass_64x128_s4_sk2,256,2048,8192,46.5
cutlass_64x128_s4_sk4,256,2048,8192,49.5
cutlass_64x128_s4_sk8,256,2048,8192,56.9
cutlass_32x64_s4_sk4,256,2048,8192,81.2
cutlass_32x64_s4_sk8,256,2048,8192,84.7
cutlass_32x64_s4_sk16,256,2048,8192,90.3
cutlass_128x128_s4_sk2,256,2048,8192,58.6
cutlass_128x128_s4_sk4,256,2048,8192,46.4
cutlass_128x128_s4_sk8,256,2048,8192,55.5
cutlass_128x64_s4_sk2,256,2048,8192,46.5
cutlass_128x64_s4_sk4,256,2048,8192,49.6
cutlass_128x64_s4_sk8,256,2048,8192,57.0
cutlass_256x64_s4_sk2,256,2048,8192,59.7
cutlass_256x64_s4_sk4,256,2048,8192,48.3
cutlass_64x64_s4_sk16,256,2048,8192,74.2
cutlass_64x128_s4_sk16,256,2048,8192,69.5
cutlass_64x64_k64_s4,256,2048,8192,54.1
cutlass_64x64_k64_s3,256,2048,8192,52.5
cutlass_64x128_k64_s4,256,2048,8192,54.4
cutlass_64x128_k64_s3,256,2048,8192,54.3
cutlass_128x64_k64_s4,256,2048,8192,54.9
cutlass_128x64_k64_s3,256,2048,8192,54.8
cutlass_128x128_k64_s4,256,2048,8192,0.0
cutlass_128x128_k64_s3,256,2048,8192,108.5
cutlass_256x64_k64_s4,256,2048,8192,0.0
cutlass_256x64_k64_s3,256,2048,8192,0.0
cutlass_128x256_k64_s3,256,2048,8192,0.0
cutlass_32x64_k64_s4,256,2048,8192,73.2
cutlass_32x128_k64_s4,256,2048,8192,62.9
cutlass_64x64_k64_s4_sk2,256,2048,8192,58.7
cutlass_64x64_k64_s4_sk4,256,2048,8192,62.4
cutlass_64x64_k64_s4_sk8,256,2048,8192,67.1
cutlass_128x128_k64_s3_sk2,256,2048,8192,60.3
cutlass_128x128_k64_s3_sk4,256,2048,8192,44.7
cutlass_128x128_k64_s2,256,2048,8192,112.3
cutlass_64x64_k64_s2,256,2048,8192,60.4
cutlass_64x128_k64_s2,256,2048,8192,77.4
cutlass_128x64_k64_s2,256,2048,8192,78.0
cutlass_256x64_k64_s2,256,2048,8192,123.1
cutlass_256x128_s2,256,2048,8192,0.0
cutlass_64x64_s2,256,2048,8192,81.5
cutlass_64x128_s2,256,2048,8192,99.3
cutlass_128x64_s2,256,2048,8192,100.4
cutlass_128x128_s2,256,2048,8192,132.8
cutlass_128x256_s2,256,2048,8192,216.3
cutlass_256x64_s2,256,2048,8192,135.2
cublas,512,2048,8192,77.9
cutlass_32x64_s4,512,2048,8192,150.6
cutlass_32x64_s3,512,2048,8192,153.4
cutlass_32x128_s4,512,2048,8192,123.8
cutlass_32x128_s3,512,2048,8192,125.6
cutlass_32x256_s3,512,2048,8192,114.2
cutlass_64x64_s4,512,2048,8192,107.7
cutlass_64x64_s3,512,2048,8192,108.2
cutlass_64x128_s4,512,2048,8192,84.2
cutlass_64x128_s3,512,2048,8192,86.2
cutlass_128x64_s4,512,2048,8192,85.3
cutlass_128x64_s3,512,2048,8192,87.8
cutlass_128x128_s4,512,2048,8192,120.2
cutlass_128x128_s3,512,2048,8192,120.0
cutlass_128x256_s3,512,2048,8192,232.1
cutlass_256x64_s4,512,2048,8192,118.5
cutlass_256x64_s3,512,2048,8192,113.5
cutlass_64x64_s4_sk2,512,2048,8192,143.0
cutlass_64x64_s4_sk4,512,2048,8192,119.5
cutlass_64x64_s4_sk8,512,2048,8192,123.1
cutlass_128x128_s3_sk2,512,2048,8192,78.5
cutlass_128x128_s3_sk4,512,2048,8192,88.4
cutlass_128x128_s3_sk8,512,2048,8192,108.1
cutlass_64x128_s4_sk2,512,2048,8192,88.0
cutlass_64x128_s4_sk4,512,2048,8192,98.1
cutlass_64x128_s4_sk8,512,2048,8192,108.4
cutlass_32x64_s4_sk4,512,2048,8192,164.1
cutlass_32x64_s4_sk8,512,2048,8192,169.3
cutlass_32x64_s4_sk16,512,2048,8192,216.0
cutlass_128x128_s4_sk2,512,2048,8192,80.4
cutlass_128x128_s4_sk4,512,2048,8192,90.7
cutlass_128x128_s4_sk8,512,2048,8192,107.6
cutlass_128x64_s4_sk2,512,2048,8192,89.6
cutlass_128x64_s4_sk4,512,2048,8192,98.4
cutlass_128x64_s4_sk8,512,2048,8192,108.9
cutlass_256x64_s4_sk2,512,2048,8192,85.7
cutlass_256x64_s4_sk4,512,2048,8192,93.5
cutlass_64x64_s4_sk16,512,2048,8192,186.6
cutlass_64x128_s4_sk16,512,2048,8192,157.3
cutlass_64x64_k64_s4,512,2048,8192,110.1
cutlass_64x64_k64_s3,512,2048,8192,104.3
cutlass_64x128_k64_s4,512,2048,8192,78.2
cutlass_64x128_k64_s3,512,2048,8192,78.9
cutlass_128x64_k64_s4,512,2048,8192,80.7
cutlass_128x64_k64_s3,512,2048,8192,82.2
cutlass_128x128_k64_s4,512,2048,8192,0.0
cutlass_128x128_k64_s3,512,2048,8192,111.3
cutlass_256x64_k64_s4,512,2048,8192,0.0
cutlass_256x64_k64_s3,512,2048,8192,0.0
cutlass_128x256_k64_s3,512,2048,8192,0.0
cutlass_32x64_k64_s4,512,2048,8192,161.3
cutlass_32x128_k64_s4,512,2048,8192,134.4
cutlass_64x64_k64_s4_sk2,512,2048,8192,116.2
cutlass_64x64_k64_s4_sk4,512,2048,8192,118.1
cutlass_64x64_k64_s4_sk8,512,2048,8192,124.6
cutlass_128x128_k64_s3_sk2,512,2048,8192,79.9
cutlass_128x128_k64_s3_sk4,512,2048,8192,88.6
cutlass_128x128_k64_s2,512,2048,8192,113.4
cutlass_64x64_k64_s2,512,2048,8192,110.2
cutlass_64x128_k64_s2,512,2048,8192,93.2
cutlass_128x64_k64_s2,512,2048,8192,93.1
cutlass_256x64_k64_s2,512,2048,8192,125.8
cutlass_256x128_s2,512,2048,8192,0.0
cutlass_64x64_s2,512,2048,8192,124.7
cutlass_64x128_s2,512,2048,8192,107.5
cutlass_128x64_s2,512,2048,8192,106.5
cutlass_128x128_s2,512,2048,8192,133.7
cutlass_128x256_s2,512,2048,8192,221.7
cutlass_256x64_s2,512,2048,8192,138.5
cublas,1024,2048,8192,139.4
cutlass_32x64_s4,1024,2048,8192,313.7
cutlass_32x64_s3,1024,2048,8192,348.2
cutlass_32x128_s4,1024,2048,8192,263.0
cutlass_32x128_s3,1024,2048,8192,360.3
cutlass_32x256_s3,1024,2048,8192,240.4
cutlass_64x64_s4,1024,2048,8192,281.1
cutlass_64x64_s3,1024,2048,8192,219.0
cutlass_64x128_s4,1024,2048,8192,167.1
cutlass_64x128_s3,1024,2048,8192,166.6
cutlass_128x64_s4,1024,2048,8192,166.7
cutlass_128x64_s3,1024,2048,8192,167.0
cutlass_128x128_s4,1024,2048,8192,127.5
cutlass_128x128_s3,1024,2048,8192,127.4
cutlass_128x256_s3,1024,2048,8192,257.2
cutlass_256x64_s4,1024,2048,8192,141.9
cutlass_256x64_s3,1024,2048,8192,146.5
cutlass_64x64_s4_sk2,1024,2048,8192,229.6
cutlass_64x64_s4_sk4,1024,2048,8192,228.2
cutlass_64x64_s4_sk8,1024,2048,8192,271.6
cutlass_128x128_s3_sk2,1024,2048,8192,149.2
cutlass_128x128_s3_sk4,1024,2048,8192,174.4
cutlass_128x128_s3_sk8,1024,2048,8192,250.4
cutlass_64x128_s4_sk2,1024,2048,8192,177.3
cutlass_64x128_s4_sk4,1024,2048,8192,186.7
cutlass_64x128_s4_sk8,1024,2048,8192,228.2
cutlass_32x64_s4_sk4,1024,2048,8192,321.8
cutlass_32x64_s4_sk8,1024,2048,8192,350.6
cutlass_32x64_s4_sk16,1024,2048,8192,537.3
cutlass_128x128_s4_sk2,1024,2048,8192,161.6
cutlass_128x128_s4_sk4,1024,2048,8192,174.5
cutlass_128x128_s4_sk8,1024,2048,8192,237.7
cutlass_128x64_s4_sk2,1024,2048,8192,178.4
cutlass_128x64_s4_sk4,1024,2048,8192,189.5
cutlass_128x64_s4_sk8,1024,2048,8192,241.5
cutlass_256x64_s4_sk2,1024,2048,8192,164.7
cutlass_256x64_s4_sk4,1024,2048,8192,183.4
cutlass_64x64_s4_sk16,1024,2048,8192,481.4
cutlass_64x128_s4_sk16,1024,2048,8192,451.2
cutlass_64x64_k64_s4,1024,2048,8192,216.5
cutlass_64x64_k64_s3,1024,2048,8192,210.7
cutlass_64x128_k64_s4,1024,2048,8192,165.9
cutlass_64x128_k64_s3,1024,2048,8192,164.1
cutlass_128x64_k64_s4,1024,2048,8192,166.4
cutlass_128x64_k64_s3,1024,2048,8192,163.3
cutlass_128x128_k64_s4,1024,2048,8192,0.0
cutlass_128x128_k64_s3,1024,2048,8192,130.0
cutlass_256x64_k64_s4,1024,2048,8192,0.0
cutlass_256x64_k64_s3,1024,2048,8192,0.0
cutlass_128x256_k64_s3,1024,2048,8192,0.0
cutlass_32x64_k64_s4,1024,2048,8192,334.9
cutlass_32x128_k64_s4,1024,2048,8192,278.9
cutlass_64x64_k64_s4_sk2,1024,2048,8192,224.7
cutlass_64x64_k64_s4_sk4,1024,2048,8192,223.2
cutlass_64x64_k64_s4_sk8,1024,2048,8192,279.9
cutlass_128x128_k64_s3_sk2,1024,2048,8192,155.9
cutlass_128x128_k64_s3_sk4,1024,2048,8192,174.7
cutlass_128x128_k64_s2,1024,2048,8192,146.6
cutlass_64x64_k64_s2,1024,2048,8192,277.4
cutlass_64x128_k64_s2,1024,2048,8192,162.1
cutlass_128x64_k64_s2,1024,2048,8192,164.2
cutlass_256x64_k64_s2,1024,2048,8192,163.3
cutlass_256x128_s2,1024,2048,8192,0.0
cutlass_64x64_s2,1024,2048,8192,223.5
cutlass_64x128_s2,1024,2048,8192,172.8
cutlass_128x64_s2,1024,2048,8192,173.1
cutlass_128x128_s2,1024,2048,8192,158.6
cutlass_128x256_s2,1024,2048,8192,264.9
cutlass_256x64_s2,1024,2048,8192,165.4
cublas,2048,2048,8192,248.4
cutlass_32x64_s4,2048,2048,8192,659.3
cutlass_32x64_s3,2048,2048,8192,618.8
cutlass_32x128_s4,2048,2048,8192,552.4
cutlass_32x128_s3,2048,2048,8192,592.7
cutlass_32x256_s3,2048,2048,8192,500.9
cutlass_64x64_s4,2048,2048,8192,450.6
cutlass_64x64_s3,2048,2048,8192,435.9
cutlass_64x128_s4,2048,2048,8192,341.2
cutlass_64x128_s3,2048,2048,8192,341.5
cutlass_128x64_s4,2048,2048,8192,337.9
cutlass_128x64_s3,2048,2048,8192,336.8
cutlass_128x128_s4,2048,2048,8192,262.3
cutlass_128x128_s3,2048,2048,8192,260.9
cutlass_128x256_s3,2048,2048,8192,265.6
cutlass_256x64_s4,2048,2048,8192,296.6
cutlass_256x64_s3,2048,2048,8192,297.0
cutlass_64x64_s4_sk2,2048,2048,8192,461.3
cutlass_64x64_s4_sk4,2048,2048,8192,496.6
cutlass_64x64_s4_sk8,2048,2048,8192,647.1
cutlass_128x128_s3_sk2,2048,2048,8192,315.6
cutlass_128x128_s3_sk4,2048,2048,8192,394.0
cutlass_128x128_s3_sk8,2048,2048,8192,609.4
cutlass_64x128_s4_sk2,2048,2048,8192,362.8
cutlass_64x128_s4_sk4,2048,2048,8192,398.1
cutlass_64x128_s4_sk8,2048,2048,8192,566.6
cutlass_32x64_s4_sk4,2048,2048,8192,653.0
cutlass_32x64_s4_sk8,2048,2048,8192,802.9
cutlass_32x64_s4_sk16,2048,2048,8192,1099.7
cutlass_128x128_s4_sk2,2048,2048,8192,316.7
cutlass_128x128_s4_sk4,2048,2048,8192,387.3
cutlass_128x128_s4_sk8,2048,2048,8192,573.5
cutlass_128x64_s4_sk2,2048,2048,8192,355.3
cutlass_128x64_s4_sk4,2048,2048,8192,408.3
cutlass_128x64_s4_sk8,2048,2048,8192,581.1
cutlass_256x64_s4_sk2,2048,2048,8192,331.2
cutlass_256x64_s4_sk4,2048,2048,8192,406.7
cutlass_64x64_s4_sk16,2048,2048,8192,999.7
cutlass_64x128_s4_sk16,2048,2048,8192,937.6
cutlass_64x64_k64_s4,2048,2048,8192,416.9
cutlass_64x64_k64_s3,2048,2048,8192,427.7
cutlass_64x128_k64_s4,2048,2048,8192,343.7
cutlass_64x128_k64_s3,2048,2048,8192,336.4
cutlass_128x64_k64_s4,2048,2048,8192,332.5
cutlass_128x64_k64_s3,2048,2048,8192,330.5
cutlass_128x128_k64_s4,2048,2048,8192,0.0
cutlass_128x128_k64_s3,2048,2048,8192,264.9
cutlass_256x64_k64_s4,2048,2048,8192,0.0
cutlass_256x64_k64_s3,2048,2048,8192,0.0
cutlass_128x256_k64_s3,2048,2048,8192,0.0
cutlass_32x64_k64_s4,2048,2048,8192,660.4
cutlass_32x128_k64_s4,2048,2048,8192,548.0
cutlass_64x64_k64_s4_sk2,2048,2048,8192,425.8
cutlass_64x64_k64_s4_sk4,2048,2048,8192,488.3
cutlass_64x64_k64_s4_sk8,2048,2048,8192,659.7
cutlass_128x128_k64_s3_sk2,2048,2048,8192,316.3
cutlass_128x128_k64_s3_sk4,2048,2048,8192,381.4
cutlass_128x128_k64_s2,2048,2048,8192,278.6
cutlass_64x64_k64_s2,2048,2048,8192,448.7
cutlass_64x128_k64_s2,2048,2048,8192,331.3
cutlass_128x64_k64_s2,2048,2048,8192,328.1
cutlass_256x64_k64_s2,2048,2048,8192,355.0
cutlass_256x128_s2,2048,2048,8192,0.0
cutlass_64x64_s2,2048,2048,8192,431.7
cutlass_64x128_s2,2048,2048,8192,456.3
cutlass_128x64_s2,2048,2048,8192,437.1
cutlass_128x128_s2,2048,2048,8192,309.4
cutlass_128x256_s2,2048,2048,8192,250.7
cutlass_256x64_s2,2048,2048,8192,322.3
cublas,4096,2048,8192,493.9
cutlass_32x64_s4,4096,2048,8192,1309.1
cutlass_32x64_s3,4096,2048,8192,1247.6
cutlass_32x128_s4,4096,2048,8192,1091.4
cutlass_32x128_s3,4096,2048,8192,1042.1
cutlass_32x256_s3,4096,2048,8192,987.0
cutlass_64x64_s4,4096,2048,8192,849.3
cutlass_64x64_s3,4096,2048,8192,879.6
cutlass_64x128_s4,4096,2048,8192,678.3
cutlass_64x128_s3,4096,2048,8192,685.4
cutlass_128x64_s4,4096,2048,8192,659.0
cutlass_128x64_s3,4096,2048,8192,665.7
cutlass_128x128_s4,4096,2048,8192,524.9
cutlass_128x128_s3,4096,2048,8192,538.7
cutlass_128x256_s3,4096,2048,8192,540.4
cutlass_256x64_s4,4096,2048,8192,580.7
cutlass_256x64_s3,4096,2048,8192,591.2
cutlass_64x64_s4_sk2,4096,2048,8192,940.3
cutlass_64x64_s4_sk4,4096,2048,8192,1040.8
cutlass_64x64_s4_sk8,4096,2048,8192,1305.9
cutlass_128x128_s3_sk2,4096,2048,8192,696.5
cutlass_128x128_s3_sk4,4096,2048,8192,867.0
cutlass_128x128_s3_sk8,4096,2048,8192,1270.4
cutlass_64x128_s4_sk2,4096,2048,8192,756.2
cutlass_64x128_s4_sk4,4096,2048,8192,872.8
cutlass_64x128_s4_sk8,4096,2048,8192,1169.5
cutlass_32x64_s4_sk4,4096,2048,8192,1371.1
cutlass_32x64_s4_sk8,4096,2048,8192,1617.2
cutlass_32x64_s4_sk16,4096,2048,8192,2113.8
cutlass_128x128_s4_sk2,4096,2048,8192,696.1
cutlass_128x128_s4_sk4,4096,2048,8192,833.8
cutlass_128x128_s4_sk8,4096,2048,8192,1182.6
cutlass_128x64_s4_sk2,4096,2048,8192,756.3
cutlass_128x64_s4_sk4,4096,2048,8192,881.3
cutlass_128x64_s4_sk8,4096,2048,8192,1184.4
cutlass_256x64_s4_sk2,4096,2048,8192,716.1
cutlass_256x64_s4_sk4,4096,2048,8192,876.1
cutlass_64x64_s4_sk16,4096,2048,8192,1909.2
cutlass_64x128_s4_sk16,4096,2048,8192,1808.8
cutlass_64x64_k64_s4,4096,2048,8192,804.8
cutlass_64x64_k64_s3,4096,2048,8192,821.8
cutlass_64x128_k64_s4,4096,2048,8192,667.4
cutlass_64x128_k64_s3,4096,2048,8192,667.1
cutlass_128x64_k64_s4,4096,2048,8192,648.1
cutlass_128x64_k64_s3,4096,2048,8192,646.6
cutlass_128x128_k64_s4,4096,2048,8192,0.0
cutlass_128x128_k64_s3,4096,2048,8192,529.2
cutlass_256x64_k64_s4,4096,2048,8192,0.0
cutlass_256x64_k64_s3,4096,2048,8192,0.0
cutlass_128x256_k64_s3,4096,2048,8192,0.0
cutlass_32x64_k64_s4,4096,2048,8192,1272.6
cutlass_32x128_k64_s4,4096,2048,8192,1018.4
cutlass_64x64_k64_s4_sk2,4096,2048,8192,888.7
cutlass_64x64_k64_s4_sk4,4096,2048,8192,1038.3
cutlass_64x64_k64_s4_sk8,4096,2048,8192,1321.8
cutlass_128x128_k64_s3_sk2,4096,2048,8192,672.7
cutlass_128x128_k64_s3_sk4,4096,2048,8192,803.1
cutlass_128x128_k64_s2,4096,2048,8192,580.3
cutlass_64x64_k64_s2,4096,2048,8192,854.6
cutlass_64x128_k64_s2,4096,2048,8192,678.8
cutlass_128x64_k64_s2,4096,2048,8192,658.1
cutlass_256x64_k64_s2,4096,2048,8192,696.1
cutlass_256x128_s2,4096,2048,8192,0.0
cutlass_64x64_s2,4096,2048,8192,875.1
cutlass_64x128_s2,4096,2048,8192,743.3
cutlass_128x64_s2,4096,2048,8192,734.1
cutlass_128x128_s2,4096,2048,8192,649.0
cutlass_128x256_s2,4096,2048,8192,507.3
cutlass_256x64_s2,4096,2048,8192,682.8
cublas,1,3072,8192,14.6
cutlass_32x64_s4,1,3072,8192,41.2
cutlass_32x64_s3,1,3072,8192,40.6
cutlass_32x128_s4,1,3072,8192,67.4
cutlass_32x128_s3,1,3072,8192,67.2
cutlass_32x256_s3,1,3072,8192,66.9
cutlass_64x64_s4,1,3072,8192,36.1
cutlass_64x64_s3,1,3072,8192,36.0
cutlass_64x128_s4,1,3072,8192,58.3
cutlass_64x128_s3,1,3072,8192,58.3
cutlass_128x64_s4,1,3072,8192,58.8
cutlass_128x64_s3,1,3072,8192,57.4
cutlass_128x128_s4,1,3072,8192,109.3
cutlass_128x128_s3,1,3072,8192,109.2
cutlass_128x256_s3,1,3072,8192,217.8
cutlass_256x64_s4,1,3072,8192,110.3
cutlass_256x64_s3,1,3072,8192,109.8
cutlass_64x64_s4_sk2,1,3072,8192,18.5
cutlass_64x64_s4_sk4,1,3072,8192,19.6
cutlass_64x64_s4_sk8,1,3072,8192,16.9
cutlass_128x128_s3_sk2,1,3072,8192,55.9
cutlass_128x128_s3_sk4,1,3072,8192,29.5
cutlass_128x128_s3_sk8,1,3072,8192,35.9
cutlass_64x128_s4_sk2,1,3072,8192,29.2
cutlass_64x128_s4_sk4,1,3072,8192,16.2
cutlass_64x128_s4_sk8,1,3072,8192,19.4
cutlass_32x64_s4_sk4,1,3072,8192,12.3
cutlass_32x64_s4_sk8,1,3072,8192,12.5
cutlass_32x64_s4_sk16,1,3072,8192,15.4
cutlass_128x128_s4_sk2,1,3072,8192,55.3
cutlass_128x128_s4_sk4,1,3072,8192,29.2
cutlass_128x128_s4_sk8,1,3072,8192,35.5
cutlass_128x64_s4_sk2,1,3072,8192,29.3
cutlass_128x64_s4_sk4,1,3072,8192,34.1
cutlass_128x64_s4_sk8,1,3072,8192,28.3
cutlass_256x64_s4_sk2,1,3072,8192,56.5
cutlass_256x64_s4_sk4,1,3072,8192,66.2
cutlass_64x64_s4_sk16,1,3072,8192,18.5
cutlass_64x128_s4_sk16,1,3072,8192,17.4
cutlass_64x64_k64_s4,1,3072,8192,27.6
cutlass_64x64_k64_s3,1,3072,8192,26.8
cutlass_64x128_k64_s4,1,3072,8192,54.4
cutlass_64x128_k64_s3,1,3072,8192,54.3
cutlass_128x64_k64_s4,1,3072,8192,54.6
cutlass_128x64_k64_s3,1,3072,8192,54.6
cutlass_128x128_k64_s4,1,3072,8192,0.0
cutlass_128x128_k64_s3,1,3072,8192,108.7
cutlass_256x64_k64_s4,1,3072,8192,0.0
cutlass_256x64_k64_s3,1,3072,8192,0.0
cutlass_128x256_k64_s3,1,3072,8192,0.0
cutlass_32x64_k64_s4,1,3072,8192,32.1
cutlass_32x128_k64_s4,1,3072,8192,54.0
cutlass_64x64_k64_s4_sk2,1,3072,8192,18.4
cutlass_64x64_k64_s4_sk4,1,3072,8192,21.8
cutlass_64x64_k64_s4_sk8,1,3072,8192,19.0
cutlass_128x128_k64_s3_sk2,1,3072,8192,56.9
cutlass_128x128_k64_s3_sk4,1,3072,8192,30.1
cutlass_128x128_k64_s2,1,3072,8192,113.5
cutlass_64x64_k64_s2,1,3072,8192,46.4
cutlass_64x128_k64_s2,1,3072,8192,69.6
cutlass_128x64_k64_s2,1,3072,8192,70.7
cutlass_256x64_k64_s2,1,3072,8192,123.3
cutlass_256x128_s2,1,3072,8192,0.0
cutlass_64x64_s2,1,3072,8192,67.7
cutlass_64x128_s2,1,3072,8192,85.7
cutlass_128x64_s2,1,3072,8192,82.1
cutlass_128x128_s2,1,3072,8192,133.5
cutlass_128x256_s2,1,3072,8192,217.4
cutlass_256x64_s2,1,3072,8192,136.1
cutlass_gemv,1,3072,8192,13.5
cublas,2,3072,8192,32.5
cutlass_32x64_s4,2,3072,8192,35.5
cutlass_32x64_s3,2,3072,8192,35.0
cutlass_32x128_s4,2,3072,8192,58.3
cutlass_32x128_s3,2,3072,8192,58.3
cutlass_32x256_s3,2,3072,8192,62.4
cutlass_64x64_s4,2,3072,8192,33.6
cutlass_64x64_s3,2,3072,8192,33.6
cutlass_64x128_s4,2,3072,8192,54.3
cutlass_64x128_s3,2,3072,8192,54.3
cutlass_128x64_s4,2,3072,8192,54.7
cutlass_128x64_s3,2,3072,8192,54.7
cutlass_128x128_s4,2,3072,8192,105.9
cutlass_128x128_s3,2,3072,8192,105.9
cutlass_128x256_s3,2,3072,8192,214.8
cutlass_256x64_s4,2,3072,8192,108.9
cutlass_256x64_s3,2,3072,8192,108.9
cutlass_64x64_s4_sk2,2,3072,8192,18.4
cutlass_64x64_s4_sk4,2,3072,8192,19.6
cutlass_64x64_s4_sk8,2,3072,8192,17.3
cutlass_128x128_s3_sk2,2,3072,8192,55.7
cutlass_128x128_s3_sk4,2,3072,8192,29.4
cutlass_128x128_s3_sk8,2,3072,8192,35.9
cutlass_64x128_s4_sk2,2,3072,8192,29.0
cutlass_64x128_s4_sk4,2,3072,8192,16.5
cutlass_64x128_s4_sk8,2,3072,8192,19.7
cutlass_32x64_s4_sk4,2,3072,8192,12.5
cutlass_32x64_s4_sk8,2,3072,8192,12.5
cutlass_32x64_s4_sk16,2,3072,8192,16.1
cutlass_128x128_s4_sk2,2,3072,8192,55.3
cutlass_128x128_s4_sk4,2,3072,8192,29.2
cutlass_128x128_s4_sk8,2,3072,8192,35.9
cutlass_128x64_s4_sk2,2,3072,8192,29.3
cutlass_128x64_s4_sk4,2,3072,8192,34.4
cutlass_128x64_s4_sk8,2,3072,8192,28.5
cutlass_256x64_s4_sk2,2,3072,8192,56.5
cutlass_256x64_s4_sk4,2,3072,8192,66.2
cutlass_64x64_s4_sk16,2,3072,8192,18.9
cutlass_64x128_s4_sk16,2,3072,8192,18.1
cutlass_64x64_k64_s4,2,3072,8192,27.6
cutlass_64x64_k64_s3,2,3072,8192,26.8
cutlass_64x128_k64_s4,2,3072,8192,54.3
cutlass_64x128_k64_s3,2,3072,8192,54.3
cutlass_128x64_k64_s4,2,3072,8192,54.6
cutlass_128x64_k64_s3,2,3072,8192,54.6
cutlass_128x128_k64_s4,2,3072,8192,0.0
cutlass_128x128_k64_s3,2,3072,8192,108.5
cutlass_256x64_k64_s4,2,3072,8192,0.0
cutlass_256x64_k64_s3,2,3072,8192,0.0
cutlass_128x256_k64_s3,2,3072,8192,0.0
cutlass_32x64_k64_s4,2,3072,8192,31.9
cutlass_32x128_k64_s4,2,3072,8192,53.8
cutlass_64x64_k64_s4_sk2,2,3072,8192,18.3
cutlass_64x64_k64_s4_sk4,2,3072,8192,21.9
cutlass_64x64_k64_s4_sk8,2,3072,8192,19.3
cutlass_128x128_k64_s3_sk2,2,3072,8192,56.6
cutlass_128x128_k64_s3_sk4,2,3072,8192,29.9
cutlass_128x128_k64_s2,2,3072,8192,112.8
cutlass_64x64_k64_s2,2,3072,8192,46.2
cutlass_64x128_k64_s2,2,3072,8192,69.2
cutlass_128x64_k64_s2,2,3072,8192,70.3
cutlass_256x64_k64_s2,2,3072,8192,122.6
cutlass_256x128_s2,2,3072,8192,0.0
cutlass_64x64_s2,2,3072,8192,67.5
cutlass_64x128_s2,2,3072,8192,85.3
cutlass_128x64_s2,2,3072,8192,81.6
cutlass_128x128_s2,2,3072,8192,132.7
cutlass_128x256_s2,2,3072,8192,216.0
cutlass_256x64_s2,2,3072,8192,135.2
cublas,4,3072,8192,32.4
cutlass_32x64_s4,4,3072,8192,35.3
cutlass_32x64_s3,4,3072,8192,34.8
cutlass_32x128_s4,4,3072,8192,58.0
cutlass_32x128_s3,4,3072,8192,58.0
cutlass_32x256_s3,4,3072,8192,62.0
cutlass_64x64_s4,4,3072,8192,33.4
cutlass_64x64_s3,4,3072,8192,33.4
cutlass_64x128_s4,4,3072,8192,54.0
cutlass_64x128_s3,4,3072,8192,54.0
cutlass_128x64_s4,4,3072,8192,54.4
cutlass_128x64_s3,4,3072,8192,54.4
cutlass_128x128_s4,4,3072,8192,105.2
cutlass_128x128_s3,4,3072,8192,105.2
cutlass_128x256_s3,4,3072,8192,213.6
cutlass_256x64_s4,4,3072,8192,108.2
cutlass_256x64_s3,4,3072,8192,108.3
cutlass_64x64_s4_sk2,4,3072,8192,18.5
cutlass_64x64_s4_sk4,4,3072,8192,19.7
cutlass_64x64_s4_sk8,4,3072,8192,17.8
cutlass_128x128_s3_sk2,4,3072,8192,55.3
cutlass_128x128_s3_sk4,4,3072,8192,29.4
cutlass_128x128_s3_sk8,4,3072,8192,36.3
cutlass_64x128_s4_sk2,4,3072,8192,28.8
cutlass_64x128_s4_sk4,4,3072,8192,16.7
cutlass_64x128_s4_sk8,4,3072,8192,20.1
cutlass_32x64_s4_sk4,4,3072,8192,13.0
cutlass_32x64_s4_sk8,4,3072,8192,13.3
cutlass_32x64_s4_sk16,4,3072,8192,16.6
cutlass_128x128_s4_sk2,4,3072,8192,55.0
cutlass_128x128_s4_sk4,4,3072,8192,29.2
cutlass_128x128_s4_sk8,4,3072,8192,36.3
cutlass_128x64_s4_sk2,4,3072,8192,29.3
cutlass_128x64_s4_sk4,4,3072,8192,34.6
cutlass_128x64_s4_sk8,4,3072,8192,28.6
cutlass_256x64_s4_sk2,4,3072,8192,56.2
cutlass_256x64_s4_sk4,4,3072,8192,66.3
cutlass_64x64_s4_sk16,4,3072,8192,19.2
cutlass_64x128_s4_sk16,4,3072,8192,18.5
cutlass_64x64_k64_s4,4,3072,8192,27.5
cutlass_64x64_k64_s3,4,3072,8192,26.7
cutlass_64x128_k64_s4,4,3072,8192,54.0
cutlass_64x128_k64_s3,4,3072,8192,54.0
cutlass_128x64_k64_s4,4,3072,8192,54.3
cutlass_128x64_k64_s3,4,3072,8192,54.3
cutlass_128x128_k64_s4,4,3072,8192,0.0
cutlass_128x128_k64_s3,4,3072,8192,108.0
cutlass_256x64_k64_s4,4,3072,8192,0.0
cutlass_256x64_k64_s3,4,3072,8192,0.0
cutlass_128x256_k64_s3,4,3072,8192,0.0
cutlass_32x64_k64_s4,4,3072,8192,31.9
cutlass_32x128_k64_s4,4,3072,8192,53.7
cutlass_64x64_k64_s4_sk2,4,3072,8192,18.4
cutlass_64x64_k64_s4_sk4,4,3072,8192,22.1
cutlass_64x64_k64_s4_sk8,4,3072,8192,19.8
cutlass_128x128_k64_s3_sk2,4,3072,8192,56.6
cutlass_128x128_k64_s3_sk4,4,3072,8192,30.1
cutlass_128x128_k64_s2,4,3072,8192,112.9
cutlass_64x64_k64_s2,4,3072,8192,46.2
cutlass_64x128_k64_s2,4,3072,8192,69.3
cutlass_128x64_k64_s2,4,3072,8192,70.3
cutlass_256x64_k64_s2,4,3072,8192,122.6
cutlass_256x128_s2,4,3072,8192,0.0
cutlass_64x64_s2,4,3072,8192,67.4
cutlass_64x128_s2,4,3072,8192,85.4
cutlass_128x64_s2,4,3072,8192,81.7
cutlass_128x128_s2,4,3072,8192,132.7
cutlass_128x256_s2,4,3072,8192,216.1
cutlass_256x64_s2,4,3072,8192,135.2
cublas,8,3072,8192,32.5
cutlass_32x64_s4,8,3072,8192,35.3
cutlass_32x64_s3,8,3072,8192,34.8
cutlass_32x128_s4,8,3072,8192,58.0
cutlass_32x128_s3,8,3072,8192,58.0
cutlass_32x256_s3,8,3072,8192,62.0
cutlass_64x64_s4,8,3072,8192,33.4
cutlass_64x64_s3,8,3072,8192,33.4
cutlass_64x128_s4,8,3072,8192,54.0
cutlass_64x128_s3,8,3072,8192,54.0
cutlass_128x64_s4,8,3072,8192,54.3
cutlass_128x64_s3,8,3072,8192,54.5
cutlass_128x128_s4,8,3072,8192,105.4
cutlass_128x128_s3,8,3072,8192,105.4
cutlass_128x256_s3,8,3072,8192,213.7
cutlass_256x64_s4,8,3072,8192,108.5
cutlass_256x64_s3,8,3072,8192,108.5
cutlass_64x64_s4_sk2,8,3072,8192,18.6
cutlass_64x64_s4_sk4,8,3072,8192,19.9
cutlass_64x64_s4_sk8,8,3072,8192,17.7
cutlass_128x128_s3_sk2,8,3072,8192,55.4
cutlass_128x128_s3_sk4,8,3072,8192,29.5
cutlass_128x128_s3_sk8,8,3072,8192,36.3
cutlass_64x128_s4_sk2,8,3072,8192,28.9
cutlass_64x128_s4_sk4,8,3072,8192,16.7
cutlass_64x128_s4_sk8,8,3072,8192,20.2
cutlass_32x64_s4_sk4,8,3072,8192,13.1
cutlass_32x64_s4_sk8,8,3072,8192,13.5
cutlass_32x64_s4_sk16,8,3072,8192,17.0
cutlass_128x128_s4_sk2,8,3072,8192,55.0
cutlass_128x128_s4_sk4,8,3072,8192,29.3
cutlass_128x128_s4_sk8,8,3072,8192,36.1
cutlass_128x64_s4_sk2,8,3072,8192,29.3
cutlass_128x64_s4_sk4,8,3072,8192,34.6
cutlass_128x64_s4_sk8,8,3072,8192,28.6
cutlass_256x64_s4_sk2,8,3072,8192,56.4
cutlass_256x64_s4_sk4,8,3072,8192,66.5
cutlass_64x64_s4_sk16,8,3072,8192,19.5
cutlass_64x128_s4_sk16,8,3072,8192,18.6
cutlass_64x64_k64_s4,8,3072,8192,27.5
cutlass_64x64_k64_s3,8,3072,8192,26.7
cutlass_64x128_k64_s4,8,3072,8192,54.1
cutlass_64x128_k64_s3,8,3072,8192,54.1
cutlass_128x64_k64_s4,8,3072,8192,54.4
cutlass_128x64_k64_s3,8,3072,8192,54.4
cutlass_128x128_k64_s4,8,3072,8192,0.0
cutlass_128x128_k64_s3,8,3072,8192,108.0
cutlass_256x64_k64_s4,8,3072,8192,0.0
cutlass_256x64_k64_s3,8,3072,8192,0.0
cutlass_128x256_k64_s3,8,3072,8192,0.0
cutlass_32x64_k64_s4,8,3072,8192,31.8
cutlass_32x128_k64_s4,8,3072,8192,53.9
cutlass_64x64_k64_s4_sk2,8,3072,8192,18.4
cutlass_64x64_k64_s4_sk4,8,3072,8192,22.2
cutlass_64x64_k64_s4_sk8,8,3072,8192,19.6
cutlass_128x128_k64_s3_sk2,8,3072,8192,56.6
cutlass_128x128_k64_s3_sk4,8,3072,8192,30.1
cutlass_128x128_k64_s2,8,3072,8192,113.6
cutlass_64x64_k64_s2,8,3072,8192,46.3
cutlass_64x128_k64_s2,8,3072,8192,69.2
cutlass_128x64_k64_s2,8,3072,8192,70.3
cutlass_256x64_k64_s2,8,3072,8192,122.6
cutlass_256x128_s2,8,3072,8192,0.0
cutlass_64x64_s2,8,3072,8192,67.6
cutlass_64x128_s2,8,3072,8192,85.6
cutlass_128x64_s2,8,3072,8192,81.6
cutlass_128x128_s2,8,3072,8192,132.7
cutlass_128x256_s2,8,3072,8192,216.0
cutlass_256x64_s2,8,3072,8192,135.3
cublas,16,3072,8192,33.4
cutlass_32x64_s4,16,3072,8192,35.3
cutlass_32x64_s3,16,3072,8192,34.8
cutlass_32x128_s4,16,3072,8192,58.0
cutlass_32x128_s3,16,3072,8192,58.0
cutlass_32x256_s3,16,3072,8192,62.0
cutlass_64x64_s4,16,3072,8192,33.3
cutlass_64x64_s3,16,3072,8192,33.4
cutlass_64x128_s4,16,3072,8192,54.0
cutlass_64x128_s3,16,3072,8192,54.0
cutlass_128x64_s4,16,3072,8192,54.4
cutlass_128x64_s3,16,3072,8192,54.5
cutlass_128x128_s4,16,3072,8192,105.2
cutlass_128x128_s3,16,3072,8192,105.2
cutlass_128x256_s3,16,3072,8192,213.6
cutlass_256x64_s4,16,3072,8192,108.3
cutlass_256x64_s3,16,3072,8192,108.3
cutlass_64x64_s4_sk2,16,3072,8192,19.1
cutlass_64x64_s4_sk4,16,3072,8192,20.4
cutlass_64x64_s4_sk8,16,3072,8192,18.4
cutlass_128x128_s3_sk2,16,3072,8192,55.3
cutlass_128x128_s3_sk4,16,3072,8192,29.7
cutlass_128x128_s3_sk8,16,3072,8192,36.8
cutlass_64x128_s4_sk2,16,3072,8192,28.9
cutlass_64x128_s4_sk4,16,3072,8192,17.2
cutlass_64x128_s4_sk8,16,3072,8192,20.4
cutlass_32x64_s4_sk4,16,3072,8192,14.2
cutlass_32x64_s4_sk8,16,3072,8192,14.5
cutlass_32x64_s4_sk16,16,3072,8192,17.6
cutlass_128x128_s4_sk2,16,3072,8192,55.1
cutlass_128x128_s4_sk4,16,3072,8192,29.5
cutlass_128x128_s4_sk8,16,3072,8192,36.7
cutlass_128x64_s4_sk2,16,3072,8192,29.5
cutlass_128x64_s4_sk4,16,3072,8192,34.9
cutlass_128x64_s4_sk8,16,3072,8192,29.4
cutlass_256x64_s4_sk2,16,3072,8192,56.3
cutlass_256x64_s4_sk4,16,3072,8192,66.6
cutlass_64x64_s4_sk16,16,3072,8192,20.5
cutlass_64x128_s4_sk16,16,3072,8192,19.5
cutlass_64x64_k64_s4,16,3072,8192,27.5
cutlass_64x64_k64_s3,16,3072,8192,26.7
cutlass_64x128_k64_s4,16,3072,8192,54.1
cutlass_64x128_k64_s3,16,3072,8192,54.0
cutlass_128x64_k64_s4,16,3072,8192,54.2
cutlass_128x64_k64_s3,16,3072,8192,54.3
cutlass_128x128_k64_s4,16,3072,8192,0.0
cutlass_128x128_k64_s3,16,3072,8192,108.1
cutlass_256x64_k64_s4,16,3072,8192,0.0
cutlass_256x64_k64_s3,16,3072,8192,0.0
cutlass_128x256_k64_s3,16,3072,8192,0.0
cutlass_32x64_k64_s4,16,3072,8192,31.8
cutlass_32x128_k64_s4,16,3072,8192,53.8
cutlass_64x64_k64_s4_sk2,16,3072,8192,18.6
cutlass_64x64_k64_s4_sk4,16,3072,8192,22.4
cutlass_64x64_k64_s4_sk8,16,3072,8192,20.1
cutlass_128x128_k64_s3_sk2,16,3072,8192,56.8
cutlass_128x128_k64_s3_sk4,16,3072,8192,30.4
cutlass_128x128_k64_s2,16,3072,8192,114.0
cutlass_64x64_k64_s2,16,3072,8192,47.9
cutlass_64x128_k64_s2,16,3072,8192,69.5
cutlass_128x64_k64_s2,16,3072,8192,70.3
cutlass_256x64_k64_s2,16,3072,8192,122.7
cutlass_256x128_s2,16,3072,8192,0.0
cutlass_64x64_s2,16,3072,8192,68.5
cutlass_64x128_s2,16,3072,8192,86.5
cutlass_128x64_s2,16,3072,8192,81.7
cutlass_128x128_s2,16,3072,8192,132.7
cutlass_128x256_s2,16,3072,8192,214.8
cutlass_256x64_s2,16,3072,8192,135.3
cublas,32,3072,8192,27.6
cutlass_32x64_s4,32,3072,8192,35.5
cutlass_32x64_s3,32,3072,8192,34.9
cutlass_32x128_s4,32,3072,8192,58.1
cutlass_32x128_s3,32,3072,8192,58.0
cutlass_32x256_s3,32,3072,8192,62.0
cutlass_64x64_s4,32,3072,8192,33.5
cutlass_64x64_s3,32,3072,8192,34.4
cutlass_64x128_s4,32,3072,8192,54.0
cutlass_64x128_s3,32,3072,8192,54.0
cutlass_128x64_s4,32,3072,8192,54.3
cutlass_128x64_s3,32,3072,8192,54.5
cutlass_128x128_s4,32,3072,8192,105.2
cutlass_128x128_s3,32,3072,8192,105.2
cutlass_128x256_s3,32,3072,8192,213.6
cutlass_256x64_s4,32,3072,8192,108.3
cutlass_256x64_s3,32,3072,8192,108.3
cutlass_64x64_s4_sk2,32,3072,8192,20.0
cutlass_64x64_s4_sk4,32,3072,8192,21.3
cutlass_64x64_s4_sk8,32,3072,8192,20.2
cutlass_128x128_s3_sk2,32,3072,8192,55.5
cutlass_128x128_s3_sk4,32,3072,8192,30.5
cutlass_128x128_s3_sk8,32,3072,8192,37.9
cutlass_64x128_s4_sk2,32,3072,8192,29.1
cutlass_64x128_s4_sk4,32,3072,8192,17.8
cutlass_64x128_s4_sk8,32,3072,8192,20.8
cutlass_32x64_s4_sk4,32,3072,8192,16.4
cutlass_32x64_s4_sk8,32,3072,8192,16.7
cutlass_32x64_s4_sk16,32,3072,8192,20.3
cutlass_128x128_s4_sk2,32,3072,8192,55.2
cutlass_128x128_s4_sk4,32,3072,8192,30.3
cutlass_128x128_s4_sk8,32,3072,8192,37.9
cutlass_128x64_s4_sk2,32,3072,8192,29.9
cutlass_128x64_s4_sk4,32,3072,8192,35.3
cutlass_128x64_s4_sk8,32,3072,8192,30.6
cutlass_256x64_s4_sk2,32,3072,8192,56.4
cutlass_256x64_s4_sk4,32,3072,8192,67.0
cutlass_64x64_s4_sk16,32,3072,8192,23.1
cutlass_64x128_s4_sk16,32,3072,8192,21.1
cutlass_64x64_k64_s4,32,3072,8192,27.6
cutlass_64x64_k64_s3,32,3072,8192,27.1
cutlass_64x128_k64_s4,32,3072,8192,54.2
cutlass_64x128_k64_s3,32,3072,8192,54.1
cutlass_128x64_k64_s4,32,3072,8192,54.4
cutlass_128x64_k64_s3,32,3072,8192,54.4
cutlass_128x128_k64_s4,32,3072,8192,0.0
cutlass_128x128_k64_s3,32,3072,8192,108.2
cutlass_256x64_k64_s4,32,3072,8192,0.0
cutlass_256x64_k64_s3,32,3072,8192,0.0
cutlass_128x256_k64_s3,32,3072,8192,0.0
cutlass_32x64_k64_s4,32,3072,8192,32.0
cutlass_32x128_k64_s4,32,3072,8192,53.9
cutlass_64x64_k64_s4_sk2,32,3072,8192,18.9
cutlass_64x64_k64_s4_sk4,32,3072,8192,23.6
cutlass_64x64_k64_s4_sk8,32,3072,8192,22.3
cutlass_128x128_k64_s3_sk2,32,3072,8192,57.0
cutlass_128x128_k64_s3_sk4,32,3072,8192,31.0
cutlass_128x128_k64_s2,32,3072,8192,113.9
cutlass_64x64_k64_s2,32,3072,8192,50.4
cutlass_64x128_k64_s2,32,3072,8192,70.5
cutlass_128x64_k64_s2,32,3072,8192,70.4
cutlass_256x64_k64_s2,32,3072,8192,122.6
cutlass_256x128_s2,32,3072,8192,0.0
cutlass_64x64_s2,32,3072,8192,70.8
cutlass_64x128_s2,32,3072,8192,88.1
cutlass_128x64_s2,32,3072,8192,82.0
cutlass_128x128_s2,32,3072,8192,132.8
cutlass_128x256_s2,32,3072,8192,214.9
cutlass_256x64_s2,32,3072,8192,135.3
cublas,64,3072,8192,18.3
cutlass_32x64_s4,64,3072,8192,36.2
cutlass_32x64_s3,64,3072,8192,36.4
cutlass_32x128_s4,64,3072,8192,58.2
cutlass_32x128_s3,64,3072,8192,58.1
cutlass_32x256_s3,64,3072,8192,62.0
cutlass_64x64_s4,64,3072,8192,33.9
cutlass_64x64_s3,64,3072,8192,37.6
cutlass_64x128_s4,64,3072,8192,53.9
cutlass_64x128_s3,64,3072,8192,54.0
cutlass_128x64_s4,64,3072,8192,54.5
cutlass_128x64_s3,64,3072,8192,54.5
cutlass_128x128_s4,64,3072,8192,105.3
cutlass_128x128_s3,64,3072,8192,105.4
cutlass_128x256_s3,64,3072,8192,213.6
cutlass_256x64_s4,64,3072,8192,108.6
cutlass_256x64_s3,64,3072,8192,108.6
cutlass_64x64_s4_sk2,64,3072,8192,26.1
cutlass_64x64_s4_sk4,64,3072,8192,24.5
cutlass_64x64_s4_sk8,64,3072,8192,26.2
cutlass_128x128_s3_sk2,64,3072,8192,56.2
cutlass_128x128_s3_sk4,64,3072,8192,32.4
cutlass_128x128_s3_sk8,64,3072,8192,41.1
cutlass_64x128_s4_sk2,64,3072,8192,30.4
cutlass_64x128_s4_sk4,64,3072,8192,22.2
cutlass_64x128_s4_sk8,64,3072,8192,24.8
cutlass_32x64_s4_sk4,64,3072,8192,30.2
cutlass_32x64_s4_sk8,64,3072,8192,38.4
cutlass_32x64_s4_sk16,64,3072,8192,36.9
cutlass_128x128_s4_sk2,64,3072,8192,55.8
cutlass_128x128_s4_sk4,64,3072,8192,32.3
cutlass_128x128_s4_sk8,64,3072,8192,41.1
cutlass_128x64_s4_sk2,64,3072,8192,31.4
cutlass_128x64_s4_sk4,64,3072,8192,36.6
cutlass_128x64_s4_sk8,64,3072,8192,32.9
cutlass_256x64_s4_sk2,64,3072,8192,57.0
cutlass_256x64_s4_sk4,64,3072,8192,68.7
cutlass_64x64_s4_sk16,64,3072,8192,31.2
cutlass_64x128_s4_sk16,64,3072,8192,28.8
cutlass_64x64_k64_s4,64,3072,8192,28.2
cutlass_64x64_k64_s3,64,3072,8192,27.9
cutlass_64x128_k64_s4,64,3072,8192,54.5
cutlass_64x128_k64_s3,64,3072,8192,54.3
cutlass_128x64_k64_s4,64,3072,8192,54.5
cutlass_128x64_k64_s3,64,3072,8192,54.5
cutlass_128x128_k64_s4,64,3072,8192,0.0
cutlass_128x128_k64_s3,64,3072,8192,108.3
cutlass_256x64_k64_s4,64,3072,8192,0.0
cutlass_256x64_k64_s3,64,3072,8192,0.0
cutlass_128x256_k64_s3,64,3072,8192,0.0
cutlass_32x64_k64_s4,64,3072,8192,32.2
cutlass_32x128_k64_s4,64,3072,8192,54.0
cutlass_64x64_k64_s4_sk2,64,3072,8192,24.1
cutlass_64x64_k64_s4_sk4,64,3072,8192,29.5
cutlass_64x64_k64_s4_sk8,64,3072,8192,28.6
cutlass_128x128_k64_s3_sk2,64,3072,8192,57.5
cutlass_128x128_k64_s3_sk4,64,3072,8192,32.7
cutlass_128x128_k64_s2,64,3072,8192,112.7
cutlass_64x64_k64_s2,64,3072,8192,55.5
cutlass_64x128_k64_s2,64,3072,8192,75.7
cutlass_128x64_k64_s2,64,3072,8192,70.5
cutlass_256x64_k64_s2,64,3072,8192,122.7
cutlass_256x128_s2,64,3072,8192,0.0
cutlass_64x64_s2,64,3072,8192,78.0
cutlass_64x128_s2,64,3072,8192,96.7
cutlass_128x64_s2,64,3072,8192,86.2
cutlass_128x128_s2,64,3072,8192,132.8
cutlass_128x256_s2,64,3072,8192,216.2
cutlass_256x64_s2,64,3072,8192,135.2
cublas,128,3072,8192,43.9
cutlass_32x64_s4,128,3072,8192,58.9
cutlass_32x64_s3,128,3072,8192,59.8
cutlass_32x128_s4,128,3072,8192,58.7
cutlass_32x128_s3,128,3072,8192,58.5
cutlass_32x256_s3,128,3072,8192,62.6
cutlass_64x64_s4,128,3072,8192,43.2
cutlass_64x64_s3,128,3072,8192,43.7
cutlass_64x128_s4,128,3072,8192,54.4
cutlass_64x128_s3,128,3072,8192,54.3
cutlass_128x64_s4,128,3072,8192,54.6
cutlass_128x64_s3,128,3072,8192,54.7
cutlass_128x128_s4,128,3072,8192,105.5
cutlass_128x128_s3,128,3072,8192,105.6
cutlass_128x256_s3,128,3072,8192,213.5
cutlass_256x64_s4,128,3072,8192,108.6
cutlass_256x64_s3,128,3072,8192,108.6
cutlass_64x64_s4_sk2,128,3072,8192,44.7
cutlass_64x64_s4_sk4,128,3072,8192,45.4
cutlass_64x64_s4_sk8,128,3072,8192,50.6
cutlass_128x128_s3_sk2,128,3072,8192,57.8
cutlass_128x128_s3_sk4,128,3072,8192,36.9
cutlass_128x128_s3_sk8,128,3072,8192,48.6
cutlass_64x128_s4_sk2,128,3072,8192,38.7
cutlass_64x128_s4_sk4,128,3072,8192,41.4
cutlass_64x128_s4_sk8,128,3072,8192,44.7
cutlass_32x64_s4_sk4,128,3072,8192,70.4
cutlass_32x64_s4_sk8,128,3072,8192,64.9
cutlass_32x64_s4_sk16,128,3072,8192,70.3
cutlass_128x128_s4_sk2,128,3072,8192,57.5
cutlass_128x128_s4_sk4,128,3072,8192,37.0
cutlass_128x128_s4_sk8,128,3072,8192,48.8
cutlass_128x64_s4_sk2,128,3072,8192,38.1
cutlass_128x64_s4_sk4,128,3072,8192,41.7
cutlass_128x64_s4_sk8,128,3072,8192,44.8
cutlass_256x64_s4_sk2,128,3072,8192,60.4
cutlass_256x64_s4_sk4,128,3072,8192,74.1
cutlass_64x64_s4_sk16,128,3072,8192,57.7
cutlass_64x128_s4_sk16,128,3072,8192,54.2
cutlass_64x64_k64_s4,128,3072,8192,40.7
cutlass_64x64_k64_s3,128,3072,8192,41.1
cutlass_64x128_k64_s4,128,3072,8192,54.6
cutlass_64x128_k64_s3,128,3072,8192,54.3
cutlass_128x64_k64_s4,128,3072,8192,54.9
cutlass_128x64_k64_s3,128,3072,8192,54.7
cutlass_128x128_k64_s4,128,3072,8192,0.0
cutlass_128x128_k64_s3,128,3072,8192,108.5
cutlass_256x64_k64_s4,128,3072,8192,0.0
cutlass_256x64_k64_s3,128,3072,8192,0.0
cutlass_128x256_k64_s3,128,3072,8192,0.0
cutlass_32x64_k64_s4,128,3072,8192,57.5
cutlass_32x128_k64_s4,128,3072,8192,54.4
cutlass_64x64_k64_s4_sk2,128,3072,8192,56.4
cutlass_64x64_k64_s4_sk4,128,3072,8192,48.2
cutlass_64x64_k64_s4_sk8,128,3072,8192,52.8
cutlass_128x128_k64_s3_sk2,128,3072,8192,59.3
cutlass_128x128_k64_s3_sk4,128,3072,8192,36.7
cutlass_128x128_k64_s2,128,3072,8192,112.5
cutlass_64x64_k64_s2,128,3072,8192,56.6
cutlass_64x128_k64_s2,128,3072,8192,76.5
cutlass_128x64_k64_s2,128,3072,8192,77.5
cutlass_256x64_k64_s2,128,3072,8192,122.7
cutlass_256x128_s2,128,3072,8192,0.0
cutlass_64x64_s2,128,3072,8192,81.3
cutlass_64x128_s2,128,3072,8192,98.8
cutlass_128x64_s2,128,3072,8192,100.0
cutlass_128x128_s2,128,3072,8192,132.8
cutlass_128x256_s2,128,3072,8192,216.4
cutlass_256x64_s2,128,3072,8192,135.3
cublas,256,3072,8192,67.4
cutlass_32x64_s4,256,3072,8192,113.8
cutlass_32x64_s3,256,3072,8192,113.5
cutlass_32x128_s4,256,3072,8192,93.5
cutlass_32x128_s3,256,3072,8192,96.4
cutlass_32x256_s3,256,3072,8192,90.1
cutlass_64x64_s4,256,3072,8192,84.0
cutlass_64x64_s3,256,3072,8192,84.0
cutlass_64x128_s4,256,3072,8192,66.5
cutlass_64x128_s3,256,3072,8192,66.9
cutlass_128x64_s4,256,3072,8192,67.0
cutlass_128x64_s3,256,3072,8192,67.5
cutlass_128x128_s4,256,3072,8192,107.5
cutlass_128x128_s3,256,3072,8192,107.5
cutlass_128x256_s3,256,3072,8192,217.7
cutlass_256x64_s4,256,3072,8192,110.8
cutlass_256x64_s3,256,3072,8192,109.9
cutlass_64x64_s4_sk2,256,3072,8192,82.9
cutlass_64x64_s4_sk4,256,3072,8192,88.6
cutlass_64x64_s4_sk8,256,3072,8192,95.3
cutlass_128x128_s3_sk2,256,3072,8192,65.3
cutlass_128x128_s3_sk4,256,3072,8192,80.4
cutlass_128x128_s3_sk8,256,3072,8192,81.9
cutlass_64x128_s4_sk2,256,3072,8192,74.1
cutlass_64x128_s4_sk4,256,3072,8192,75.6
cutlass_64x128_s4_sk8,256,3072,8192,83.5
cutlass_32x64_s4_sk4,256,3072,8192,121.1
cutlass_32x64_s4_sk8,256,3072,8192,124.4
cutlass_32x64_s4_sk16,256,3072,8192,147.3
cutlass_128x128_s4_sk2,256,3072,8192,64.8
cutlass_128x128_s4_sk4,256,3072,8192,80.9
cutlass_128x128_s4_sk8,256,3072,8192,82.2
cutlass_128x64_s4_sk2,256,3072,8192,75.6
cutlass_128x64_s4_sk4,256,3072,8192,77.5
cutlass_128x64_s4_sk8,256,3072,8192,85.5
cutlass_256x64_s4_sk2,256,3072,8192,69.3
cutlass_256x64_s4_sk4,256,3072,8192,84.0
cutlass_64x64_s4_sk16,256,3072,8192,124.1
cutlass_64x128_s4_sk16,256,3072,8192,112.9
cutlass_64x64_k64_s4,256,3072,8192,104.1
cutlass_64x64_k64_s3,256,3072,8192,79.8
cutlass_64x128_k64_s4,256,3072,8192,60.2
cutlass_64x128_k64_s3,256,3072,8192,61.1
cutlass_128x64_k64_s4,256,3072,8192,61.9
cutlass_128x64_k64_s3,256,3072,8192,62.5
cutlass_128x128_k64_s4,256,3072,8192,0.0
cutlass_128x128_k64_s3,256,3072,8192,109.2
cutlass_256x64_k64_s4,256,3072,8192,0.0
cutlass_256x64_k64_s3,256,3072,8192,0.0
cutlass_128x256_k64_s3,256,3072,8192,0.0
cutlass_32x64_k64_s4,256,3072,8192,153.5
cutlass_32x128_k64_s4,256,3072,8192,128.2
cutlass_64x64_k64_s4_sk2,256,3072,8192,86.9
cutlass_64x64_k64_s4_sk4,256,3072,8192,90.4
cutlass_64x64_k64_s4_sk8,256,3072,8192,95.8
cutlass_128x128_k64_s3_sk2,256,3072,8192,63.8
cutlass_128x128_k64_s3_sk4,256,3072,8192,82.1
cutlass_128x128_k64_s2,256,3072,8192,113.0
cutlass_64x64_k64_s2,256,3072,8192,90.4
cutlass_64x128_k64_s2,256,3072,8192,83.4
cutlass_128x64_k64_s2,256,3072,8192,81.3
cutlass_256x64_k64_s2,256,3072,8192,123.9
cutlass_256x128_s2,256,3072,8192,0.0
cutlass_64x64_s2,256,3072,8192,102.0
cutlass_64x128_s2,256,3072,8192,100.9
cutlass_128x64_s2,256,3072,8192,103.1
cutlass_128x128_s2,256,3072,8192,133.7
cutlass_128x256_s2,256,3072,8192,217.7
cutlass_256x64_s2,256,3072,8192,136.1
cublas,512,3072,8192,116.1
cutlass_32x64_s4,512,3072,8192,297.5
cutlass_32x64_s3,512,3072,8192,343.5
cutlass_32x128_s4,512,3072,8192,255.5
cutlass_32x128_s3,512,3072,8192,188.5
cutlass_32x256_s3,512,3072,8192,226.7
cutlass_64x64_s4,512,3072,8192,161.2
cutlass_64x64_s3,512,3072,8192,161.0
cutlass_64x128_s4,512,3072,8192,135.4
cutlass_64x128_s3,512,3072,8192,132.1
cutlass_128x64_s4,512,3072,8192,133.2
cutlass_128x64_s3,512,3072,8192,134.1
cutlass_128x128_s4,512,3072,8192,118.1
cutlass_128x128_s3,512,3072,8192,117.7
cutlass_128x256_s3,512,3072,8192,236.7
cutlass_256x64_s4,512,3072,8192,120.8
cutlass_256x64_s3,512,3072,8192,118.4
cutlass_64x64_s4_sk2,512,3072,8192,172.5
cutlass_64x64_s4_sk4,512,3072,8192,170.4
cutlass_64x64_s4_sk8,512,3072,8192,194.2
cutlass_128x128_s3_sk2,512,3072,8192,147.6
cutlass_128x128_s3_sk4,512,3072,8192,132.5
cutlass_128x128_s3_sk8,512,3072,8192,183.3
cutlass_64x128_s4_sk2,512,3072,8192,156.1
cutlass_64x128_s4_sk4,512,3072,8192,146.4
cutlass_64x128_s4_sk8,512,3072,8192,170.1
cutlass_32x64_s4_sk4,512,3072,8192,236.6
cutlass_32x64_s4_sk8,512,3072,8192,258.7
cutlass_32x64_s4_sk16,512,3072,8192,405.6
cutlass_128x128_s4_sk2,512,3072,8192,145.3
cutlass_128x128_s4_sk4,512,3072,8192,133.8
cutlass_128x128_s4_sk8,512,3072,8192,174.0
cutlass_128x64_s4_sk2,512,3072,8192,154.2
cutlass_128x64_s4_sk4,512,3072,8192,147.8
cutlass_128x64_s4_sk8,512,3072,8192,174.5
cutlass_256x64_s4_sk2,512,3072,8192,152.1
cutlass_256x64_s4_sk4,512,3072,8192,139.3
cutlass_64x64_s4_sk16,512,3072,8192,359.4
cutlass_64x128_s4_sk16,512,3072,8192,343.9
cutlass_64x64_k64_s4,512,3072,8192,162.5
cutlass_64x64_k64_s3,512,3072,8192,199.4
cutlass_64x128_k64_s4,512,3072,8192,161.0
cutlass_64x128_k64_s3,512,3072,8192,156.2
cutlass_128x64_k64_s4,512,3072,8192,161.5
cutlass_128x64_k64_s3,512,3072,8192,161.3
cutlass_128x128_k64_s4,512,3072,8192,0.0
cutlass_128x128_k64_s3,512,3072,8192,110.4
cutlass_256x64_k64_s4,512,3072,8192,0.0
cutlass_256x64_k64_s3,512,3072,8192,0.0
cutlass_128x256_k64_s3,512,3072,8192,0.0
cutlass_32x64_k64_s4,512,3072,8192,236.1
cutlass_32x128_k64_s4,512,3072,8192,200.0
cutlass_64x64_k64_s4_sk2,512,3072,8192,171.8
cutlass_64x64_k64_s4_sk4,512,3072,8192,170.2
cutlass_64x64_k64_s4_sk8,512,3072,8192,217.3
cutlass_128x128_k64_s3_sk2,512,3072,8192,146.3
cutlass_128x128_k64_s3_sk4,512,3072,8192,131.4
cutlass_128x128_k64_s2,512,3072,8192,120.5
cutlass_64x64_k64_s2,512,3072,8192,164.4
cutlass_64x128_k64_s2,512,3072,8192,151.2
cutlass_128x64_k64_s2,512,3072,8192,149.8
cutlass_256x64_k64_s2,512,3072,8192,135.0
cutlass_256x128_s2,512,3072,8192,0.0
cutlass_64x64_s2,512,3072,8192,166.7
cutlass_64x128_s2,512,3072,8192,141.8
cutlass_128x64_s2,512,3072,8192,141.4
cutlass_128x128_s2,512,3072,8192,145.3
cutlass_128x256_s2,512,3072,8192,241.0
cutlass_256x64_s2,512,3072,8192,147.5
cublas,1024,3072,8192,202.8
cutlass_32x64_s4,1024,3072,8192,472.4
cutlass_32x64_s3,1024,3072,8192,532.9
cutlass_32x128_s4,1024,3072,8192,395.6
cutlass_32x128_s3,1024,3072,8192,395.6
cutlass_32x256_s3,1024,3072,8192,361.1
cutlass_64x64_s4,1024,3072,8192,332.9
cutlass_64x64_s3,1024,3072,8192,410.1
cutlass_64x128_s4,1024,3072,8192,288.7
cutlass_64x128_s3,1024,3072,8192,292.3
cutlass_128x64_s4,1024,3072,8192,290.7
cutlass_128x64_s3,1024,3072,8192,292.7
cutlass_128x128_s4,1024,3072,8192,263.7
cutlass_128x128_s3,1024,3072,8192,263.9
cutlass_128x256_s3,1024,3072,8192,229.1
cutlass_256x64_s4,1024,3072,8192,279.9
cutlass_256x64_s3,1024,3072,8192,289.0
cutlass_64x64_s4_sk2,1024,3072,8192,323.3
cutlass_64x64_s4_sk4,1024,3072,8192,354.5
cutlass_64x64_s4_sk8,1024,3072,8192,463.6
cutlass_128x128_s3_sk2,1024,3072,8192,235.4
cutlass_128x128_s3_sk4,1024,3072,8192,303.2
cutlass_128x128_s3_sk8,1024,3072,8192,447.5
cutlass_64x128_s4_sk2,1024,3072,8192,271.6
cutlass_64x128_s4_sk4,1024,3072,8192,293.0
cutlass_64x128_s4_sk8,1024,3072,8192,411.8
cutlass_32x64_s4_sk4,1024,3072,8192,494.7
cutlass_32x64_s4_sk8,1024,3072,8192,586.9
cutlass_32x64_s4_sk16,1024,3072,8192,853.7
cutlass_128x128_s4_sk2,1024,3072,8192,240.7
cutlass_128x128_s4_sk4,1024,3072,8192,291.2
cutlass_128x128_s4_sk8,1024,3072,8192,414.1
cutlass_128x64_s4_sk2,1024,3072,8192,269.2
cutlass_128x64_s4_sk4,1024,3072,8192,299.0
cutlass_128x64_s4_sk8,1024,3072,8192,420.7
cutlass_256x64_s4_sk2,1024,3072,8192,247.1
cutlass_256x64_s4_sk4,1024,3072,8192,307.9
cutlass_64x64_s4_sk16,1024,3072,8192,770.5
cutlass_64x128_s4_sk16,1024,3072,8192,725.1
cutlass_64x64_k64_s4,1024,3072,8192,322.5
cutlass_64x64_k64_s3,1024,3072,8192,314.1
cutlass_64x128_k64_s4,1024,3072,8192,252.4
cutlass_64x128_k64_s3,1024,3072,8192,248.1
cutlass_128x64_k64_s4,1024,3072,8192,248.2
cutlass_128x64_k64_s3,1024,3072,8192,246.0
cutlass_128x128_k64_s4,1024,3072,8192,0.0
cutlass_128x128_k64_s3,1024,3072,8192,256.6
cutlass_256x64_k64_s4,1024,3072,8192,0.0
cutlass_256x64_k64_s3,1024,3072,8192,0.0
cutlass_128x256_k64_s3,1024,3072,8192,0.0
cutlass_32x64_k64_s4,1024,3072,8192,480.9
cutlass_32x128_k64_s4,1024,3072,8192,406.7
cutlass_64x64_k64_s4_sk2,1024,3072,8192,321.3
cutlass_64x64_k64_s4_sk4,1024,3072,8192,382.7
cutlass_64x64_k64_s4_sk8,1024,3072,8192,515.1
cutlass_128x128_k64_s3_sk2,1024,3072,8192,233.8
cutlass_128x128_k64_s3_sk4,1024,3072,8192,281.6
cutlass_128x128_k64_s2,1024,3072,8192,272.1
cutlass_64x64_k64_s2,1024,3072,8192,314.4
cutlass_64x128_k64_s2,1024,3072,8192,297.6
cutlass_128x64_k64_s2,1024,3072,8192,308.3
cutlass_256x64_k64_s2,1024,3072,8192,312.6
cutlass_256x128_s2,1024,3072,8192,0.0
cutlass_64x64_s2,1024,3072,8192,394.6
cutlass_64x128_s2,1024,3072,8192,268.2
cutlass_128x64_s2,1024,3072,8192,269.2
cutlass_128x128_s2,1024,3072,8192,326.3
cutlass_128x256_s2,1024,3072,8192,253.8
cutlass_256x64_s2,1024,3072,8192,324.6
cublas,2048,3072,8192,489.9
cutlass_32x64_s4,2048,3072,8192,919.0
cutlass_32x64_s3,2048,3072,8192,939.4
cutlass_32x128_s4,2048,3072,8192,815.1
cutlass_32x128_s3,2048,3072,8192,808.9
cutlass_32x256_s3,2048,3072,8192,748.3
cutlass_64x64_s4,2048,3072,8192,636.9
cutlass_64x64_s3,2048,3072,8192,667.5
cutlass_64x128_s4,2048,3072,8192,501.3
cutlass_64x128_s3,2048,3072,8192,506.5
cutlass_128x64_s4,2048,3072,8192,504.9
cutlass_128x64_s3,2048,3072,8192,501.4
cutlass_128x128_s4,2048,3072,8192,396.6
cutlass_128x128_s3,2048,3072,8192,400.0
cutlass_128x256_s3,2048,3072,8192,536.0
cutlass_256x64_s4,2048,3072,8192,438.4
cutlass_256x64_s3,2048,3072,8192,446.7
cutlass_64x64_s4_sk2,2048,3072,8192,709.8
cutlass_64x64_s4_sk4,2048,3072,8192,779.5
cutlass_64x64_s4_sk8,2048,3072,8192,990.4
cutlass_128x128_s3_sk2,2048,3072,8192,534.4
cutlass_128x128_s3_sk4,2048,3072,8192,639.2
cutlass_128x128_s3_sk8,2048,3072,8192,972.4
cutlass_64x128_s4_sk2,2048,3072,8192,558.2
cutlass_64x128_s4_sk4,2048,3072,8192,647.5
cutlass_64x128_s4_sk8,2048,3072,8192,892.2
cutlass_32x64_s4_sk4,2048,3072,8192,1023.3
cutlass_32x64_s4_sk8,2048,3072,8192,1231.7
cutlass_32x64_s4_sk16,2048,3072,8192,1639.2
cutlass_128x128_s4_sk2,2048,3072,8192,520.6
cutlass_128x128_s4_sk4,2048,3072,8192,604.9
cutlass_128x128_s4_sk8,2048,3072,8192,909.5
cutlass_128x64_s4_sk2,2048,3072,8192,562.2
cutlass_128x64_s4_sk4,2048,3072,8192,660.2
cutlass_128x64_s4_sk8,2048,3072,8192,902.5
cutlass_256x64_s4_sk2,2048,3072,8192,538.5
cutlass_256x64_s4_sk4,2048,3072,8192,645.1
cutlass_64x64_s4_sk16,2048,3072,8192,1472.9
cutlass_64x128_s4_sk16,2048,3072,8192,1368.1
cutlass_64x64_k64_s4,2048,3072,8192,603.7
cutlass_64x64_k64_s3,2048,3072,8192,611.8
cutlass_64x128_k64_s4,2048,3072,8192,510.3
cutlass_64x128_k64_s3,2048,3072,8192,505.0
cutlass_128x64_k64_s4,2048,3072,8192,499.0
cutlass_128x64_k64_s3,2048,3072,8192,494.3
cutlass_128x128_k64_s4,2048,3072,8192,0.0
cutlass_128x128_k64_s3,2048,3072,8192,404.7
cutlass_256x64_k64_s4,2048,3072,8192,0.0
cutlass_256x64_k64_s3,2048,3072,8192,0.0
cutlass_128x256_k64_s3,2048,3072,8192,0.0
cutlass_32x64_k64_s4,2048,3072,8192,952.0
cutlass_32x128_k64_s4,2048,3072,8192,767.4
cutlass_64x64_k64_s4_sk2,2048,3072,8192,694.7
cutlass_64x64_k64_s4_sk4,2048,3072,8192,800.2
cutlass_64x64_k64_s4_sk8,2048,3072,8192,1040.9
cutlass_128x128_k64_s3_sk2,2048,3072,8192,508.6
cutlass_128x128_k64_s3_sk4,2048,3072,8192,572.9
cutlass_128x128_k64_s2,2048,3072,8192,433.5
cutlass_64x64_k64_s2,2048,3072,8192,646.8
cutlass_64x128_k64_s2,2048,3072,8192,496.2
cutlass_128x64_k64_s2,2048,3072,8192,496.9
cutlass_256x64_k64_s2,2048,3072,8192,515.7
cutlass_256x128_s2,2048,3072,8192,0.0
cutlass_64x64_s2,2048,3072,8192,642.1
cutlass_64x128_s2,2048,3072,8192,508.0
cutlass_128x64_s2,2048,3072,8192,527.5
cutlass_128x128_s2,2048,3072,8192,487.2
cutlass_128x256_s2,2048,3072,8192,508.7
cutlass_256x64_s2,2048,3072,8192,489.3
cublas,4096,3072,8192,727.4
cutlass_32x64_s4,4096,3072,8192,1869.1
cutlass_32x64_s3,4096,3072,8192,1873.1
cutlass_32x128_s4,4096,3072,8192,1540.8
cutlass_32x128_s3,4096,3072,8192,1616.9
cutlass_32x256_s3,4096,3072,8192,1415.9
cutlass_64x64_s4,4096,3072,8192,1278.0
cutlass_64x64_s3,4096,3072,8192,1294.5
cutlass_64x128_s4,4096,3072,8192,972.4
cutlass_64x128_s3,4096,3072,8192,1025.8
cutlass_128x64_s4,4096,3072,8192,951.8
cutlass_128x64_s3,4096,3072,8192,1004.1
cutlass_128x128_s4,4096,3072,8192,777.2
cutlass_128x128_s3,4096,3072,8192,813.0
cutlass_128x256_s3,4096,3072,8192,793.5
cutlass_256x64_s4,4096,3072,8192,868.1
cutlass_256x64_s3,4096,3072,8192,885.8
cutlass_64x64_s4_sk2,4096,3072,8192,1439.3
cutlass_64x64_s4_sk4,4096,3072,8192,1599.1
cutlass_64x64_s4_sk8,4096,3072,8192,1992.1
cutlass_128x128_s3_sk2,4096,3072,8192,1058.1
cutlass_128x128_s3_sk4,4096,3072,8192,1326.5
cutlass_128x128_s3_sk8,4096,3072,8192,1917.5
cutlass_64x128_s4_sk2,4096,3072,8192,1148.0
cutlass_64x128_s4_sk4,4096,3072,8192,1357.0
cutlass_64x128_s4_sk8,4096,3072,8192,1769.4
cutlass_32x64_s4_sk4,4096,3072,8192,2099.2
cutlass_32x64_s4_sk8,4096,3072,8192,2444.1
cutlass_32x64_s4_sk16,4096,3072,8192,3184.3
cutlass_128x128_s4_sk2,4096,3072,8192,1025.8
cutlass_128x128_s4_sk4,4096,3072,8192,1257.8
cutlass_128x128_s4_sk8,4096,3072,8192,1774.5
cutlass_128x64_s4_sk2,4096,3072,8192,1153.7
cutlass_128x64_s4_sk4,4096,3072,8192,1365.3
cutlass_128x64_s4_sk8,4096,3072,8192,1769.2
cutlass_256x64_s4_sk2,4096,3072,8192,1103.7
cutlass_256x64_s4_sk4,4096,3072,8192,1362.1
cutlass_64x64_s4_sk16,4096,3072,8192,2856.2
cutlass_64x128_s4_sk16,4096,3072,8192,2653.6
cutlass_64x64_k64_s4,4096,3072,8192,1194.0
cutlass_64x64_k64_s3,4096,3072,8192,1205.8
cutlass_64x128_k64_s4,4096,3072,8192,946.1
cutlass_64x128_k64_s3,4096,3072,8192,956.3
cutlass_128x64_k64_s4,4096,3072,8192,931.1
cutlass_128x64_k64_s3,4096,3072,8192,939.4
cutlass_128x128_k64_s4,4096,3072,8192,0.0
cutlass_128x128_k64_s3,4096,3072,8192,776.6
cutlass_256x64_k64_s4,4096,3072,8192,0.0
cutlass_256x64_k64_s3,4096,3072,8192,0.0
cutlass_128x256_k64_s3,4096,3072,8192,0.0
cutlass_32x64_k64_s4,4096,3072,8192,1836.3
cutlass_32x128_k64_s4,4096,3072,8192,1482.0
cutlass_64x64_k64_s4_sk2,4096,3072,8192,1398.4
cutlass_64x64_k64_s4_sk4,4096,3072,8192,1603.9
cutlass_64x64_k64_s4_sk8,4096,3072,8192,2017.1
cutlass_128x128_k64_s3_sk2,4096,3072,8192,992.8
cutlass_128x128_k64_s3_sk4,4096,3072,8192,1231.4
cutlass_128x128_k64_s2,4096,3072,8192,856.6
cutlass_64x64_k64_s2,4096,3072,8192,1322.5
cutlass_64x128_k64_s2,4096,3072,8192,1014.7
cutlass_128x64_k64_s2,4096,3072,8192,994.5
cutlass_256x64_k64_s2,4096,3072,8192,1028.8
cutlass_256x128_s2,4096,3072,8192,0.0
cutlass_64x64_s2,4096,3072,8192,1312.4
cutlass_64x128_s2,4096,3072,8192,1044.5
cutlass_128x64_s2,4096,3072,8192,1043.3
cutlass_128x128_s2,4096,3072,8192,994.4
cutlass_128x256_s2,4096,3072,8192,763.7
cutlass_256x64_s2,4096,3072,8192,1026.1
cublas,1,4096,4096,17.1
cutlass_32x64_s4,1,4096,4096,20.9
cutlass_32x64_s3,1,4096,4096,20.5
cutlass_32x128_s4,1,4096,4096,34.0
cutlass_32x128_s3,1,4096,4096,34.1
cutlass_32x256_s3,1,4096,4096,36.5
cutlass_64x64_s4,1,4096,4096,19.8
cutlass_64x64_s3,1,4096,4096,19.7
cutlass_64x128_s4,1,4096,4096,29.7
cutlass_64x128_s3,1,4096,4096,29.7
cutlass_128x64_s4,1,4096,4096,29.9
cutlass_128x64_s3,1,4096,4096,30.0
cutlass_128x128_s4,1,4096,4096,57.7
cutlass_128x128_s3,1,4096,4096,57.7
cutlass_128x256_s3,1,4096,4096,115.1
cutlass_256x64_s4,1,4096,4096,57.1
cutlass_256x64_s3,1,4096,4096,57.1
cutlass_64x64_s4_sk2,1,4096,4096,11.9
cutlass_64x64_s4_sk4,1,4096,4096,11.8
cutlass_64x64_s4_sk8,1,4096,4096,12.9
cutlass_128x128_s3_sk2,1,4096,4096,30.3
cutlass_128x128_s3_sk4,1,4096,4096,18.3
cutlass_128x128_s3_sk8,1,4096,4096,20.8
cutlass_64x128_s4_sk2,1,4096,4096,16.2
cutlass_64x128_s4_sk4,1,4096,4096,11.2
cutlass_64x128_s4_sk8,1,4096,4096,11.8
cutlass_32x64_s4_sk4,1,4096,4096,8.8
cutlass_32x64_s4_sk8,1,4096,4096,9.2
cutlass_32x64_s4_sk16,1,4096,4096,10.9
cutlass_128x128_s4_sk2,1,4096,4096,29.6
cutlass_128x128_s4_sk4,1,4096,4096,18.1
cutlass_128x128_s4_sk8,1,4096,4096,20.6
cutlass_128x64_s4_sk2,1,4096,4096,18.0
cutlass_128x64_s4_sk4,1,4096,4096,18.9
cutlass_128x64_s4_sk8,1,4096,4096,20.3
cutlass_256x64_s4_sk2,1,4096,4096,32.0
cutlass_256x64_s4_sk4,1,4096,4096,36.0
cutlass_64x64_s4_sk16,1,4096,4096,14.5
cutlass_64x128_s4_sk16,1,4096,4096,13.5
cutlass_64x64_k64_s4,1,4096,4096,14.3
cutlass_64x64_k64_s3,1,4096,4096,13.9
cutlass_64x128_k64_s4,1,4096,4096,27.9
cutlass_64x128_k64_s3,1,4096,4096,27.7
cutlass_128x64_k64_s4,1,4096,4096,27.9
cutlass_128x64_k64_s3,1,4096,4096,27.9
cutlass_128x128_k64_s4,1,4096,4096,0.0
cutlass_128x128_k64_s3,1,4096,4096,55.4
cutlass_256x64_k64_s4,1,4096,4096,0.0
cutlass_256x64_k64_s3,1,4096,4096,0.0
cutlass_128x256_k64_s3,1,4096,4096,0.0
cutlass_32x64_k64_s4,1,4096,4096,16.4
cutlass_32x128_k64_s4,1,4096,4096,27.5
cutlass_64x64_k64_s4_sk2,1,4096,4096,11.6
cutlass_64x64_k64_s4_sk4,1,4096,4096,12.7
cutlass_64x64_k64_s4_sk8,1,4096,4096,15.4
cutlass_128x128_k64_s3_sk2,1,4096,4096,30.2
cutlass_128x128_k64_s3_sk4,1,4096,4096,18.2
cutlass_128x128_k64_s2,1,4096,4096,57.4
cutlass_64x64_k64_s2,1,4096,4096,22.7
cutlass_64x128_k64_s2,1,4096,4096,35.0
cutlass_128x64_k64_s2,1,4096,4096,35.7
cutlass_256x64_k64_s2,1,4096,4096,62.2
cutlass_256x128_s2,1,4096,4096,0.0
cutlass_64x64_s2,1,4096,4096,33.9
cutlass_64x128_s2,1,4096,4096,43.6
cutlass_128x64_s2,1,4096,4096,41.3
cutlass_128x128_s2,1,4096,4096,67.2
cutlass_128x256_s2,1,4096,4096,109.4
cutlass_256x64_s2,1,4096,4096,68.5
cutlass_gemv,1,4096,4096,8.3
cublas,2,4096,4096,16.4
cutlass_32x64_s4,2,4096,4096,17.9
cutlass_32x64_s3,2,4096,4096,17.6
cutlass_32x128_s4,2,4096,4096,29.3
cutlass_32x128_s3,2,4096,4096,29.3
cutlass_32x256_s3,2,4096,4096,31.4
cutlass_64x64_s4,2,4096,4096,16.9
cutlass_64x64_s3,2,4096,4096,16.9
cutlass_64x128_s4,2,4096,4096,27.4
cutlass_64x128_s3,2,4096,4096,27.4
cutlass_128x64_s4,2,4096,4096,27.7
cutlass_128x64_s3,2,4096,4096,27.7
cutlass_128x128_s4,2,4096,4096,53.4
cutlass_128x128_s3,2,4096,4096,53.5
cutlass_128x256_s3,2,4096,4096,108.4
cutlass_256x64_s4,2,4096,4096,55.0
cutlass_256x64_s3,2,4096,4096,55.0
cutlass_64x64_s4_sk2,2,4096,4096,12.5
cutlass_64x64_s4_sk4,2,4096,4096,12.2
cutlass_64x64_s4_sk8,2,4096,4096,13.0
cutlass_128x128_s3_sk2,2,4096,4096,29.2
cutlass_128x128_s3_sk4,2,4096,4096,19.0
cutlass_128x128_s3_sk8,2,4096,4096,21.3
cutlass_64x128_s4_sk2,2,4096,4096,15.6
cutlass_64x128_s4_sk4,2,4096,4096,11.4
cutlass_64x128_s4_sk8,2,4096,4096,12.5
cutlass_32x64_s4_sk4,2,4096,4096,8.9
cutlass_32x64_s4_sk8,2,4096,4096,9.6
cutlass_32x64_s4_sk16,2,4096,4096,11.2
cutlass_128x128_s4_sk2,2,4096,4096,29.2
cutlass_128x128_s4_sk4,2,4096,4096,18.9
cutlass_128x128_s4_sk8,2,4096,4096,20.9
cutlass_128x64_s4_sk2,2,4096,4096,19.0
cutlass_128x64_s4_sk4,2,4096,4096,19.0
cutlass_128x64_s4_sk8,2,4096,4096,20.8
cutlass_256x64_s4_sk2,2,4096,4096,33.8
cutlass_256x64_s4_sk4,2,4096,4096,36.0
cutlass_64x64_s4_sk16,2,4096,4096,14.9
cutlass_64x128_s4_sk16,2,4096,4096,14.1
cutlass_64x64_k64_s4,2,4096,4096,14.1
cutlass_64x64_k64_s3,2,4096,4096,13.6
cutlass_64x128_k64_s4,2,4096,4096,27.5
cutlass_64x128_k64_s3,2,4096,4096,27.5
cutlass_128x64_k64_s4,2,4096,4096,27.8
cutlass_128x64_k64_s3,2,4096,4096,27.7
cutlass_128x128_k64_s4,2,4096,4096,0.0
cutlass_128x128_k64_s3,2,4096,4096,55.0
cutlass_256x64_k64_s4,2,4096,4096,0.0
cutlass_256x64_k64_s3,2,4096,4096,0.0
cutlass_128x256_k64_s3,2,4096,4096,0.0
cutlass_32x64_k64_s4,2,4096,4096,16.3
cutlass_32x128_k64_s4,2,4096,4096,27.3
cutlass_64x64_k64_s4_sk2,2,4096,4096,11.9
cutlass_64x64_k64_s4_sk4,2,4096,4096,13.0
cutlass_64x64_k64_s4_sk8,2,4096,4096,15.8
cutlass_128x128_k64_s3_sk2,2,4096,4096,30.0
cutlass_128x128_k64_s3_sk4,2,4096,4096,18.6
cutlass_128x128_k64_s2,2,4096,4096,57.3
cutlass_64x64_k64_s2,2,4096,4096,22.7
cutlass_64x128_k64_s2,2,4096,4096,35.0
cutlass_128x64_k64_s2,2,4096,4096,35.7
cutlass_256x64_k64_s2,2,4096,4096,62.2
cutlass_256x128_s2,2,4096,4096,0.0
cutlass_64x64_s2,2,4096,4096,34.0
cutlass_64x128_s2,2,4096,4096,43.7
cutlass_128x64_s2,2,4096,4096,41.3
cutlass_128x128_s2,2,4096,4096,67.2
cutlass_128x256_s2,2,4096,4096,109.4
cutlass_256x64_s2,2,4096,4096,68.4
cublas,4,4096,4096,16.4
cutlass_32x64_s4,4,4096,4096,17.9
cutlass_32x64_s3,4,4096,4096,17.6
cutlass_32x128_s4,4,4096,4096,29.3
cutlass_32x128_s3,4,4096,4096,29.3
cutlass_32x256_s3,4,4096,4096,31.4
cutlass_64x64_s4,4,4096,4096,16.9
cutlass_64x64_s3,4,4096,4096,16.9
cutlass_64x128_s4,4,4096,4096,27.4
cutlass_64x128_s3,4,4096,4096,27.4
cutlass_128x64_s4,4,4096,4096,27.7
cutlass_128x64_s3,4,4096,4096,27.7
cutlass_128x128_s4,4,4096,4096,53.4
cutlass_128x128_s3,4,4096,4096,53.4
cutlass_128x256_s3,4,4096,4096,108.4
cutlass_256x64_s4,4,4096,4096,55.0
cutlass_256x64_s3,4,4096,4096,55.0
cutlass_64x64_s4_sk2,4,4096,4096,12.4
cutlass_64x64_s4_sk4,4,4096,4096,12.5
cutlass_64x64_s4_sk8,4,4096,4096,13.5
cutlass_128x128_s3_sk2,4,4096,4096,29.2
cutlass_128x128_s3_sk4,4,4096,4096,19.3
cutlass_128x128_s3_sk8,4,4096,4096,21.9
cutlass_64x128_s4_sk2,4,4096,4096,15.6
cutlass_64x128_s4_sk4,4,4096,4096,11.9
cutlass_64x128_s4_sk8,4,4096,4096,12.9
cutlass_32x64_s4_sk4,4,4096,4096,9.2
cutlass_32x64_s4_sk8,4,4096,4096,9.9
cutlass_32x64_s4_sk16,4,4096,4096,11.6
cutlass_128x128_s4_sk2,4,4096,4096,29.1
cutlass_128x128_s4_sk4,4,4096,4096,18.9
cutlass_128x128_s4_sk8,4,4096,4096,21.5
cutlass_128x64_s4_sk2,4,4096,4096,19.0
cutlass_128x64_s4_sk4,4,4096,4096,19.6
cutlass_128x64_s4_sk8,4,4096,4096,21.1
cutlass_256x64_s4_sk2,4,4096,4096,34.2
cutlass_256x64_s4_sk4,4,4096,4096,36.4
cutlass_64x64_s4_sk16,4,4096,4096,15.3
cutlass_64x128_s4_sk16,4,4096,4096,14.7
cutlass_64x64_k64_s4,4,4096,4096,14.1
cutlass_64x64_k64_s3,4,4096,4096,13.6
cutlass_64x128_k64_s4,4,4096,4096,27.5
cutlass_64x128_k64_s3,4,4096,4096,27.5
cutlass_128x64_k64_s4,4,4096,4096,27.7
cutlass_128x64_k64_s3,4,4096,4096,27.7
cutlass_128x128_k64_s4,4,4096,4096,0.0
cutlass_128x128_k64_s3,4,4096,4096,55.0
cutlass_256x64_k64_s4,4,4096,4096,0.0
cutlass_256x64_k64_s3,4,4096,4096,0.0
cutlass_128x256_k64_s3,4,4096,4096,0.0
cutlass_32x64_k64_s4,4,4096,4096,16.2
cutlass_32x128_k64_s4,4,4096,4096,27.3
cutlass_64x64_k64_s4_sk2,4,4096,4096,12.0
cutlass_64x64_k64_s4_sk4,4,4096,4096,13.2
cutlass_64x64_k64_s4_sk8,4,4096,4096,16.2
cutlass_128x128_k64_s3_sk2,4,4096,4096,30.0
cutlass_128x128_k64_s3_sk4,4,4096,4096,18.9
cutlass_128x128_k64_s2,4,4096,4096,57.3
cutlass_64x64_k64_s2,4,4096,4096,22.7
cutlass_64x128_k64_s2,4,4096,4096,35.1
cutlass_128x64_k64_s2,4,4096,4096,35.7
cutlass_256x64_k64_s2,4,4096,4096,62.3
cutlass_256x128_s2,4,4096,4096,0.0
cutlass_64x64_s2,4,4096,4096,34.0
cutlass_64x128_s2,4,4096,4096,43.7
cutlass_128x64_s2,4,4096,4096,41.3
cutlass_128x128_s2,4,4096,4096,67.2
cutlass_128x256_s2,4,4096,4096,108.8
cutlass_256x64_s2,4,4096,4096,68.1
cublas,8,4096,4096,16.4
cutlass_32x64_s4,8,4096,4096,17.8
cutlass_32x64_s3,8,4096,4096,17.5
cutlass_32x128_s4,8,4096,4096,29.2
cutlass_32x128_s3,8,4096,4096,29.2
cutlass_32x256_s3,8,4096,4096,31.3
cutlass_64x64_s4,8,4096,4096,16.8
cutlass_64x64_s3,8,4096,4096,16.8
cutlass_64x128_s4,8,4096,4096,27.2
cutlass_64x128_s3,8,4096,4096,27.2
cutlass_128x64_s4,8,4096,4096,27.5
cutlass_128x64_s3,8,4096,4096,27.5
cutlass_128x128_s4,8,4096,4096,53.1
cutlass_128x128_s3,8,4096,4096,53.3
cutlass_128x256_s3,8,4096,4096,107.7
cutlass_256x64_s4,8,4096,4096,54.6
cutlass_256x64_s3,8,4096,4096,54.6
cutlass_64x64_s4_sk2,8,4096,4096,12.7
cutlass_64x64_s4_sk4,8,4096,4096,12.6
cutlass_64x64_s4_sk8,8,4096,4096,13.6
cutlass_128x128_s3_sk2,8,4096,4096,29.1
cutlass_128x128_s3_sk4,8,4096,4096,19.5
cutlass_128x128_s3_sk8,8,4096,4096,21.8
cutlass_64x128_s4_sk2,8,4096,4096,15.6
cutlass_64x128_s4_sk4,8,4096,4096,11.7
cutlass_64x128_s4_sk8,8,4096,4096,13.1
cutlass_32x64_s4_sk4,8,4096,4096,9.6
cutlass_32x64_s4_sk8,8,4096,4096,10.1
cutlass_32x64_s4_sk16,8,4096,4096,11.8
cutlass_128x128_s4_sk2,8,4096,4096,29.0
cutlass_128x128_s4_sk4,8,4096,4096,19.0
cutlass_128x128_s4_sk8,8,4096,4096,21.5
cutlass_128x64_s4_sk2,8,4096,4096,19.2
cutlass_128x64_s4_sk4,8,4096,4096,19.6
cutlass_128x64_s4_sk8,8,4096,4096,21.2
cutlass_256x64_s4_sk2,8,4096,4096,34.2
cutlass_256x64_s4_sk4,8,4096,4096,36.5
cutlass_64x64_s4_sk16,8,4096,4096,15.5
cutlass_64x128_s4_sk16,8,4096,4096,14.8
cutlass_64x64_k64_s4,8,4096,4096,14.0
cutlass_64x64_k64_s3,8,4096,4096,13.5
cutlass_64x128_k64_s4,8,4096,4096,27.4
cutlass_64x128_k64_s3,8,4096,4096,27.4
cutlass_128x64_k64_s4,8,4096,4096,27.6
cutlass_128x64_k64_s3,8,4096,4096,27.6
cutlass_128x128_k64_s4,8,4096,4096,0.0
cutlass_128x128_k64_s3,8,4096,4096,54.7
cutlass_256x64_k64_s4,8,4096,4096,0.0
cutlass_256x64_k64_s3,8,4096,4096,0.0
cutlass_128x256_k64_s3,8,4096,4096,0.0
cutlass_32x64_k64_s4,8,4096,4096,16.2
cutlass_32x128_k64_s4,8,4096,4096,27.1
cutlass_64x64_k64_s4_sk2,8,4096,4096,12.1
cutlass_64x64_k64_s4_sk4,8,4096,4096,13.3
cutlass_64x64_k64_s4_sk8,8,4096,4096,16.2
cutlass_128x128_k64_s3_sk2,8,4096,4096,29.9
cutlass_128x128_k64_s3_sk4,8,4096,4096,18.9
cutlass_128x128_k64_s2,8,4096,4096,57.3
cutlass_64x64_k64_s2,8,4096,4096,22.6
cutlass_64x128_k64_s2,8,4096,4096,34.9
cutlass_128x64_k64_s2,8,4096,4096,35.5
cutlass_256x64_k64_s2,8,4096,4096,61.9
cutlass_256x128_s2,8,4096,4096,0.0
cutlass_64x64_s2,8,4096,4096,33.8
cutlass_64x128_s2,8,4096,4096,43.7
cutlass_128x64_s2,8,4096,4096,41.1
cutlass_128x128_s2,8,4096,4096,66.8
cutlass_128x256_s2,8,4096,4096,108.8
cutlass_256x64_s2,8,4096,4096,68.1
cublas,16,4096,4096,17.0
cutlass_32x64_s4,16,4096,4096,17.8
cutlass_32x64_s3,16,4096,4096,17.5
cutlass_32x128_s4,16,4096,4096,29.2
cutlass_32x128_s3,16,4096,4096,29.2
cutlass_32x256_s3,16,4096,4096,31.3
cutlass_64x64_s4,16,4096,4096,16.8
cutlass_64x64_s3,16,4096,4096,16.9
cutlass_64x128_s4,16,4096,4096,27.2
cutlass_64x128_s3,16,4096,4096,27.2
cutlass_128x64_s4,16,4096,4096,27.5
cutlass_128x64_s3,16,4096,4096,27.6
cutlass_128x128_s4,16,4096,4096,53.1
cutlass_128x128_s3,16,4096,4096,53.2
cutlass_128x256_s3,16,4096,4096,107.7
cutlass_256x64_s4,16,4096,4096,54.6
cutlass_256x64_s3,16,4096,4096,54.8
cutlass_64x64_s4_sk2,16,4096,4096,13.0
cutlass_64x64_s4_sk4,16,4096,4096,12.9
cutlass_64x64_s4_sk8,16,4096,4096,14.4
cutlass_128x128_s3_sk2,16,4096,4096,29.3
cutlass_128x128_s3_sk4,16,4096,4096,19.4
cutlass_128x128_s3_sk8,16,4096,4096,22.1
cutlass_64x128_s4_sk2,16,4096,4096,15.8
cutlass_64x128_s4_sk4,16,4096,4096,11.8
cutlass_64x128_s4_sk8,16,4096,4096,13.1
cutlass_32x64_s4_sk4,16,4096,4096,10.2
cutlass_32x64_s4_sk8,16,4096,4096,10.9
cutlass_32x64_s4_sk16,16,4096,4096,12.9
cutlass_128x128_s4_sk2,16,4096,4096,29.2
cutlass_128x128_s4_sk4,16,4096,4096,19.2
cutlass_128x128_s4_sk8,16,4096,4096,21.9
cutlass_128x64_s4_sk2,16,4096,4096,19.7
cutlass_128x64_s4_sk4,16,4096,4096,19.7
cutlass_128x64_s4_sk8,16,4096,4096,21.5
cutlass_256x64_s4_sk2,16,4096,4096,33.6
cutlass_256x64_s4_sk4,16,4096,4096,36.6
cutlass_64x64_s4_sk16,16,4096,4096,16.3
cutlass_64x128_s4_sk16,16,4096,4096,15.4
cutlass_64x64_k64_s4,16,4096,4096,14.1
cutlass_64x64_k64_s3,16,4096,4096,13.6
cutlass_64x128_k64_s4,16,4096,4096,27.4
cutlass_64x128_k64_s3,16,4096,4096,27.4
cutlass_128x64_k64_s4,16,4096,4096,27.6
cutlass_128x64_k64_s3,16,4096,4096,27.6
cutlass_128x128_k64_s4,16,4096,4096,0.0
cutlass_128x128_k64_s3,16,4096,4096,54.8
cutlass_256x64_k64_s4,16,4096,4096,0.0
cutlass_256x64_k64_s3,16,4096,4096,0.0
cutlass_128x256_k64_s3,16,4096,4096,0.0
cutlass_32x64_k64_s4,16,4096,4096,16.2
cutlass_32x128_k64_s4,16,4096,4096,27.1
cutlass_64x64_k64_s4_sk2,16,4096,4096,12.2
cutlass_64x64_k64_s4_sk4,16,4096,4096,13.6
cutlass_64x64_k64_s4_sk8,16,4096,4096,16.7
cutlass_128x128_k64_s3_sk2,16,4096,4096,30.1
cutlass_128x128_k64_s3_sk4,16,4096,4096,19.0
cutlass_128x128_k64_s2,16,4096,4096,57.5
cutlass_64x64_k64_s2,16,4096,4096,23.5
cutlass_64x128_k64_s2,16,4096,4096,35.1
cutlass_128x64_k64_s2,16,4096,4096,35.5
cutlass_256x64_k64_s2,16,4096,4096,61.9
cutlass_256x128_s2,16,4096,4096,0.0
cutlass_64x64_s2,16,4096,4096,34.4
cutlass_64x128_s2,16,4096,4096,44.4
cutlass_128x64_s2,16,4096,4096,41.1
cutlass_128x128_s2,16,4096,4096,66.8
cutlass_128x256_s2,16,4096,4096,108.3
cutlass_256x64_s2,16,4096,4096,68.2
cublas,32,4096,4096,19.7
cutlass_32x64_s4,32,4096,4096,18.0
cutlass_32x64_s3,32,4096,4096,17.7
cutlass_32x128_s4,32,4096,4096,29.2
cutlass_32x128_s3,32,4096,4096,29.2
cutlass_32x256_s3,32,4096,4096,31.3
cutlass_64x64_s4,32,4096,4096,17.0
cutlass_64x64_s3,32,4096,4096,17.5
cutlass_64x128_s4,32,4096,4096,27.3
cutlass_64x128_s3,32,4096,4096,27.3
cutlass_128x64_s4,32,4096,4096,27.6
cutlass_128x64_s3,32,4096,4096,27.6
cutlass_128x128_s4,32,4096,4096,53.2
cutlass_128x128_s3,32,4096,4096,53.2
cutlass_128x256_s3,32,4096,4096,107.8
cutlass_256x64_s4,32,4096,4096,54.7
cutlass_256x64_s3,32,4096,4096,54.8
cutlass_64x64_s4_sk2,32,4096,4096,13.9
cutlass_64x64_s4_sk4,32,4096,4096,14.0
cutlass_64x64_s4_sk8,32,4096,4096,16.9
cutlass_128x128_s3_sk2,32,4096,4096,29.5
cutlass_128x128_s3_sk4,32,4096,4096,21.0
cutlass_128x128_s3_sk8,32,4096,4096,24.1
cutlass_64x128_s4_sk2,32,4096,4096,15.9
cutlass_64x128_s4_sk4,32,4096,4096,12.8
cutlass_64x128_s4_sk8,32,4096,4096,14.3
cutlass_32x64_s4_sk4,32,4096,4096,11.6
cutlass_32x64_s4_sk8,32,4096,4096,13.0
cutlass_32x64_s4_sk16,32,4096,4096,16.5
cutlass_128x128_s4_sk2,32,4096,4096,29.4
cutlass_128x128_s4_sk4,32,4096,4096,20.8
cutlass_128x128_s4_sk8,32,4096,4096,24.1
cutlass_128x64_s4_sk2,32,4096,4096,20.1
cutlass_128x64_s4_sk4,32,4096,4096,21.1
cutlass_128x64_s4_sk8,32,4096,4096,22.6
cutlass_256x64_s4_sk2,32,4096,4096,35.0
cutlass_256x64_s4_sk4,32,4096,4096,37.5
cutlass_64x64_s4_sk16,32,4096,4096,18.7
cutlass_64x128_s4_sk16,32,4096,4096,17.2
cutlass_64x64_k64_s4,32,4096,4096,14.1
cutlass_64x64_k64_s3,32,4096,4096,13.8
cutlass_64x128_k64_s4,32,4096,4096,27.6
cutlass_64x128_k64_s3,32,4096,4096,27.5
cutlass_128x64_k64_s4,32,4096,4096,27.7
cutlass_128x64_k64_s3,32,4096,4096,27.7
cutlass_128x128_k64_s4,32,4096,4096,0.0
cutlass_128x128_k64_s3,32,4096,4096,54.8
cutlass_256x64_k64_s4,32,4096,4096,0.0
cutlass_256x64_k64_s3,32,4096,4096,0.0
cutlass_128x256_k64_s3,32,4096,4096,0.0
cutlass_32x64_k64_s4,32,4096,4096,16.4
cutlass_32x128_k64_s4,32,4096,4096,27.3
cutlass_64x64_k64_s4_sk2,32,4096,4096,13.1
cutlass_64x64_k64_s4_sk4,32,4096,4096,15.2
cutlass_64x64_k64_s4_sk8,32,4096,4096,18.0
cutlass_128x128_k64_s3_sk2,32,4096,4096,30.3
cutlass_128x128_k64_s3_sk4,32,4096,4096,20.3
cutlass_128x128_k64_s2,32,4096,4096,57.4
cutlass_64x64_k64_s2,32,4096,4096,24.9
cutlass_64x128_k64_s2,32,4096,4096,35.3
cutlass_128x64_k64_s2,32,4096,4096,35.6
cutlass_256x64_k64_s2,32,4096,4096,61.9
cutlass_256x128_s2,32,4096,4096,0.0
cutlass_64x64_s2,32,4096,4096,35.8
cutlass_64x128_s2,32,4096,4096,45.7
cutlass_128x64_s2,32,4096,4096,41.2
cutlass_128x128_s2,32,4096,4096,66.8
cutlass_128x256_s2,32,4096,4096,108.3
cutlass_256x64_s2,32,4096,4096,68.1
cublas,64,4096,4096,27.5
cutlass_32x64_s4,64,4096,4096,20.9
cutlass_32x64_s3,64,4096,4096,21.9
cutlass_32x128_s4,64,4096,4096,29.3
cutlass_32x128_s3,64,4096,4096,29.3
cutlass_32x256_s3,64,4096,4096,31.3
cutlass_64x64_s4,64,4096,4096,17.6
cutlass_64x64_s3,64,4096,4096,19.5
cutlass_64x128_s4,64,4096,4096,27.4
cutlass_64x128_s3,64,4096,4096,27.3
cutlass_128x64_s4,64,4096,4096,27.7
cutlass_128x64_s3,64,4096,4096,27.7
cutlass_128x128_s4,64,4096,4096,53.2
cutlass_128x128_s3,64,4096,4096,53.3
cutlass_128x256_s3,64,4096,4096,107.7
cutlass_256x64_s4,64,4096,4096,54.7
cutlass_256x64_s3,64,4096,4096,54.8
cutlass_64x64_s4_sk2,64,4096,4096,16.7
cutlass_64x64_s4_sk4,64,4096,4096,18.1
cutlass_64x64_s4_sk8,64,4096,4096,22.1
cutlass_128x128_s3_sk2,64,4096,4096,30.4
cutlass_128x128_s3_sk4,64,4096,4096,23.3
cutlass_128x128_s3_sk8,64,4096,4096,28.2
cutlass_64x128_s4_sk2,64,4096,4096,17.4
cutlass_64x128_s4_sk4,64,4096,4096,16.2
cutlass_64x128_s4_sk8,64,4096,4096,19.6
cutlass_32x64_s4_sk4,64,4096,4096,21.6
cutlass_32x64_s4_sk8,64,4096,4096,25.6
cutlass_32x64_s4_sk16,64,4096,4096,30.9
cutlass_128x128_s4_sk2,64,4096,4096,30.2
cutlass_128x128_s4_sk4,64,4096,4096,23.2
cutlass_128x128_s4_sk8,64,4096,4096,28.2
cutlass_128x64_s4_sk2,64,4096,4096,21.1
cutlass_128x64_s4_sk4,64,4096,4096,22.6
cutlass_128x64_s4_sk8,64,4096,4096,25.5
cutlass_256x64_s4_sk2,64,4096,4096,36.4
cutlass_256x64_s4_sk4,64,4096,4096,38.4
cutlass_64x64_s4_sk16,64,4096,4096,28.1
cutlass_64x128_s4_sk16,64,4096,4096,27.2
cutlass_64x64_k64_s4,64,4096,4096,15.1
cutlass_64x64_k64_s3,64,4096,4096,15.8
cutlass_64x128_k64_s4,64,4096,4096,27.8
cutlass_64x128_k64_s3,64,4096,4096,27.6
cutlass_128x64_k64_s4,64,4096,4096,27.8
cutlass_128x64_k64_s3,64,4096,4096,27.8
cutlass_128x128_k64_s4,64,4096,4096,0.0
cutlass_128x128_k64_s3,64,4096,4096,55.0
cutlass_256x64_k64_s4,64,4096,4096,0.0
cutlass_256x64_k64_s3,64,4096,4096,0.0
cutlass_128x256_k64_s3,64,4096,4096,0.0
cutlass_32x64_k64_s4,64,4096,4096,19.9
cutlass_32x128_k64_s4,64,4096,4096,27.3
cutlass_64x64_k64_s4_sk2,64,4096,4096,16.0
cutlass_64x64_k64_s4_sk4,64,4096,4096,19.3
cutlass_64x64_k64_s4_sk8,64,4096,4096,23.5
cutlass_128x128_k64_s3_sk2,64,4096,4096,31.2
cutlass_128x128_k64_s3_sk4,64,4096,4096,22.6
cutlass_128x128_k64_s2,64,4096,4096,57.0
cutlass_64x64_k64_s2,64,4096,4096,27.5
cutlass_64x128_k64_s2,64,4096,4096,37.4
cutlass_128x64_k64_s2,64,4096,4096,35.7
cutlass_256x64_k64_s2,64,4096,4096,61.9
cutlass_256x128_s2,64,4096,4096,0.0
cutlass_64x64_s2,64,4096,4096,41.3
cutlass_64x128_s2,64,4096,4096,49.2
cutlass_128x64_s2,64,4096,4096,43.5
cutlass_128x128_s2,64,4096,4096,66.8
cutlass_128x256_s2,64,4096,4096,109.0
cutlass_256x64_s2,64,4096,4096,68.1
cublas,128,4096,4096,23.3
cutlass_32x64_s4,128,4096,4096,38.3
cutlass_32x64_s3,128,4096,4096,39.2
cutlass_32x128_s4,128,4096,4096,31.6
cutlass_32x128_s3,128,4096,4096,32.8
cutlass_32x256_s3,128,4096,4096,32.6
cutlass_64x64_s4,128,4096,4096,28.4
cutlass_64x64_s3,128,4096,4096,29.1
cutlass_64x128_s4,128,4096,4096,27.4
cutlass_64x128_s3,128,4096,4096,27.5
cutlass_128x64_s4,128,4096,4096,28.2
cutlass_128x64_s3,128,4096,4096,28.7
cutlass_128x128_s4,128,4096,4096,53.3
cutlass_128x128_s3,128,4096,4096,53.3
cutlass_128x256_s3,128,4096,4096,107.9
cutlass_256x64_s4,128,4096,4096,54.9
cutlass_256x64_s3,128,4096,4096,55.0
cutlass_64x64_s4_sk2,128,4096,4096,30.7
cutlass_64x64_s4_sk4,128,4096,4096,38.5
cutlass_64x64_s4_sk8,128,4096,4096,40.6
cutlass_128x128_s3_sk2,128,4096,4096,32.7
cutlass_128x128_s3_sk4,128,4096,4096,28.8
cutlass_128x128_s3_sk8,128,4096,4096,37.8
cutlass_64x128_s4_sk2,128,4096,4096,26.0
cutlass_64x128_s4_sk4,128,4096,4096,29.4
cutlass_64x128_s4_sk8,128,4096,4096,37.0
cutlass_32x64_s4_sk4,128,4096,4096,43.7
cutlass_32x64_s4_sk8,128,4096,4096,47.6
cutlass_32x64_s4_sk16,128,4096,4096,57.9
cutlass_128x128_s4_sk2,128,4096,4096,32.6
cutlass_128x128_s4_sk4,128,4096,4096,28.5
cutlass_128x128_s4_sk8,128,4096,4096,38.0
cutlass_128x64_s4_sk2,128,4096,4096,26.3
cutlass_128x64_s4_sk4,128,4096,4096,29.6
cutlass_128x64_s4_sk8,128,4096,4096,36.7
cutlass_256x64_s4_sk2,128,4096,4096,40.7
cutlass_256x64_s4_sk4,128,4096,4096,44.5
cutlass_64x64_s4_sk16,128,4096,4096,52.1
cutlass_64x128_s4_sk16,128,4096,4096,49.5
cutlass_64x64_k64_s4,128,4096,4096,26.8
cutlass_64x64_k64_s3,128,4096,4096,27.3
cutlass_64x128_k64_s4,128,4096,4096,27.9
cutlass_64x128_k64_s3,128,4096,4096,27.7
cutlass_128x64_k64_s4,128,4096,4096,28.2
cutlass_128x64_k64_s3,128,4096,4096,28.2
cutlass_128x128_k64_s4,128,4096,4096,0.0
cutlass_128x128_k64_s3,128,4096,4096,55.2
cutlass_256x64_k64_s4,128,4096,4096,0.0
cutlass_256x64_k64_s3,128,4096,4096,0.0
cutlass_128x256_k64_s3,128,4096,4096,0.0
cutlass_32x64_k64_s4,128,4096,4096,37.4
cutlass_32x128_k64_s4,128,4096,4096,31.3
cutlass_64x64_k64_s4_sk2,128,4096,4096,32.5
cutlass_64x64_k64_s4_sk4,128,4096,4096,36.6
cutlass_64x64_k64_s4_sk8,128,4096,4096,41.4
cutlass_128x128_k64_s3_sk2,128,4096,4096,33.7
cutlass_128x128_k64_s3_sk4,128,4096,4096,28.1
cutlass_128x128_k64_s2,128,4096,4096,56.8
cutlass_64x64_k64_s2,128,4096,4096,31.1
cutlass_64x128_k64_s2,128,4096,4096,38.1
cutlass_128x64_k64_s2,128,4096,4096,39.1
cutlass_256x64_k64_s2,128,4096,4096,62.0
cutlass_256x128_s2,128,4096,4096,0.0
cutlass_64x64_s2,128,4096,4096,42.5
cutlass_64x128_s2,128,4096,4096,50.6
cutlass_128x64_s2,128,4096,4096,52.2
cutlass_128x128_s2,128,4096,4096,66.9
cutlass_128x256_s2,128,4096,4096,109.1
cutlass_256x64_s2,128,4096,4096,68.2
cublas,256,4096,4096,37.7
cutlass_32x64_s4,256,4096,4096,73.2
cutlass_32x64_s3,256,4096,4096,73.3
cutlass_32x128_s4,256,4096,4096,60.3
cutlass_32x128_s3,256,4096,4096,61.3
cutlass_32x256_s3,256,4096,4096,55.8
cutlass_64x64_s4,256,4096,4096,54.1
cutlass_64x64_s3,256,4096,4096,54.3
cutlass_64x128_s4,256,4096,4096,43.0
cutlass_64x128_s3,256,4096,4096,43.7
cutlass_128x64_s4,256,4096,4096,42.8
cutlass_128x64_s3,256,4096,4096,43.4
cutlass_128x128_s4,256,4096,4096,54.8
cutlass_128x128_s3,256,4096,4096,54.8
cutlass_128x256_s3,256,4096,4096,110.7
cutlass_256x64_s4,256,4096,4096,57.0
cutlass_256x64_s3,256,4096,4096,57.8
cutlass_64x64_s4_sk2,256,4096,4096,66.7
cutlass_64x64_s4_sk4,256,4096,4096,65.7
cutlass_64x64_s4_sk8,256,4096,4096,75.1
cutlass_128x128_s3_sk2,256,4096,4096,45.0
cutlass_128x128_s3_sk4,256,4096,4096,54.3
cutlass_128x128_s3_sk8,256,4096,4096,73.4
cutlass_64x128_s4_sk2,256,4096,4096,49.2
cutlass_64x128_s4_sk4,256,4096,4096,56.2
cutlass_64x128_s4_sk8,256,4096,4096,70.2
cutlass_32x64_s4_sk4,256,4096,4096,84.2
cutlass_32x64_s4_sk8,256,4096,4096,91.3
cutlass_32x64_s4_sk16,256,4096,4096,152.0
cutlass_128x128_s4_sk2,256,4096,4096,46.3
cutlass_128x128_s4_sk4,256,4096,4096,55.5
cutlass_128x128_s4_sk8,256,4096,4096,72.3
cutlass_128x64_s4_sk2,256,4096,4096,50.0
cutlass_128x64_s4_sk4,256,4096,4096,57.1
cutlass_128x64_s4_sk8,256,4096,4096,70.3
cutlass_256x64_s4_sk2,256,4096,4096,48.3
cutlass_256x64_s4_sk4,256,4096,4096,58.8
cutlass_64x64_s4_sk16,256,4096,4096,130.2
cutlass_64x128_s4_sk16,256,4096,4096,113.9
cutlass_64x64_k64_s4,256,4096,4096,54.5
cutlass_64x64_k64_s3,256,4096,4096,50.5
cutlass_64x128_k64_s4,256,4096,4096,41.5
cutlass_64x128_k64_s3,256,4096,4096,40.9
cutlass_128x64_k64_s4,256,4096,4096,41.6
cutlass_128x64_k64_s3,256,4096,4096,41.5
cutlass_128x128_k64_s4,256,4096,4096,0.0
cutlass_128x128_k64_s3,256,4096,4096,55.6
cutlass_256x64_k64_s4,256,4096,4096,0.0
cutlass_256x64_k64_s3,256,4096,4096,0.0
cutlass_128x256_k64_s3,256,4096,4096,0.0
cutlass_32x64_k64_s4,256,4096,4096,79.2
cutlass_32x128_k64_s4,256,4096,4096,66.4
cutlass_64x64_k64_s4_sk2,256,4096,4096,61.8
cutlass_64x64_k64_s4_sk4,256,4096,4096,66.6
cutlass_64x64_k64_s4_sk8,256,4096,4096,76.7
cutlass_128x128_k64_s3_sk2,256,4096,4096,45.9
cutlass_128x128_k64_s3_sk4,256,4096,4096,54.5
cutlass_128x128_k64_s2,256,4096,4096,57.4
cutlass_64x64_k64_s2,256,4096,4096,56.8
cutlass_64x128_k64_s2,256,4096,4096,48.6
cutlass_128x64_k64_s2,256,4096,4096,48.2
cutlass_256x64_k64_s2,256,4096,4096,63.3
cutlass_256x128_s2,256,4096,4096,0.0
cutlass_64x64_s2,256,4096,4096,64.2
cutlass_64x128_s2,256,4096,4096,55.5
cutlass_128x64_s2,256,4096,4096,56.7
cutlass_128x128_s2,256,4096,4096,67.4
cutlass_128x256_s2,256,4096,4096,109.7
cutlass_256x64_s2,256,4096,4096,68.7
cublas,512,4096,4096,65.1
cutlass_32x64_s4,512,4096,4096,153.3
cutlass_32x64_s3,512,4096,4096,175.0
cutlass_32x128_s4,512,4096,4096,129.5
cutlass_32x128_s3,512,4096,4096,169.2
cutlass_32x256_s3,512,4096,4096,118.1
cutlass_64x64_s4,512,4096,4096,133.3
cutlass_64x64_s3,512,4096,4096,109.6
cutlass_64x128_s4,512,4096,4096,85.3
cutlass_64x128_s3,512,4096,4096,84.3
cutlass_128x64_s4,512,4096,4096,85.8
cutlass_128x64_s3,512,4096,4096,84.7
cutlass_128x128_s4,512,4096,4096,65.4
cutlass_128x128_s3,512,4096,4096,65.8
cutlass_128x256_s3,512,4096,4096,121.3
cutlass_256x64_s4,512,4096,4096,74.4
cutlass_256x64_s3,512,4096,4096,76.5
cutlass_64x64_s4_sk2,512,4096,4096,126.4
cutlass_64x64_s4_sk4,512,4096,4096,129.4
cutlass_64x64_s4_sk8,512,4096,4096,179.2
cutlass_128x128_s3_sk2,512,4096,4096,88.2
cutlass_128x128_s3_sk4,512,4096,4096,109.1
cutlass_128x128_s3_sk8,512,4096,4096,177.0
cutlass_64x128_s4_sk2,512,4096,4096,97.5
cutlass_64x128_s4_sk4,512,4096,4096,109.2
cutlass_64x128_s4_sk8,512,4096,4096,158.5
cutlass_32x64_s4_sk4,512,4096,4096,161.7
cutlass_32x64_s4_sk8,512,4096,4096,206.6
cutlass_32x64_s4_sk16,512,4096,4096,439.8
cutlass_128x128_s4_sk2,512,4096,4096,91.4
cutlass_128x128_s4_sk4,512,4096,4096,106.5
cutlass_128x128_s4_sk8,512,4096,4096,156.7
cutlass_128x64_s4_sk2,512,4096,4096,100.3
cutlass_128x64_s4_sk4,512,4096,4096,112.5
cutlass_128x64_s4_sk8,512,4096,4096,158.2
cutlass_256x64_s4_sk2,512,4096,4096,96.2
cutlass_256x64_s4_sk4,512,4096,4096,112.4
cutlass_64x64_s4_sk16,512,4096,4096,419.2
cutlass_64x128_s4_sk16,512,4096,4096,412.0
cutlass_64x64_k64_s4,512,4096,4096,108.4
cutlass_64x64_k64_s3,512,4096,4096,106.1
cutlass_64x128_k64_s4,512,4096,4096,87.2
cutlass_64x128_k64_s3,512,4096,4096,83.9
cutlass_128x64_k64_s4,512,4096,4096,86.8
cutlass_128x64_k64_s3,512,4096,4096,85.1
cutlass_128x128_k64_s4,512,4096,4096,0.0
cutlass_128x128_k64_s3,512,4096,4096,70.2
cutlass_256x64_k64_s4,512,4096,4096,0.0
cutlass_256x64_k64_s3,512,4096,4096,0.0
cutlass_128x256_k64_s3,512,4096,4096,0.0
cutlass_32x64_k64_s4,512,4096,4096,161.3
cutlass_32x128_k64_s4,512,4096,4096,138.7
cutlass_64x64_k64_s4_sk2,512,4096,4096,118.0
cutlass_64x64_k64_s4_sk4,512,4096,4096,124.8
cutlass_64x64_k64_s4_sk8,512,4096,4096,192.9
cutlass_128x128_k64_s3_sk2,512,4096,4096,87.7
cutlass_128x128_k64_s3_sk4,512,4096,4096,105.5
cutlass_128x128_k64_s2,512,4096,4096,76.9
cutlass_64x64_k64_s2,512,4096,4096,138.1
cutlass_64x128_k64_s2,512,4096,4096,89.2
cutlass_128x64_k64_s2,512,4096,4096,89.9
cutlass_256x64_k64_s2,512,4096,4096,86.3
cutlass_256x128_s2,512,4096,4096,0.0
cutlass_64x64_s2,512,4096,4096,114.6
cutlass_64x128_s2,512,4096,4096,91.0
cutlass_128x64_s2,512,4096,4096,93.1
cutlass_128x128_s2,512,4096,4096,78.4
cutlass_128x256_s2,512,4096,4096,125.9
cutlass_256x64_s2,512,4096,4096,82.7
cublas,1024,4096,4096,127.9
cutlass_32x64_s4,1024,4096,4096,317.4
cutlass_32x64_s3,1024,4096,4096,303.0
cutlass_32x128_s4,1024,4096,4096,270.4
cutlass_32x128_s3,1024,4096,4096,275.7
cutlass_32x256_s3,1024,4096,4096,244.2
cutlass_64x64_s4,1024,4096,4096,227.5
cutlass_64x64_s3,1024,4096,4096,220.0
cutlass_64x128_s4,1024,4096,4096,165.7
cutlass_64x128_s3,1024,4096,4096,166.8
cutlass_128x64_s4,1024,4096,4096,168.3
cutlass_128x64_s3,1024,4096,4096,169.7
cutlass_128x128_s4,1024,4096,4096,131.9
cutlass_128x128_s3,1024,4096,4096,132.3
cutlass_128x256_s3,1024,4096,4096,125.4
cutlass_256x64_s4,1024,4096,4096,149.3
cutlass_256x64_s3,1024,4096,4096,152.4
cutlass_64x64_s4_sk2,1024,4096,4096,235.8
cutlass_64x64_s4_sk4,1024,4096,4096,274.3
cutlass_64x64_s4_sk8,1024,4096,4096,470.9
cutlass_128x128_s3_sk2,1024,4096,4096,178.0
cutlass_128x128_s3_sk4,1024,4096,4096,248.6
cutlass_128x128_s3_sk8,1024,4096,4096,470.2
cutlass_64x128_s4_sk2,1024,4096,4096,193.8
cutlass_64x128_s4_sk4,1024,4096,4096,232.9
cutlass_64x128_s4_sk8,1024,4096,4096,435.2
cutlass_32x64_s4_sk4,1024,4096,4096,340.9
cutlass_32x64_s4_sk8,1024,4096,4096,529.2
cutlass_32x64_s4_sk16,1024,4096,4096,907.4
cutlass_128x128_s4_sk2,1024,4096,4096,176.2
cutlass_128x128_s4_sk4,1024,4096,4096,234.1
cutlass_128x128_s4_sk8,1024,4096,4096,438.5
cutlass_128x64_s4_sk2,1024,4096,4096,196.7
cutlass_128x64_s4_sk4,1024,4096,4096,235.1
cutlass_128x64_s4_sk8,1024,4096,4096,438.0
cutlass_256x64_s4_sk2,1024,4096,4096,187.0
cutlass_256x64_s4_sk4,1024,4096,4096,254.3
cutlass_64x64_s4_sk16,1024,4096,4096,877.3
cutlass_64x128_s4_sk16,1024,4096,4096,873.5
cutlass_64x64_k64_s4,1024,4096,4096,208.5
cutlass_64x64_k64_s3,1024,4096,4096,209.5
cutlass_64x128_k64_s4,1024,4096,4096,174.7
cutlass_64x128_k64_s3,1024,4096,4096,169.7
cutlass_128x64_k64_s4,1024,4096,4096,169.3
cutlass_128x64_k64_s3,1024,4096,4096,166.3
cutlass_128x128_k64_s4,1024,4096,4096,0.0
cutlass_128x128_k64_s3,1024,4096,4096,134.1
cutlass_256x64_k64_s4,1024,4096,4096,0.0
cutlass_256x64_k64_s3,1024,4096,4096,0.0
cutlass_128x256_k64_s3,1024,4096,4096,0.0
cutlass_32x64_k64_s4,1024,4096,4096,311.4
cutlass_32x128_k64_s4,1024,4096,4096,278.3
cutlass_64x64_k64_s4_sk2,1024,4096,4096,221.0
cutlass_64x64_k64_s4_sk4,1024,4096,4096,289.4
cutlass_64x64_k64_s4_sk8,1024,4096,4096,490.1
cutlass_128x128_k64_s3_sk2,1024,4096,4096,176.2
cutlass_128x128_k64_s3_sk4,1024,4096,4096,216.2
cutlass_128x128_k64_s2,1024,4096,4096,151.7
cutlass_64x64_k64_s2,1024,4096,4096,223.8
cutlass_64x128_k64_s2,1024,4096,4096,174.7
cutlass_128x64_k64_s2,1024,4096,4096,166.6
cutlass_256x64_k64_s2,1024,4096,4096,172.2
cutlass_256x128_s2,1024,4096,4096,0.0
cutlass_64x64_s2,1024,4096,4096,211.8
cutlass_64x128_s2,1024,4096,4096,222.7
cutlass_128x64_s2,1024,4096,4096,231.3
cutlass_128x128_s2,1024,4096,4096,154.2
cutlass_128x256_s2,1024,4096,4096,123.1
cutlass_256x64_s2,1024,4096,4096,166.8
cublas,2048,4096,4096,246.9
cutlass_32x64_s4,2048,4096,4096,644.2
cutlass_32x64_s3,2048,4096,4096,611.9
cutlass_32x128_s4,2048,4096,4096,533.3
cutlass_32x128_s3,2048,4096,4096,509.9
cutlass_32x256_s3,2048,4096,4096,487.4
cutlass_64x64_s4,2048,4096,4096,428.5
cutlass_64x64_s3,2048,4096,4096,426.6
cutlass_64x128_s4,2048,4096,4096,333.5
cutlass_64x128_s3,2048,4096,4096,330.6
cutlass_128x64_s4,2048,4096,4096,327.5
cutlass_128x64_s3,2048,4096,4096,333.2
cutlass_128x128_s4,2048,4096,4096,268.6
cutlass_128x128_s3,2048,4096,4096,263.9
cutlass_128x256_s3,2048,4096,4096,264.7
cutlass_256x64_s4,2048,4096,4096,291.8
cutlass_256x64_s3,2048,4096,4096,298.0
cutlass_64x64_s4_sk2,2048,4096,4096,494.2
cutlass_64x64_s4_sk4,2048,4096,4096,640.4
cutlass_64x64_s4_sk8,2048,4096,4096,970.9
cutlass_128x128_s3_sk2,2048,4096,4096,418.8
cutlass_128x128_s3_sk4,2048,4096,4096,604.9
cutlass_128x128_s3_sk8,2048,4096,4096,999.0
cutlass_64x128_s4_sk2,2048,4096,4096,417.0
cutlass_64x128_s4_sk4,2048,4096,4096,569.3
cutlass_64x128_s4_sk8,2048,4096,4096,916.7
cutlass_32x64_s4_sk4,2048,4096,4096,791.5
cutlass_32x64_s4_sk8,2048,4096,4096,1085.5
cutlass_32x64_s4_sk16,2048,4096,4096,1760.1
cutlass_128x128_s4_sk2,2048,4096,4096,401.7
cutlass_128x128_s4_sk4,2048,4096,4096,560.2
cutlass_128x128_s4_sk8,2048,4096,4096,929.3
cutlass_128x64_s4_sk2,2048,4096,4096,413.5
cutlass_128x64_s4_sk4,2048,4096,4096,570.6
cutlass_128x64_s4_sk8,2048,4096,4096,920.9
cutlass_256x64_s4_sk2,2048,4096,4096,431.6
cutlass_256x64_s4_sk4,2048,4096,4096,605.9
cutlass_64x64_s4_sk16,2048,4096,4096,1701.7
cutlass_64x128_s4_sk16,2048,4096,4096,1703.1
cutlass_64x64_k64_s4,2048,4096,4096,405.1
cutlass_64x64_k64_s3,2048,4096,4096,400.7
cutlass_64x128_k64_s4,2048,4096,4096,334.2
cutlass_64x128_k64_s3,2048,4096,4096,334.7
cutlass_128x64_k64_s4,2048,4096,4096,330.0
cutlass_128x64_k64_s3,2048,4096,4096,325.5
cutlass_128x128_k64_s4,2048,4096,4096,0.0
cutlass_128x128_k64_s3,2048,4096,4096,276.0
cutlass_256x64_k64_s4,2048,4096,4096,0.0
cutlass_256x64_k64_s3,2048,4096,4096,0.0
cutlass_128x256_k64_s3,2048,4096,4096,0.0
cutlass_32x64_k64_s4,2048,4096,4096,628.5
cutlass_32x128_k64_s4,2048,4096,4096,525.2
cutlass_64x64_k64_s4_sk2,2048,4096,4096,494.1
cutlass_64x64_k64_s4_sk4,2048,4096,4096,663.1
cutlass_64x64_k64_s4_sk8,2048,4096,4096,994.3
cutlass_128x128_k64_s3_sk2,2048,4096,4096,379.8
cutlass_128x128_k64_s3_sk4,2048,4096,4096,532.4
cutlass_128x128_k64_s2,2048,4096,4096,300.3
cutlass_64x64_k64_s2,2048,4096,4096,420.1
cutlass_64x128_k64_s2,2048,4096,4096,329.5
cutlass_128x64_k64_s2,2048,4096,4096,329.5
cutlass_256x64_k64_s2,2048,4096,4096,341.1
cutlass_256x128_s2,2048,4096,4096,0.0
cutlass_64x64_s2,2048,4096,4096,426.0
cutlass_64x128_s2,2048,4096,4096,362.8
cutlass_128x64_s2,2048,4096,4096,376.0
cutlass_128x128_s2,2048,4096,4096,319.9
cutlass_128x256_s2,2048,4096,4096,257.1
cutlass_256x64_s2,2048,4096,4096,324.9
cublas,4096,4096,4096,498.9
cutlass_32x64_s4,4096,4096,4096,1244.4
cutlass_32x64_s3,4096,4096,4096,1213.2
cutlass_32x128_s4,4096,4096,4096,1043.4
cutlass_32x128_s3,4096,4096,4096,1028.2
cutlass_32x256_s3,4096,4096,4096,937.0
cutlass_64x64_s4,4096,4096,4096,820.9
cutlass_64x64_s3,4096,4096,4096,849.9
cutlass_64x128_s4,4096,4096,4096,645.0
cutlass_64x128_s3,4096,4096,4096,677.3
cutlass_128x64_s4,4096,4096,4096,635.2
cutlass_128x64_s3,4096,4096,4096,652.2
cutlass_128x128_s4,4096,4096,4096,521.1
cutlass_128x128_s3,4096,4096,4096,537.3
cutlass_128x256_s3,4096,4096,4096,535.7
cutlass_256x64_s4,4096,4096,4096,576.6
cutlass_256x64_s3,4096,4096,4096,588.3
cutlass_64x64_s4_sk2,4096,4096,4096,1064.3
cutlass_64x64_s4_sk4,4096,4096,4096,1314.7
cutlass_64x64_s4_sk8,4096,4096,4096,1900.5
cutlass_128x128_s3_sk2,4096,4096,4096,906.8
cutlass_128x128_s3_sk4,4096,4096,4096,1260.5
cutlass_128x128_s3_sk8,4096,4096,4096,1969.5
cutlass_64x128_s4_sk2,4096,4096,4096,897.0
cutlass_64x128_s4_sk4,4096,4096,4096,1183.4
cutlass_64x128_s4_sk8,4096,4096,4096,1794.5
cutlass_32x64_s4_sk4,4096,4096,4096,1628.0
cutlass_32x64_s4_sk8,4096,4096,4096,2126.7
cutlass_32x64_s4_sk16,4096,4096,4096,3442.6
cutlass_128x128_s4_sk2,4096,4096,4096,860.3
cutlass_128x128_s4_sk4,4096,4096,4096,1174.6
cutlass_128x128_s4_sk8,4096,4096,4096,1808.0
cutlass_128x64_s4_sk2,4096,4096,4096,908.4
cutlass_128x64_s4_sk4,4096,4096,4096,1182.4
cutlass_128x64_s4_sk8,4096,4096,4096,1807.2
cutlass_256x64_s4_sk2,4096,4096,4096,909.9
cutlass_256x64_s4_sk4,4096,4096,4096,1215.3
cutlass_64x64_s4_sk16,4096,4096,4096,3293.6
cutlass_64x128_s4_sk16,4096,4096,4096,3332.9
cutlass_64x64_k64_s4,4096,4096,4096,792.0
cutlass_64x64_k64_s3,4096,4096,4096,798.4
cutlass_64x128_k64_s4,4096,4096,4096,639.2
cutlass_64x128_k64_s3,4096,4096,4096,640.5
cutlass_128x64_k64_s4,4096,4096,4096,632.9
cutlass_128x64_k64_s3,4096,4096,4096,635.4
cutlass_128x128_k64_s4,4096,4096,4096,0.0
cutlass_128x128_k64_s3,4096,4096,4096,534.9
cutlass_256x64_k64_s4,4096,4096,4096,0.0
cutlass_256x64_k64_s3,4096,4096,4096,0.0
cutlass_128x256_k64_s3,4096,4096,4096,0.0
cutlass_32x64_k64_s4,4096,4096,4096,1238.7
cutlass_32x128_k64_s4,4096,4096,4096,1005.1
cutlass_64x64_k64_s4_sk2,4096,4096,4096,1044.2
cutlass_64x64_k64_s4_sk4,4096,4096,4096,1340.4
cutlass_64x64_k64_s4_sk8,4096,4096,4096,1933.2
cutlass_128x128_k64_s3_sk2,4096,4096,4096,821.4
cutlass_128x128_k64_s3_sk4,4096,4096,4096,1127.2
cutlass_128x128_k64_s2,4096,4096,4096,614.3
cutlass_64x64_k64_s2,4096,4096,4096,856.8
cutlass_64x128_k64_s2,4096,4096,4096,689.2
cutlass_128x64_k64_s2,4096,4096,4096,663.8
cutlass_256x64_k64_s2,4096,4096,4096,677.8
cutlass_256x128_s2,4096,4096,4096,0.0
cutlass_64x64_s2,4096,4096,4096,862.8
cutlass_64x128_s2,4096,4096,4096,675.5
cutlass_128x64_s2,4096,4096,4096,670.3
cutlass_128x128_s2,4096,4096,4096,700.0
cutlass_128x256_s2,4096,4096,4096,527.2
cutlass_256x64_s2,4096,4096,4096,654.2
cublas,1,6144,4096,15.4
cutlass_32x64_s4,1,6144,4096,21.4
cutlass_32x64_s3,1,6144,4096,21.1
cutlass_32x128_s4,1,6144,4096,34.9
cutlass_32x128_s3,1,6144,4096,34.9
cutlass_32x256_s3,1,6144,4096,37.4
cutlass_64x64_s4,1,6144,4096,20.3
cutlass_64x64_s3,1,6144,4096,20.2
cutlass_64x128_s4,1,6144,4096,31.4
cutlass_64x128_s3,1,6144,4096,31.4
cutlass_128x64_s4,1,6144,4096,31.7
cutlass_128x64_s3,1,6144,4096,31.7
cutlass_128x128_s4,1,6144,4096,61.0
cutlass_128x128_s3,1,6144,4096,61.0
cutlass_128x256_s3,1,6144,4096,119.6
cutlass_256x64_s4,1,6144,4096,58.6
cutlass_256x64_s3,1,6144,4096,58.6
cutlass_64x64_s4_sk2,1,6144,4096,20.0
cutlass_64x64_s4_sk4,1,6144,4096,16.7
cutlass_64x64_s4_sk8,1,6144,4096,18.2
cutlass_128x128_s3_sk2,1,6144,4096,31.2
cutlass_128x128_s3_sk4,1,6144,4096,35.7
cutlass_128x128_s3_sk8,1,6144,4096,30.8
cutlass_64x128_s4_sk2,1,6144,4096,16.3
cutlass_64x128_s4_sk4,1,6144,4096,19.2
cutlass_64x128_s4_sk8,1,6144,4096,16.9
cutlass_32x64_s4_sk4,1,6144,4096,12.4
cutlass_32x64_s4_sk8,1,6144,4096,15.5
cutlass_32x64_s4_sk16,1,6144,4096,14.8
cutlass_128x128_s4_sk2,1,6144,4096,30.1
cutlass_128x128_s4_sk4,1,6144,4096,35.8
cutlass_128x128_s4_sk8,1,6144,4096,31.0
cutlass_128x64_s4_sk2,1,6144,4096,34.6
cutlass_128x64_s4_sk4,1,6144,4096,27.7
cutlass_128x64_s4_sk8,1,6144,4096,29.4
cutlass_256x64_s4_sk2,1,6144,4096,66.2
cutlass_256x64_s4_sk4,1,6144,4096,54.9
cutlass_64x64_s4_sk16,1,6144,4096,19.4
cutlass_64x128_s4_sk16,1,6144,4096,18.8
cutlass_64x64_k64_s4,1,6144,4096,14.6
cutlass_64x64_k64_s3,1,6144,4096,14.5
cutlass_64x128_k64_s4,1,6144,4096,27.9
cutlass_64x128_k64_s3,1,6144,4096,27.9
cutlass_128x64_k64_s4,1,6144,4096,28.2
cutlass_128x64_k64_s3,1,6144,4096,28.2
cutlass_128x128_k64_s4,1,6144,4096,0.0
cutlass_128x128_k64_s3,1,6144,4096,55.4
cutlass_256x64_k64_s4,1,6144,4096,0.0
cutlass_256x64_k64_s3,1,6144,4096,0.0
cutlass_128x256_k64_s3,1,6144,4096,0.0
cutlass_32x64_k64_s4,1,6144,4096,16.5
cutlass_32x128_k64_s4,1,6144,4096,27.5
cutlass_64x64_k64_s4_sk2,1,6144,4096,22.1
cutlass_64x64_k64_s4_sk4,1,6144,4096,18.8
cutlass_64x64_k64_s4_sk8,1,6144,4096,21.4
cutlass_128x128_k64_s3_sk2,1,6144,4096,30.2
cutlass_128x128_k64_s3_sk4,1,6144,4096,35.8
cutlass_128x128_k64_s2,1,6144,4096,57.7
cutlass_64x64_k64_s2,1,6144,4096,23.0
cutlass_64x128_k64_s2,1,6144,4096,35.2
cutlass_128x64_k64_s2,1,6144,4096,35.9
cutlass_256x64_k64_s2,1,6144,4096,62.2
cutlass_256x128_s2,1,6144,4096,0.0
cutlass_64x64_s2,1,6144,4096,34.1
cutlass_64x128_s2,1,6144,4096,43.7
cutlass_128x64_s2,1,6144,4096,41.3
cutlass_128x128_s2,1,6144,4096,67.2
cutlass_128x256_s2,1,6144,4096,109.5
cutlass_256x64_s2,1,6144,4096,68.5
cutlass_gemv,1,6144,4096,10.5
cublas,2,6144,4096,18.1
cutlass_32x64_s4,2,6144,4096,18.0
cutlass_32x64_s3,2,6144,4096,17.7
cutlass_32x128_s4,2,6144,4096,29.3
cutlass_32x128_s3,2,6144,4096,29.4
cutlass_32x256_s3,2,6144,4096,31.4
cutlass_64x64_s4,2,6144,4096,17.1
cutlass_64x64_s3,2,6144,4096,17.0
cutlass_64x128_s4,2,6144,4096,27.4
cutlass_64x128_s3,2,6144,4096,27.4
cutlass_128x64_s4,2,6144,4096,27.7
cutlass_128x64_s3,2,6144,4096,27.7
cutlass_128x128_s4,2,6144,4096,53.4
cutlass_128x128_s3,2,6144,4096,53.5
cutlass_128x256_s3,2,6144,4096,108.4
cutlass_256x64_s4,2,6144,4096,55.1
cutlass_256x64_s3,2,6144,4096,55.1
cutlass_64x64_s4_sk2,2,6144,4096,19.4
cutlass_64x64_s4_sk4,2,6144,4096,17.0
cutlass_64x64_s4_sk8,2,6144,4096,18.3
cutlass_128x128_s3_sk2,2,6144,4096,29.2
cutlass_128x128_s3_sk4,2,6144,4096,35.9
cutlass_128x128_s3_sk8,2,6144,4096,31.7
cutlass_64x128_s4_sk2,2,6144,4096,17.0
cutlass_64x128_s4_sk4,2,6144,4096,19.2
cutlass_64x128_s4_sk8,2,6144,4096,17.6
cutlass_32x64_s4_sk4,2,6144,4096,12.9
cutlass_32x64_s4_sk8,2,6144,4096,16.2
cutlass_32x64_s4_sk16,2,6144,4096,15.3
cutlass_128x128_s4_sk2,2,6144,4096,29.2
cutlass_128x128_s4_sk4,2,6144,4096,35.9
cutlass_128x128_s4_sk8,2,6144,4096,31.8
cutlass_128x64_s4_sk2,2,6144,4096,34.6
cutlass_128x64_s4_sk4,2,6144,4096,28.7
cutlass_128x64_s4_sk8,2,6144,4096,30.7
cutlass_256x64_s4_sk2,2,6144,4096,66.5
cutlass_256x64_s4_sk4,2,6144,4096,55.3
cutlass_64x64_s4_sk16,2,6144,4096,20.2
cutlass_64x128_s4_sk16,2,6144,4096,19.6
cutlass_64x64_k64_s4,2,6144,4096,15.4
cutlass_64x64_k64_s3,2,6144,4096,15.3
cutlass_64x128_k64_s4,2,6144,4096,27.6
cutlass_64x128_k64_s3,2,6144,4096,27.6
cutlass_128x64_k64_s4,2,6144,4096,27.8
cutlass_128x64_k64_s3,2,6144,4096,27.8
cutlass_128x128_k64_s4,2,6144,4096,0.0
cutlass_128x128_k64_s3,2,6144,4096,55.1
cutlass_256x64_k64_s4,2,6144,4096,0.0
cutlass_256x64_k64_s3,2,6144,4096,0.0
cutlass_128x256_k64_s3,2,6144,4096,0.0
cutlass_32x64_k64_s4,2,6144,4096,16.4
cutlass_32x128_k64_s4,2,6144,4096,27.3
cutlass_64x64_k64_s4_sk2,2,6144,4096,21.9
cutlass_64x64_k64_s4_sk4,2,6144,4096,19.1
cutlass_64x64_k64_s4_sk8,2,6144,4096,22.2
cutlass_128x128_k64_s3_sk2,2,6144,4096,30.1
cutlass_128x128_k64_s3_sk4,2,6144,4096,35.8
cutlass_128x128_k64_s2,2,6144,4096,57.4
cutlass_64x64_k64_s2,2,6144,4096,22.9
cutlass_64x128_k64_s2,2,6144,4096,35.2
cutlass_128x64_k64_s2,2,6144,4096,35.8
cutlass_256x64_k64_s2,2,6144,4096,62.2
cutlass_256x128_s2,2,6144,4096,0.0
cutlass_64x64_s2,2,6144,4096,34.0
cutlass_64x128_s2,2,6144,4096,43.8
cutlass_128x64_s2,2,6144,4096,41.4
cutlass_128x128_s2,2,6144,4096,67.2
cutlass_128x256_s2,2,6144,4096,109.4
cutlass_256x64_s2,2,6144,4096,68.5
cublas,4,6144,4096,18.2
cutlass_32x64_s4,4,6144,4096,18.0
cutlass_32x64_s3,4,6144,4096,17.7
cutlass_32x128_s4,4,6144,4096,29.4
cutlass_32x128_s3,4,6144,4096,29.4
cutlass_32x256_s3,4,6144,4096,31.4
cutlass_64x64_s4,4,6144,4096,17.6
cutlass_64x64_s3,4,6144,4096,17.4
cutlass_64x128_s4,4,6144,4096,27.4
cutlass_64x128_s3,4,6144,4096,27.4
cutlass_128x64_s4,4,6144,4096,27.9
cutlass_128x64_s3,4,6144,4096,27.8
cutlass_128x128_s4,4,6144,4096,53.6
cutlass_128x128_s3,4,6144,4096,53.5
cutlass_128x256_s3,4,6144,4096,108.4
cutlass_256x64_s4,4,6144,4096,55.1
cutlass_256x64_s3,4,6144,4096,55.1
cutlass_64x64_s4_sk2,4,6144,4096,19.8
cutlass_64x64_s4_sk4,4,6144,4096,17.4
cutlass_64x64_s4_sk8,4,6144,4096,18.7
cutlass_128x128_s3_sk2,4,6144,4096,29.3
cutlass_128x128_s3_sk4,4,6144,4096,36.2
cutlass_128x128_s3_sk8,4,6144,4096,32.5
cutlass_64x128_s4_sk2,4,6144,4096,17.1
cutlass_64x128_s4_sk4,4,6144,4096,19.5
cutlass_64x128_s4_sk8,4,6144,4096,18.0
cutlass_32x64_s4_sk4,4,6144,4096,12.9
cutlass_32x64_s4_sk8,4,6144,4096,15.7
cutlass_32x64_s4_sk16,4,6144,4096,15.8
cutlass_128x128_s4_sk2,4,6144,4096,29.2
cutlass_128x128_s4_sk4,4,6144,4096,36.0
cutlass_128x128_s4_sk8,4,6144,4096,32.3
cutlass_128x64_s4_sk2,4,6144,4096,34.7
cutlass_128x64_s4_sk4,4,6144,4096,29.0
cutlass_128x64_s4_sk8,4,6144,4096,30.9
cutlass_256x64_s4_sk2,4,6144,4096,66.8
cutlass_256x64_s4_sk4,4,6144,4096,55.3
cutlass_64x64_s4_sk16,4,6144,4096,20.8
cutlass_64x128_s4_sk16,4,6144,4096,20.0
cutlass_64x64_k64_s4,4,6144,4096,15.2
cutlass_64x64_k64_s3,4,6144,4096,15.0
cutlass_64x128_k64_s4,4,6144,4096,27.6
cutlass_64x128_k64_s3,4,6144,4096,27.6
cutlass_128x64_k64_s4,4,6144,4096,27.9
cutlass_128x64_k64_s3,4,6144,4096,27.9
cutlass_128x128_k64_s4,4,6144,4096,0.0
cutlass_128x128_k64_s3,4,6144,4096,55.1
cutlass_256x64_k64_s4,4,6144,4096,0.0
cutlass_256x64_k64_s3,4,6144,4096,0.0
cutlass_128x256_k64_s3,4,6144,4096,0.0
cutlass_32x64_k64_s4,4,6144,4096,16.4
cutlass_32x128_k64_s4,4,6144,4096,27.3
cutlass_64x64_k64_s4_sk2,4,6144,4096,22.1
cutlass_64x64_k64_s4_sk4,4,6144,4096,19.2
cutlass_64x64_k64_s4_sk8,4,6144,4096,22.5
cutlass_128x128_k64_s3_sk2,4,6144,4096,30.1
cutlass_128x128_k64_s3_sk4,4,6144,4096,36.1
cutlass_128x128_k64_s2,4,6144,4096,57.4
cutlass_64x64_k64_s2,4,6144,4096,22.9
cutlass_64x128_k64_s2,4,6144,4096,35.2
cutlass_128x64_k64_s2,4,6144,4096,35.8
cutlass_256x64_k64_s2,4,6144,4096,62.2
cutlass_256x128_s2,4,6144,4096,0.0
cutlass_64x64_s2,4,6144,4096,34.1
cutlass_64x128_s2,4,6144,4096,43.9
cutlass_128x64_s2,4,6144,4096,41.4
cutlass_128x128_s2,4,6144,4096,67.2
cutlass_128x256_s2,4,6144,4096,109.5
cutlass_256x64_s2,4,6144,4096,68.4
cublas,8,6144,4096,18.1
cutlass_32x64_s4,8,6144,4096,18.0
cutlass_32x64_s3,8,6144,4096,17.7
cutlass_32x128_s4,8,6144,4096,29.3
cutlass_32x128_s3,8,6144,4096,29.4
cutlass_32x256_s3,8,6144,4096,31.4
cutlass_64x64_s4,8,6144,4096,17.4
cutlass_64x64_s3,8,6144,4096,17.3
cutlass_64x128_s4,8,6144,4096,27.4
cutlass_64x128_s3,8,6144,4096,27.4
cutlass_128x64_s4,8,6144,4096,27.8
cutlass_128x64_s3,8,6144,4096,27.8
cutlass_128x128_s4,8,6144,4096,53.5
cutlass_128x128_s3,8,6144,4096,53.6
cutlass_128x256_s3,8,6144,4096,108.4
cutlass_256x64_s4,8,6144,4096,55.0
cutlass_256x64_s3,8,6144,4096,55.1
cutlass_64x64_s4_sk2,8,6144,4096,20.0
cutlass_64x64_s4_sk4,8,6144,4096,17.7
cutlass_64x64_s4_sk8,8,6144,4096,19.0
cutlass_128x128_s3_sk2,8,6144,4096,29.5
cutlass_128x128_s3_sk4,8,6144,4096,36.4
cutlass_128x128_s3_sk8,8,6144,4096,32.2
cutlass_64x128_s4_sk2,8,6144,4096,17.0
cutlass_64x128_s4_sk4,8,6144,4096,19.7
cutlass_64x128_s4_sk8,8,6144,4096,18.3
cutlass_32x64_s4_sk4,8,6144,4096,13.9
cutlass_32x64_s4_sk8,8,6144,4096,16.5
cutlass_32x64_s4_sk16,8,6144,4096,16.5
cutlass_128x128_s4_sk2,8,6144,4096,29.4
cutlass_128x128_s4_sk4,8,6144,4096,36.1
cutlass_128x128_s4_sk8,8,6144,4096,32.0
cutlass_128x64_s4_sk2,8,6144,4096,34.7
cutlass_128x64_s4_sk4,8,6144,4096,28.5
cutlass_128x64_s4_sk8,8,6144,4096,31.2
cutlass_256x64_s4_sk2,8,6144,4096,66.6
cutlass_256x64_s4_sk4,8,6144,4096,55.5
cutlass_64x64_s4_sk16,8,6144,4096,21.3
cutlass_64x128_s4_sk16,8,6144,4096,20.4
cutlass_64x64_k64_s4,8,6144,4096,15.4
cutlass_64x64_k64_s3,8,6144,4096,15.1
cutlass_64x128_k64_s4,8,6144,4096,27.4
cutlass_64x128_k64_s3,8,6144,4096,27.4
cutlass_128x64_k64_s4,8,6144,4096,27.7
cutlass_128x64_k64_s3,8,6144,4096,27.7
cutlass_128x128_k64_s4,8,6144,4096,0.0
cutlass_128x128_k64_s3,8,6144,4096,54.8
cutlass_256x64_k64_s4,8,6144,4096,0.0
cutlass_256x64_k64_s3,8,6144,4096,0.0
cutlass_128x256_k64_s3,8,6144,4096,0.0
cutlass_32x64_k64_s4,8,6144,4096,16.3
cutlass_32x128_k64_s4,8,6144,4096,27.2
cutlass_64x64_k64_s4_sk2,8,6144,4096,22.2
cutlass_64x64_k64_s4_sk4,8,6144,4096,19.3
cutlass_64x64_k64_s4_sk8,8,6144,4096,22.6
cutlass_128x128_k64_s3_sk2,8,6144,4096,30.1
cutlass_128x128_k64_s3_sk4,8,6144,4096,36.2
cutlass_128x128_k64_s2,8,6144,4096,57.4
cutlass_64x64_k64_s2,8,6144,4096,22.9
cutlass_64x128_k64_s2,8,6144,4096,35.0
cutlass_128x64_k64_s2,8,6144,4096,35.6
cutlass_256x64_k64_s2,8,6144,4096,61.9
cutlass_256x128_s2,8,6144,4096,0.0
cutlass_64x64_s2,8,6144,4096,34.0
cutlass_64x128_s2,8,6144,4096,43.9
cutlass_128x64_s2,8,6144,4096,41.2
cutlass_128x128_s2,8,6144,4096,66.8
cutlass_128x256_s2,8,6144,4096,108.8
cutlass_256x64_s2,8,6144,4096,68.1
cublas,16,6144,4096,19.1
cutlass_32x64_s4,16,6144,4096,17.9
cutlass_32x64_s3,16,6144,4096,17.6
cutlass_32x128_s4,16,6144,4096,29.2
cutlass_32x128_s3,16,6144,4096,29.2
cutlass_32x256_s3,16,6144,4096,31.3
cutlass_64x64_s4,16,6144,4096,18.1
cutlass_64x64_s3,16,6144,4096,18.1
cutlass_64x128_s4,16,6144,4096,27.3
cutlass_64x128_s3,16,6144,4096,27.3
cutlass_128x64_s4,16,6144,4096,28.2
cutlass_128x64_s3,16,6144,4096,28.2
cutlass_128x128_s4,16,6144,4096,53.1
cutlass_128x128_s3,16,6144,4096,53.2
cutlass_128x256_s3,16,6144,4096,107.7
cutlass_256x64_s4,16,6144,4096,54.7
cutlass_256x64_s3,16,6144,4096,54.8
cutlass_64x64_s4_sk2,16,6144,4096,20.5
cutlass_64x64_s4_sk4,16,6144,4096,18.3
cutlass_64x64_s4_sk8,16,6144,4096,20.1
cutlass_128x128_s3_sk2,16,6144,4096,29.9
cutlass_128x128_s3_sk4,16,6144,4096,36.3
cutlass_128x128_s3_sk8,16,6144,4096,33.0
cutlass_64x128_s4_sk2,16,6144,4096,17.5
cutlass_64x128_s4_sk4,16,6144,4096,19.9
cutlass_64x128_s4_sk8,16,6144,4096,19.0
cutlass_32x64_s4_sk4,16,6144,4096,14.5
cutlass_32x64_s4_sk8,16,6144,4096,18.0
cutlass_32x64_s4_sk16,16,6144,4096,18.2
cutlass_128x128_s4_sk2,16,6144,4096,29.6
cutlass_128x128_s4_sk4,16,6144,4096,36.3
cutlass_128x128_s4_sk8,16,6144,4096,32.8
cutlass_128x64_s4_sk2,16,6144,4096,34.7
cutlass_128x64_s4_sk4,16,6144,4096,30.1
cutlass_128x64_s4_sk8,16,6144,4096,31.8
cutlass_256x64_s4_sk2,16,6144,4096,67.2
cutlass_256x64_s4_sk4,16,6144,4096,56.0
cutlass_64x64_s4_sk16,16,6144,4096,22.4
cutlass_64x128_s4_sk16,16,6144,4096,21.7
cutlass_64x64_k64_s4,16,6144,4096,15.7
cutlass_64x64_k64_s3,16,6144,4096,15.5
cutlass_64x128_k64_s4,16,6144,4096,27.5
cutlass_64x128_k64_s3,16,6144,4096,27.4
cutlass_128x64_k64_s4,16,6144,4096,27.7
cutlass_128x64_k64_s3,16,6144,4096,27.7
cutlass_128x128_k64_s4,16,6144,4096,0.0
cutlass_128x128_k64_s3,16,6144,4096,54.8
cutlass_256x64_k64_s4,16,6144,4096,0.0
cutlass_256x64_k64_s3,16,6144,4096,0.0
cutlass_128x256_k64_s3,16,6144,4096,0.0
cutlass_32x64_k64_s4,16,6144,4096,16.2
cutlass_32x128_k64_s4,16,6144,4096,27.2
cutlass_64x64_k64_s4_sk2,16,6144,4096,22.5
cutlass_64x64_k64_s4_sk4,16,6144,4096,20.0
cutlass_64x64_k64_s4_sk8,16,6144,4096,23.3
cutlass_128x128_k64_s3_sk2,16,6144,4096,30.3
cutlass_128x128_k64_s3_sk4,16,6144,4096,36.7
cutlass_128x128_k64_s2,16,6144,4096,57.6
cutlass_64x64_k64_s2,16,6144,4096,23.7
cutlass_64x128_k64_s2,16,6144,4096,35.2
cutlass_128x64_k64_s2,16,6144,4096,35.6
cutlass_256x64_k64_s2,16,6144,4096,61.9
cutlass_256x128_s2,16,6144,4096,0.0
cutlass_64x64_s2,16,6144,4096,34.6
cutlass_64x128_s2,16,6144,4096,44.8
cutlass_128x64_s2,16,6144,4096,41.2
cutlass_128x128_s2,16,6144,4096,66.8
cutlass_128x256_s2,16,6144,4096,108.2
cutlass_256x64_s2,16,6144,4096,68.1
cublas,32,6144,4096,24.1
cutlass_32x64_s4,32,6144,4096,18.4
cutlass_32x64_s3,32,6144,4096,18.6
cutlass_32x128_s4,32,6144,4096,29.2
cutlass_32x128_s3,32,6144,4096,29.3
cutlass_32x256_s3,32,6144,4096,31.3
cutlass_64x64_s4,32,6144,4096,19.0
cutlass_64x64_s3,32,6144,4096,19.3
cutlass_64x128_s4,32,6144,4096,27.3
cutlass_64x128_s3,32,6144,4096,27.3
cutlass_128x64_s4,32,6144,4096,28.9
cutlass_128x64_s3,32,6144,4096,28.8
cutlass_128x128_s4,32,6144,4096,53.2
cutlass_128x128_s3,32,6144,4096,53.3
cutlass_128x256_s3,32,6144,4096,107.7
cutlass_256x64_s4,32,6144,4096,54.8
cutlass_256x64_s3,32,6144,4096,54.8
cutlass_64x64_s4_sk2,32,6144,4096,21.8
cutlass_64x64_s4_sk4,32,6144,4096,20.5
cutlass_64x64_s4_sk8,32,6144,4096,23.5
cutlass_128x128_s3_sk2,32,6144,4096,30.7
cutlass_128x128_s3_sk4,32,6144,4096,37.7
cutlass_128x128_s3_sk8,32,6144,4096,34.9
cutlass_64x128_s4_sk2,32,6144,4096,18.2
cutlass_64x128_s4_sk4,32,6144,4096,20.8
cutlass_64x128_s4_sk8,32,6144,4096,21.1
cutlass_32x64_s4_sk4,32,6144,4096,16.7
cutlass_32x64_s4_sk8,32,6144,4096,20.2
cutlass_32x64_s4_sk16,32,6144,4096,24.0
cutlass_128x128_s4_sk2,32,6144,4096,30.5
cutlass_128x128_s4_sk4,32,6144,4096,37.8
cutlass_128x128_s4_sk8,32,6144,4096,34.8
cutlass_128x64_s4_sk2,32,6144,4096,35.3
cutlass_128x64_s4_sk4,32,6144,4096,30.5
cutlass_128x64_s4_sk8,32,6144,4096,33.2
cutlass_256x64_s4_sk2,32,6144,4096,67.4
cutlass_256x64_s4_sk4,32,6144,4096,56.8
cutlass_64x64_s4_sk16,32,6144,4096,26.6
cutlass_64x128_s4_sk16,32,6144,4096,24.8
cutlass_64x64_k64_s4,32,6144,4096,16.7
cutlass_64x64_k64_s3,32,6144,4096,16.7
cutlass_64x128_k64_s4,32,6144,4096,27.6
cutlass_64x128_k64_s3,32,6144,4096,27.6
cutlass_128x64_k64_s4,32,6144,4096,27.8
cutlass_128x64_k64_s3,32,6144,4096,27.8
cutlass_128x128_k64_s4,32,6144,4096,0.0
cutlass_128x128_k64_s3,32,6144,4096,54.8
cutlass_256x64_k64_s4,32,6144,4096,0.0
cutlass_256x64_k64_s3,32,6144,4096,0.0
cutlass_128x256_k64_s3,32,6144,4096,0.0
cutlass_32x64_k64_s4,32,6144,4096,16.5
cutlass_32x128_k64_s4,32,6144,4096,27.3
cutlass_64x64_k64_s4_sk2,32,6144,4096,23.7
cutlass_64x64_k64_s4_sk4,32,6144,4096,22.1
cutlass_64x64_k64_s4_sk8,32,6144,4096,25.1
cutlass_128x128_k64_s3_sk2,32,6144,4096,31.2
cutlass_128x128_k64_s3_sk4,32,6144,4096,38.0
cutlass_128x128_k64_s2,32,6144,4096,57.5
cutlass_64x64_k64_s2,32,6144,4096,25.2
cutlass_64x128_k64_s2,32,6144,4096,35.4
cutlass_128x64_k64_s2,32,6144,4096,35.8
cutlass_256x64_k64_s2,32,6144,4096,62.2
cutlass_256x128_s2,32,6144,4096,0.0
cutlass_64x64_s2,32,6144,4096,36.0
cutlass_64x128_s2,32,6144,4096,46.3
cutlass_128x64_s2,32,6144,4096,41.4
cutlass_128x128_s2,32,6144,4096,66.8
cutlass_128x256_s2,32,6144,4096,108.3
cutlass_256x64_s2,32,6144,4096,68.1
cublas,64,6144,4096,21.7
cutlass_32x64_s4,64,6144,4096,30.4
cutlass_32x64_s3,64,6144,4096,31.5
cutlass_32x128_s4,64,6144,4096,29.6
cutlass_32x128_s3,64,6144,4096,29.8
cutlass_32x256_s3,64,6144,4096,31.5
cutlass_64x64_s4,64,6144,4096,23.3
cutlass_64x64_s3,64,6144,4096,24.0
cutlass_64x128_s4,64,6144,4096,27.4
cutlass_64x128_s3,64,6144,4096,27.4
cutlass_128x64_s4,64,6144,4096,30.3
cutlass_128x64_s3,64,6144,4096,31.1
cutlass_128x128_s4,64,6144,4096,53.3
cutlass_128x128_s3,64,6144,4096,53.3
cutlass_128x256_s3,64,6144,4096,107.7
cutlass_256x64_s4,64,6144,4096,55.1
cutlass_256x64_s3,64,6144,4096,55.1
cutlass_64x64_s4_sk2,64,6144,4096,24.8
cutlass_64x64_s4_sk4,64,6144,4096,26.5
cutlass_64x64_s4_sk8,64,6144,4096,32.2
cutlass_128x128_s3_sk2,64,6144,4096,32.6
cutlass_128x128_s3_sk4,64,6144,4096,40.8
cutlass_128x128_s3_sk8,64,6144,4096,41.5
cutlass_64x128_s4_sk2,64,6144,4096,22.7
cutlass_64x128_s4_sk4,64,6144,4096,24.9
cutlass_64x128_s4_sk8,64,6144,4096,29.2
cutlass_32x64_s4_sk4,64,6144,4096,38.4
cutlass_32x64_s4_sk8,64,6144,4096,36.9
cutlass_32x64_s4_sk16,64,6144,4096,45.6
cutlass_128x128_s4_sk2,64,6144,4096,32.5
cutlass_128x128_s4_sk4,64,6144,4096,40.8
cutlass_128x128_s4_sk8,64,6144,4096,41.4
cutlass_128x64_s4_sk2,64,6144,4096,36.6
cutlass_128x64_s4_sk4,64,6144,4096,33.4
cutlass_128x64_s4_sk8,64,6144,4096,37.7
cutlass_256x64_s4_sk2,64,6144,4096,69.3
cutlass_256x64_s4_sk4,64,6144,4096,59.1
cutlass_64x64_s4_sk16,64,6144,4096,41.6
cutlass_64x128_s4_sk16,64,6144,4096,39.5
cutlass_64x64_k64_s4,64,6144,4096,21.5
cutlass_64x64_k64_s3,64,6144,4096,21.9
cutlass_64x128_k64_s4,64,6144,4096,27.9
cutlass_64x128_k64_s3,64,6144,4096,27.6
cutlass_128x64_k64_s4,64,6144,4096,28.4
cutlass_128x64_k64_s3,64,6144,4096,28.3
cutlass_128x128_k64_s4,64,6144,4096,0.0
cutlass_128x128_k64_s3,64,6144,4096,55.0
cutlass_256x64_k64_s4,64,6144,4096,0.0
cutlass_256x64_k64_s3,64,6144,4096,0.0
cutlass_128x256_k64_s3,64,6144,4096,0.0
cutlass_32x64_k64_s4,64,6144,4096,29.7
cutlass_32x128_k64_s4,64,6144,4096,27.6
cutlass_64x64_k64_s4_sk2,64,6144,4096,28.2
cutlass_64x64_k64_s4_sk4,64,6144,4096,28.5
cutlass_64x64_k64_s4_sk8,64,6144,4096,33.7
cutlass_128x128_k64_s3_sk2,64,6144,4096,32.7
cutlass_128x128_k64_s3_sk4,64,6144,4096,41.6
cutlass_128x128_k64_s2,64,6144,4096,56.8
cutlass_64x64_k64_s2,64,6144,4096,28.6
cutlass_64x128_k64_s2,64,6144,4096,37.8
cutlass_128x64_k64_s2,64,6144,4096,36.0
cutlass_256x64_k64_s2,64,6144,4096,62.0
cutlass_256x128_s2,64,6144,4096,0.0
cutlass_64x64_s2,64,6144,4096,41.6
cutlass_64x128_s2,64,6144,4096,49.8
cutlass_128x64_s2,64,6144,4096,43.7
cutlass_128x128_s2,64,6144,4096,66.9
cutlass_128x256_s2,64,6144,4096,108.9
cutlass_256x64_s2,64,6144,4096,68.1
cublas,128,6144,4096,35.8
cutlass_32x64_s4,128,6144,4096,57.2
cutlass_32x64_s3,128,6144,4096,58.0
cutlass_32x128_s4,128,6144,4096,47.5
cutlass_32x128_s3,128,6144,4096,48.5
cutlass_32x256_s3,128,6144,4096,45.0
cutlass_64x64_s4,128,6144,4096,43.5
cutlass_64x64_s3,128,6144,4096,44.3
cutlass_64x128_s4,128,6144,4096,34.4
cutlass_64x128_s3,128,6144,4096,35.3
cutlass_128x64_s4,128,6144,4096,37.0
cutlass_128x64_s3,128,6144,4096,38.0
cutlass_128x128_s4,128,6144,4096,53.4
cutlass_128x128_s3,128,6144,4096,53.4
cutlass_128x256_s3,128,6144,4096,108.0
cutlass_256x64_s4,128,6144,4096,57.4
cutlass_256x64_s3,128,6144,4096,57.3
cutlass_64x64_s4_sk2,128,6144,4096,46.2
cutlass_64x64_s4_sk4,128,6144,4096,51.6
cutlass_64x64_s4_sk8,128,6144,4096,59.5
cutlass_128x128_s3_sk2,128,6144,4096,38.2
cutlass_128x128_s3_sk4,128,6144,4096,48.6
cutlass_128x128_s3_sk8,128,6144,4096,55.5
cutlass_64x128_s4_sk2,128,6144,4096,41.7
cutlass_64x128_s4_sk4,128,6144,4096,44.7
cutlass_64x128_s4_sk8,128,6144,4096,54.3
cutlass_32x64_s4_sk4,128,6144,4096,65.0
cutlass_32x64_s4_sk8,128,6144,4096,71.2
cutlass_32x64_s4_sk16,128,6144,4096,106.7
cutlass_128x128_s4_sk2,128,6144,4096,37.6
cutlass_128x128_s4_sk4,128,6144,4096,49.0
cutlass_128x128_s4_sk8,128,6144,4096,55.7
cutlass_128x64_s4_sk2,128,6144,4096,41.9
cutlass_128x64_s4_sk4,128,6144,4096,46.4
cutlass_128x64_s4_sk8,128,6144,4096,54.8
cutlass_256x64_s4_sk2,128,6144,4096,73.8
cutlass_256x64_s4_sk4,128,6144,4096,68.1
cutlass_64x64_s4_sk16,128,6144,4096,91.8
cutlass_64x128_s4_sk16,128,6144,4096,86.5
cutlass_64x64_k64_s4,128,6144,4096,54.4
cutlass_64x64_k64_s3,128,6144,4096,42.2
cutlass_64x128_k64_s4,128,6144,4096,31.2
cutlass_64x128_k64_s3,128,6144,4096,31.7
cutlass_128x64_k64_s4,128,6144,4096,35.0
cutlass_128x64_k64_s3,128,6144,4096,34.8
cutlass_128x128_k64_s4,128,6144,4096,0.0
cutlass_128x128_k64_s3,128,6144,4096,55.5
cutlass_256x64_k64_s4,128,6144,4096,0.0
cutlass_256x64_k64_s3,128,6144,4096,0.0
cutlass_128x256_k64_s3,128,6144,4096,0.0
cutlass_32x64_k64_s4,128,6144,4096,77.4
cutlass_32x128_k64_s4,128,6144,4096,63.4
cutlass_64x64_k64_s4_sk2,128,6144,4096,47.7
cutlass_64x64_k64_s4_sk4,128,6144,4096,52.0
cutlass_64x64_k64_s4_sk8,128,6144,4096,59.3
cutlass_128x128_k64_s3_sk2,128,6144,4096,36.9
cutlass_128x128_k64_s3_sk4,128,6144,4096,49.7
cutlass_128x128_k64_s2,128,6144,4096,56.9
cutlass_64x64_k64_s2,128,6144,4096,44.1
cutlass_64x128_k64_s2,128,6144,4096,41.0
cutlass_128x64_k64_s2,128,6144,4096,41.3
cutlass_256x64_k64_s2,128,6144,4096,62.7
cutlass_256x128_s2,128,6144,4096,0.0
cutlass_64x64_s2,128,6144,4096,49.6
cutlass_64x128_s2,128,6144,4096,51.5
cutlass_128x64_s2,128,6144,4096,53.8
cutlass_128x128_s2,128,6144,4096,67.4
cutlass_128x256_s2,128,6144,4096,109.7
cutlass_256x64_s2,128,6144,4096,68.8
cublas,256,6144,4096,55.6
cutlass_32x64_s4,256,6144,4096,132.9
cutlass_32x64_s3,256,6144,4096,164.9
cutlass_32x128_s4,256,6144,4096,125.9
cutlass_32x128_s3,256,6144,4096,91.8
cutlass_32x256_s3,256,6144,4096,112.7
cutlass_64x64_s4,256,6144,4096,81.5
cutlass_64x64_s3,256,6144,4096,82.1
cutlass_64x128_s4,256,6144,4096,70.8
cutlass_64x128_s3,256,6144,4096,70.2
cutlass_128x64_s4,256,6144,4096,69.1
cutlass_128x64_s3,256,6144,4096,67.3
cutlass_128x128_s4,256,6144,4096,56.1
cutlass_128x128_s3,256,6144,4096,56.0
cutlass_128x256_s3,256,6144,4096,111.5
cutlass_256x64_s4,256,6144,4096,61.3
cutlass_256x64_s3,256,6144,4096,62.1
cutlass_64x64_s4_sk2,256,6144,4096,89.6
cutlass_64x64_s4_sk4,256,6144,4096,95.4
cutlass_64x64_s4_sk8,256,6144,4096,120.0
cutlass_128x128_s3_sk2,256,6144,4096,82.5
cutlass_128x128_s3_sk4,256,6144,4096,81.4
cutlass_128x128_s3_sk8,256,6144,4096,119.3
cutlass_64x128_s4_sk2,256,6144,4096,76.0
cutlass_64x128_s4_sk4,256,6144,4096,84.5
cutlass_64x128_s4_sk8,256,6144,4096,111.1
cutlass_32x64_s4_sk4,256,6144,4096,126.0
cutlass_32x64_s4_sk8,256,6144,4096,146.0
cutlass_32x64_s4_sk16,256,6144,4096,332.7
cutlass_128x128_s4_sk2,256,6144,4096,80.7
cutlass_128x128_s4_sk4,256,6144,4096,82.1
cutlass_128x128_s4_sk8,256,6144,4096,113.6
cutlass_128x64_s4_sk2,256,6144,4096,78.1
cutlass_128x64_s4_sk4,256,6144,4096,85.9
cutlass_128x64_s4_sk8,256,6144,4096,108.9
cutlass_256x64_s4_sk2,256,6144,4096,84.9
cutlass_256x64_s4_sk4,256,6144,4096,86.4
cutlass_64x64_s4_sk16,256,6144,4096,327.2
cutlass_64x128_s4_sk16,256,6144,4096,322.5
cutlass_64x64_k64_s4,256,6144,4096,81.4
cutlass_64x64_k64_s3,256,6144,4096,101.7
cutlass_64x128_k64_s4,256,6144,4096,83.1
cutlass_64x128_k64_s3,256,6144,4096,80.6
cutlass_128x64_k64_s4,256,6144,4096,78.0
cutlass_128x64_k64_s3,256,6144,4096,80.8
cutlass_128x128_k64_s4,256,6144,4096,0.0
cutlass_128x128_k64_s3,256,6144,4096,56.2
cutlass_256x64_k64_s4,256,6144,4096,0.0
cutlass_256x64_k64_s3,256,6144,4096,0.0
cutlass_128x256_k64_s3,256,6144,4096,0.0
cutlass_32x64_k64_s4,256,6144,4096,118.7
cutlass_32x128_k64_s4,256,6144,4096,100.2
cutlass_64x64_k64_s4_sk2,256,6144,4096,91.4
cutlass_64x64_k64_s4_sk4,256,6144,4096,96.7
cutlass_64x64_k64_s4_sk8,256,6144,4096,139.9
cutlass_128x128_k64_s3_sk2,256,6144,4096,82.0
cutlass_128x128_k64_s3_sk4,256,6144,4096,80.2
cutlass_128x128_k64_s2,256,6144,4096,60.4
cutlass_64x64_k64_s2,256,6144,4096,80.8
cutlass_64x128_k64_s2,256,6144,4096,78.4
cutlass_128x64_k64_s2,256,6144,4096,78.5
cutlass_256x64_k64_s2,256,6144,4096,67.2
cutlass_256x128_s2,256,6144,4096,0.0
cutlass_64x64_s2,256,6144,4096,84.0
cutlass_64x128_s2,256,6144,4096,77.8
cutlass_128x64_s2,256,6144,4096,78.3
cutlass_128x128_s2,256,6144,4096,71.6
cutlass_128x256_s2,256,6144,4096,117.7
cutlass_256x64_s2,256,6144,4096,76.3
cublas,512,6144,4096,113.7
cutlass_32x64_s4,512,6144,4096,230.6
cutlass_32x64_s3,512,6144,4096,265.6
cutlass_32x128_s4,512,6144,4096,195.6
cutlass_32x128_s3,512,6144,4096,193.5
cutlass_32x256_s3,512,6144,4096,178.3
cutlass_64x64_s4,512,6144,4096,169.6
cutlass_64x64_s3,512,6144,4096,188.6
cutlass_64x128_s4,512,6144,4096,131.5
cutlass_64x128_s3,512,6144,4096,146.6
cutlass_128x64_s4,512,6144,4096,146.0
cutlass_128x64_s3,512,6144,4096,160.5
cutlass_128x128_s4,512,6144,4096,132.9
cutlass_128x128_s3,512,6144,4096,133.5
cutlass_128x256_s3,512,6144,4096,117.1
cutlass_256x64_s4,512,6144,4096,143.3
cutlass_256x64_s3,512,6144,4096,145.7
cutlass_64x64_s4_sk2,512,6144,4096,168.6
cutlass_64x64_s4_sk4,512,6144,4096,195.1
cutlass_64x64_s4_sk8,512,6144,4096,343.4
cutlass_128x128_s3_sk2,512,6144,4096,133.1
cutlass_128x128_s3_sk4,512,6144,4096,183.7
cutlass_128x128_s3_sk8,512,6144,4096,362.0
cutlass_64x128_s4_sk2,512,6144,4096,149.4
cutlass_64x128_s4_sk4,512,6144,4096,169.5
cutlass_64x128_s4_sk8,512,6144,4096,341.6
cutlass_32x64_s4_sk4,512,6144,4096,258.0
cutlass_32x64_s4_sk8,512,6144,4096,403.3
cutlass_32x64_s4_sk16,512,6144,4096,711.4
cutlass_128x128_s4_sk2,512,6144,4096,133.9
cutlass_128x128_s4_sk4,512,6144,4096,173.9
cutlass_128x128_s4_sk8,512,6144,4096,331.6
cutlass_128x64_s4_sk2,512,6144,4096,148.4
cutlass_128x64_s4_sk4,512,6144,4096,170.3
cutlass_128x64_s4_sk8,512,6144,4096,340.6
cutlass_256x64_s4_sk2,512,6144,4096,142.5
cutlass_256x64_s4_sk4,512,6144,4096,179.3
cutlass_64x64_s4_sk16,512,6144,4096,691.3
cutlass_64x128_s4_sk16,512,6144,4096,688.3
cutlass_64x64_k64_s4,512,6144,4096,159.9
cutlass_64x64_k64_s3,512,6144,4096,156.8
cutlass_64x128_k64_s4,512,6144,4096,130.2
cutlass_64x128_k64_s3,512,6144,4096,126.9
cutlass_128x64_k64_s4,512,6144,4096,130.1
cutlass_128x64_k64_s3,512,6144,4096,125.3
cutlass_128x128_k64_s4,512,6144,4096,0.0
cutlass_128x128_k64_s3,512,6144,4096,129.9
cutlass_256x64_k64_s4,512,6144,4096,0.0
cutlass_256x64_k64_s3,512,6144,4096,0.0
cutlass_128x256_k64_s3,512,6144,4096,0.0
cutlass_32x64_k64_s4,512,6144,4096,241.6
cutlass_32x128_k64_s4,512,6144,4096,207.2
cutlass_64x64_k64_s4_sk2,512,6144,4096,169.6
cutlass_64x64_k64_s4_sk4,512,6144,4096,223.8
cutlass_64x64_k64_s4_sk8,512,6144,4096,381.0
cutlass_128x128_k64_s3_sk2,512,6144,4096,131.0
cutlass_128x128_k64_s3_sk4,512,6144,4096,164.5
cutlass_128x128_k64_s2,512,6144,4096,138.8
cutlass_64x64_k64_s2,512,6144,4096,164.3
cutlass_64x128_k64_s2,512,6144,4096,137.2
cutlass_128x64_k64_s2,512,6144,4096,143.2
cutlass_256x64_k64_s2,512,6144,4096,156.2
cutlass_256x128_s2,512,6144,4096,0.0
cutlass_64x64_s2,512,6144,4096,194.8
cutlass_64x128_s2,512,6144,4096,134.7
cutlass_128x64_s2,512,6144,4096,133.7
cutlass_128x128_s2,512,6144,4096,156.3
cutlass_128x256_s2,512,6144,4096,118.1
cutlass_256x64_s2,512,6144,4096,162.9
cublas,1024,6144,4096,245.0
cutlass_32x64_s4,1024,6144,4096,448.8
cutlass_32x64_s3,1024,6144,4096,459.6
cutlass_32x128_s4,1024,6144,4096,384.4
cutlass_32x128_s3,1024,6144,4096,379.3
cutlass_32x256_s3,1024,6144,4096,358.2
cutlass_64x64_s4,1024,6144,4096,312.6
cutlass_64x64_s3,1024,6144,4096,324.1
cutlass_64x128_s4,1024,6144,4096,250.6
cutlass_64x128_s3,1024,6144,4096,251.0
cutlass_128x64_s4,1024,6144,4096,253.0
cutlass_128x64_s3,1024,6144,4096,255.2
cutlass_128x128_s4,1024,6144,4096,205.1
cutlass_128x128_s3,1024,6144,4096,202.9
cutlass_128x256_s3,1024,6144,4096,259.8
cutlass_256x64_s4,1024,6144,4096,227.1
cutlass_256x64_s3,1024,6144,4096,229.1
cutlass_64x64_s4_sk2,1024,6144,4096,367.7
cutlass_64x64_s4_sk4,1024,6144,4096,487.9
cutlass_64x64_s4_sk8,1024,6144,4096,757.7
cutlass_128x128_s3_sk2,1024,6144,4096,309.5
cutlass_128x128_s3_sk4,1024,6144,4096,456.4
cutlass_128x128_s3_sk8,1024,6144,4096,784.9
cutlass_64x128_s4_sk2,1024,6144,4096,301.9
cutlass_64x128_s4_sk4,1024,6144,4096,423.3
cutlass_64x128_s4_sk8,1024,6144,4096,718.1
cutlass_32x64_s4_sk4,1024,6144,4096,597.4
cutlass_32x64_s4_sk8,1024,6144,4096,854.2
cutlass_32x64_s4_sk16,1024,6144,4096,1377.1
cutlass_128x128_s4_sk2,1024,6144,4096,293.6
cutlass_128x128_s4_sk4,1024,6144,4096,424.2
cutlass_128x128_s4_sk8,1024,6144,4096,730.9
cutlass_128x64_s4_sk2,1024,6144,4096,303.1
cutlass_128x64_s4_sk4,1024,6144,4096,425.3
cutlass_128x64_s4_sk8,1024,6144,4096,720.9
cutlass_256x64_s4_sk2,1024,6144,4096,309.4
cutlass_256x64_s4_sk4,1024,6144,4096,437.4
cutlass_64x64_s4_sk16,1024,6144,4096,1346.8
cutlass_64x128_s4_sk16,1024,6144,4096,1336.7
cutlass_64x64_k64_s4,1024,6144,4096,301.1
cutlass_64x64_k64_s3,1024,6144,4096,303.3
cutlass_64x128_k64_s4,1024,6144,4096,252.9
cutlass_64x128_k64_s3,1024,6144,4096,249.7
cutlass_128x64_k64_s4,1024,6144,4096,253.9
cutlass_128x64_k64_s3,1024,6144,4096,248.5
cutlass_128x128_k64_s4,1024,6144,4096,0.0
cutlass_128x128_k64_s3,1024,6144,4096,206.6
cutlass_256x64_k64_s4,1024,6144,4096,0.0
cutlass_256x64_k64_s3,1024,6144,4096,0.0
cutlass_128x256_k64_s3,1024,6144,4096,0.0
cutlass_32x64_k64_s4,1024,6144,4096,466.2
cutlass_32x128_k64_s4,1024,6144,4096,387.9
cutlass_64x64_k64_s4_sk2,1024,6144,4096,382.6
cutlass_64x64_k64_s4_sk4,1024,6144,4096,511.1
cutlass_64x64_k64_s4_sk8,1024,6144,4096,793.9
cutlass_128x128_k64_s3_sk2,1024,6144,4096,289.7
cutlass_128x128_k64_s3_sk4,1024,6144,4096,414.2
cutlass_128x128_k64_s2,1024,6144,4096,226.7
cutlass_64x64_k64_s2,1024,6144,4096,322.7
cutlass_64x128_k64_s2,1024,6144,4096,246.5
cutlass_128x64_k64_s2,1024,6144,4096,258.4
cutlass_256x64_k64_s2,1024,6144,4096,260.2
cutlass_256x128_s2,1024,6144,4096,0.0
cutlass_64x64_s2,1024,6144,4096,321.2
cutlass_64x128_s2,1024,6144,4096,256.7
cutlass_128x64_s2,1024,6144,4096,265.1
cutlass_128x128_s2,1024,6144,4096,244.9
cutlass_128x256_s2,1024,6144,4096,262.5
cutlass_256x64_s2,1024,6144,4096,250.5
cublas,2048,6144,4096,369.6
cutlass_32x64_s4,2048,6144,4096,923.7
cutlass_32x64_s3,2048,6144,4096,908.9
cutlass_32x128_s4,2048,6144,4096,762.8
cutlass_32x128_s3,2048,6144,4096,772.1
cutlass_32x256_s3,2048,6144,4096,697.5
cutlass_64x64_s4,2048,6144,4096,623.9
cutlass_64x64_s3,2048,6144,4096,635.0
cutlass_64x128_s4,2048,6144,4096,477.6
cutlass_64x128_s3,2048,6144,4096,491.8
cutlass_128x64_s4,2048,6144,4096,472.3
cutlass_128x64_s3,2048,6144,4096,491.9
cutlass_128x128_s4,2048,6144,4096,402.6
cutlass_128x128_s3,2048,6144,4096,405.4
cutlass_128x256_s3,2048,6144,4096,406.3
cutlass_256x64_s4,2048,6144,4096,436.4
cutlass_256x64_s3,2048,6144,4096,443.1
cutlass_64x64_s4_sk2,2048,6144,4096,814.5
cutlass_64x64_s4_sk4,2048,6144,4096,1024.5
cutlass_64x64_s4_sk8,2048,6144,4096,1505.3
cutlass_128x128_s3_sk2,2048,6144,4096,687.3
cutlass_128x128_s3_sk4,2048,6144,4096,985.3
cutlass_128x128_s3_sk8,2048,6144,4096,1573.3
cutlass_64x128_s4_sk2,2048,6144,4096,689.8
cutlass_64x128_s4_sk4,2048,6144,4096,916.0
cutlass_64x128_s4_sk8,2048,6144,4096,1408.6
cutlass_32x64_s4_sk4,2048,6144,4096,1259.8
cutlass_32x64_s4_sk8,2048,6144,4096,1690.0
cutlass_32x64_s4_sk16,2048,6144,4096,2700.9
cutlass_128x128_s4_sk2,2048,6144,4096,654.7
cutlass_128x128_s4_sk4,2048,6144,4096,926.1
cutlass_128x128_s4_sk8,2048,6144,4096,1441.3
cutlass_128x64_s4_sk2,2048,6144,4096,688.6
cutlass_128x64_s4_sk4,2048,6144,4096,925.3
cutlass_128x64_s4_sk8,2048,6144,4096,1424.7
cutlass_256x64_s4_sk2,2048,6144,4096,678.6
cutlass_256x64_s4_sk4,2048,6144,4096,954.5
cutlass_64x64_s4_sk16,2048,6144,4096,2634.5
cutlass_64x128_s4_sk16,2048,6144,4096,2628.1
cutlass_64x64_k64_s4,2048,6144,4096,596.5
cutlass_64x64_k64_s3,2048,6144,4096,592.1
cutlass_64x128_k64_s4,2048,6144,4096,474.8
cutlass_64x128_k64_s3,2048,6144,4096,479.9
cutlass_128x64_k64_s4,2048,6144,4096,471.0
cutlass_128x64_k64_s3,2048,6144,4096,469.4
cutlass_128x128_k64_s4,2048,6144,4096,0.0
cutlass_128x128_k64_s3,2048,6144,4096,405.3
cutlass_256x64_k64_s4,2048,6144,4096,0.0
cutlass_256x64_k64_s3,2048,6144,4096,0.0
cutlass_128x256_k64_s3,2048,6144,4096,0.0
cutlass_32x64_k64_s4,2048,6144,4096,926.0
cutlass_32x128_k64_s4,2048,6144,4096,765.7
cutlass_64x64_k64_s4_sk2,2048,6144,4096,808.4
cutlass_64x64_k64_s4_sk4,2048,6144,4096,1044.4
cutlass_64x64_k64_s4_sk8,2048,6144,4096,1547.8
cutlass_128x128_k64_s3_sk2,2048,6144,4096,634.6
cutlass_128x128_k64_s3_sk4,2048,6144,4096,888.2
cutlass_128x128_k64_s2,2048,6144,4096,460.7
cutlass_64x64_k64_s2,2048,6144,4096,650.5
cutlass_64x128_k64_s2,2048,6144,4096,505.3
cutlass_128x64_k64_s2,2048,6144,4096,501.2
cutlass_256x64_k64_s2,2048,6144,4096,515.9
cutlass_256x128_s2,2048,6144,4096,0.0
cutlass_64x64_s2,2048,6144,4096,652.7
cutlass_64x128_s2,2048,6144,4096,519.8
cutlass_128x64_s2,2048,6144,4096,517.8
cutlass_128x128_s2,2048,6144,4096,499.7
cutlass_128x256_s2,2048,6144,4096,392.7
cutlass_256x64_s2,2048,6144,4096,489.4
cublas,4096,6144,4096,766.9
cutlass_32x64_s4,4096,6144,4096,1900.3
cutlass_32x64_s3,4096,6144,4096,1802.5
cutlass_32x128_s4,4096,6144,4096,1538.9
cutlass_32x128_s3,4096,6144,4096,1538.2
cutlass_32x256_s3,4096,6144,4096,1384.2
cutlass_64x64_s4,4096,6144,4096,1235.1
cutlass_64x64_s3,4096,6144,4096,1259.0
cutlass_64x128_s4,4096,6144,4096,970.3
cutlass_64x128_s3,4096,6144,4096,995.8
cutlass_128x64_s4,4096,6144,4096,948.4
cutlass_128x64_s3,4096,6144,4096,963.8
cutlass_128x128_s4,4096,6144,4096,750.9
cutlass_128x128_s3,4096,6144,4096,818.5
cutlass_128x256_s3,4096,6144,4096,850.6
cutlass_256x64_s4,4096,6144,4096,809.9
cutlass_256x64_s3,4096,6144,4096,847.1
cutlass_64x64_s4_sk2,4096,6144,4096,1692.2
cutlass_64x64_s4_sk4,4096,6144,4096,2062.2
cutlass_64x64_s4_sk8,4096,6144,4096,2952.9
cutlass_128x128_s3_sk2,4096,6144,4096,1407.9
cutlass_128x128_s3_sk4,4096,6144,4096,1996.5
cutlass_128x128_s3_sk8,4096,6144,4096,3131.8
cutlass_64x128_s4_sk2,4096,6144,4096,1421.4
cutlass_64x128_s4_sk4,4096,6144,4096,1841.8
cutlass_64x128_s4_sk8,4096,6144,4096,2765.4
cutlass_32x64_s4_sk4,4096,6144,4096,2522.0
cutlass_32x64_s4_sk8,4096,6144,4096,3316.2
cutlass_32x64_s4_sk16,4096,6144,4096,5298.1
cutlass_128x128_s4_sk2,4096,6144,4096,1355.0
cutlass_128x128_s4_sk4,4096,6144,4096,1864.2
cutlass_128x128_s4_sk8,4096,6144,4096,2840.3
cutlass_128x64_s4_sk2,4096,6144,4096,1415.5
cutlass_128x64_s4_sk4,4096,6144,4096,1845.7
cutlass_128x64_s4_sk8,4096,6144,4096,2810.7
cutlass_256x64_s4_sk2,4096,6144,4096,1420.8
cutlass_256x64_s4_sk4,4096,6144,4096,1903.0
cutlass_64x64_s4_sk16,4096,6144,4096,5145.2
cutlass_64x128_s4_sk16,4096,6144,4096,5152.5
cutlass_64x64_k64_s4,4096,6144,4096,1185.5
cutlass_64x64_k64_s3,4096,6144,4096,1190.8
cutlass_64x128_k64_s4,4096,6144,4096,952.1
cutlass_64x128_k64_s3,4096,6144,4096,952.2
cutlass_128x64_k64_s4,4096,6144,4096,941.1
cutlass_128x64_k64_s3,4096,6144,4096,940.7
cutlass_128x128_k64_s4,4096,6144,4096,0.0
cutlass_128x128_k64_s3,4096,6144,4096,721.0
cutlass_256x64_k64_s4,4096,6144,4096,0.0
cutlass_256x64_k64_s3,4096,6144,4096,0.0
cutlass_128x256_k64_s3,4096,6144,4096,0.0
cutlass_32x64_k64_s4,4096,6144,4096,1807.3
cutlass_32x128_k64_s4,4096,6144,4096,1472.7
cutlass_64x64_k64_s4_sk2,4096,6144,4096,1628.9
cutlass_64x64_k64_s4_sk4,4096,6144,4096,2058.4
cutlass_64x64_k64_s4_sk8,4096,6144,4096,3024.2
cutlass_128x128_k64_s3_sk2,4096,6144,4096,1316.1
cutlass_128x128_k64_s3_sk4,4096,6144,4096,1774.1
cutlass_128x128_k64_s2,4096,6144,4096,814.4
cutlass_64x64_k64_s2,4096,6144,4096,1297.0
cutlass_64x128_k64_s2,4096,6144,4096,986.1
cutlass_128x64_k64_s2,4096,6144,4096,963.0
cutlass_256x64_k64_s2,4096,6144,4096,977.8
cutlass_256x128_s2,4096,6144,4096,0.0
cutlass_64x64_s2,4096,6144,4096,1271.4
cutlass_64x128_s2,4096,6144,4096,1069.7
cutlass_128x64_s2,4096,6144,4096,1016.7
cutlass_128x128_s2,4096,6144,4096,1006.3
cutlass_128x256_s2,4096,6144,4096,801.5
cutlass_256x64_s2,4096,6144,4096,979.7
cublas,1,11008,4096,26.1
cutlass_32x64_s4,1,11008,4096,24.3
cutlass_32x64_s3,1,11008,4096,25.0
cutlass_32x128_s4,1,11008,4096,35.6
cutlass_32x128_s3,1,11008,4096,35.4
cutlass_32x256_s3,1,11008,4096,37.1
cutlass_64x64_s4,1,11008,4096,34.4
cutlass_64x64_s3,1,11008,4096,32.7
cutlass_64x128_s4,1,11008,4096,32.5
cutlass_64x128_s3,1,11008,4096,32.5
cutlass_128x64_s4,1,11008,4096,64.7
cutlass_128x64_s3,1,11008,4096,64.8
cutlass_128x128_s4,1,11008,4096,57.9
cutlass_128x128_s3,1,11008,4096,57.9
cutlass_128x256_s3,1,11008,4096,117.0
cutlass_256x64_s4,1,11008,4096,122.4
cutlass_256x64_s3,1,11008,4096,124.6
cutlass_64x64_s4_sk2,1,11008,4096,30.4
cutlass_64x64_s4_sk4,1,11008,4096,28.2
cutlass_64x64_s4_sk8,1,11008,4096,30.2
cutlass_128x128_s3_sk2,1,11008,4096,67.0
cutlass_128x128_s3_sk4,1,11008,4096,55.5
cutlass_128x128_s3_sk8,1,11008,4096,51.9
cutlass_64x128_s4_sk2,1,11008,4096,35.6
cutlass_64x128_s4_sk4,1,11008,4096,29.7
cutlass_64x128_s4_sk8,1,11008,4096,27.7
cutlass_32x64_s4_sk4,1,11008,4096,26.6
cutlass_32x64_s4_sk8,1,11008,4096,23.9
cutlass_32x64_s4_sk16,1,11008,4096,23.6
cutlass_128x128_s4_sk2,1,11008,4096,66.3
cutlass_128x128_s4_sk4,1,11008,4096,54.9
cutlass_128x128_s4_sk8,1,11008,4096,51.7
cutlass_128x64_s4_sk2,1,11008,4096,52.6
cutlass_128x64_s4_sk4,1,11008,4096,46.1
cutlass_128x64_s4_sk8,1,11008,4096,49.2
cutlass_256x64_s4_sk2,1,11008,4096,100.9
cutlass_256x64_s4_sk4,1,11008,4096,91.8
cutlass_64x64_s4_sk16,1,11008,4096,33.3
cutlass_64x128_s4_sk16,1,11008,4096,30.6
cutlass_64x64_k64_s4,1,11008,4096,34.9
cutlass_64x64_k64_s3,1,11008,4096,32.9
cutlass_64x128_k64_s4,1,11008,4096,28.1
cutlass_64x128_k64_s3,1,11008,4096,29.8
cutlass_128x64_k64_s4,1,11008,4096,61.8
cutlass_128x64_k64_s3,1,11008,4096,61.8
cutlass_128x128_k64_s4,1,11008,4096,0.0
cutlass_128x128_k64_s3,1,11008,4096,59.2
cutlass_256x64_k64_s4,1,11008,4096,0.0
cutlass_256x64_k64_s3,1,11008,4096,0.0
cutlass_128x256_k64_s3,1,11008,4096,0.0
cutlass_32x64_k64_s4,1,11008,4096,20.3
cutlass_32x128_k64_s4,1,11008,4096,29.6
cutlass_64x64_k64_s4_sk2,1,11008,4096,32.1
cutlass_64x64_k64_s4_sk4,1,11008,4096,30.3
cutlass_64x64_k64_s4_sk8,1,11008,4096,34.8
cutlass_128x128_k64_s3_sk2,1,11008,4096,65.9
cutlass_128x128_k64_s3_sk4,1,11008,4096,53.5
cutlass_128x128_k64_s2,1,11008,4096,59.3
cutlass_64x64_k64_s2,1,11008,4096,38.2
cutlass_64x128_k64_s2,1,11008,4096,36.6
cutlass_128x64_k64_s2,1,11008,4096,67.4
cutlass_256x64_k64_s2,1,11008,4096,133.2
cutlass_256x128_s2,1,11008,4096,0.0
cutlass_64x64_s2,1,11008,4096,37.4
cutlass_64x128_s2,1,11008,4096,45.7
cutlass_128x64_s2,1,11008,4096,70.3
cutlass_128x128_s2,1,11008,4096,67.7
cutlass_128x256_s2,1,11008,4096,110.2
cutlass_256x64_s2,1,11008,4096,144.7
cutlass_gemv,1,11008,4096,16.9
cublas,2,11008,4096,23.2
cutlass_32x64_s4,2,11008,4096,21.2
cutlass_32x64_s3,2,11008,4096,21.9
cutlass_32x128_s4,2,11008,4096,29.5
cutlass_32x128_s3,2,11008,4096,29.5
cutlass_32x256_s3,2,11008,4096,31.6
cutlass_64x64_s4,2,11008,4096,35.8
cutlass_64x64_s3,2,11008,4096,34.5
cutlass_64x128_s4,2,11008,4096,28.0
cutlass_64x128_s3,2,11008,4096,27.8
cutlass_128x64_s4,2,11008,4096,65.4
cutlass_128x64_s3,2,11008,4096,65.5
cutlass_128x128_s4,2,11008,4096,53.6
cutlass_128x128_s3,2,11008,4096,53.6
cutlass_128x256_s3,2,11008,4096,108.4
cutlass_256x64_s4,2,11008,4096,129.1
cutlass_256x64_s3,2,11008,4096,129.0
cutlass_64x64_s4_sk2,2,11008,4096,30.7
cutlass_64x64_s4_sk4,2,11008,4096,28.1
cutlass_64x64_s4_sk8,2,11008,4096,30.1
cutlass_128x128_s3_sk2,2,11008,4096,67.4
cutlass_128x128_s3_sk4,2,11008,4096,56.0
cutlass_128x128_s3_sk8,2,11008,4096,55.4
cutlass_64x128_s4_sk2,2,11008,4096,35.1
cutlass_64x128_s4_sk4,2,11008,4096,29.8
cutlass_64x128_s4_sk8,2,11008,4096,28.8
cutlass_32x64_s4_sk4,2,11008,4096,27.6
cutlass_32x64_s4_sk8,2,11008,4096,24.5
cutlass_32x64_s4_sk16,2,11008,4096,24.8
cutlass_128x128_s4_sk2,2,11008,4096,67.1
cutlass_128x128_s4_sk4,2,11008,4096,55.9
cutlass_128x128_s4_sk8,2,11008,4096,55.1
cutlass_128x64_s4_sk2,2,11008,4096,53.9
cutlass_128x64_s4_sk4,2,11008,4096,49.2
cutlass_128x64_s4_sk8,2,11008,4096,51.1
cutlass_256x64_s4_sk2,2,11008,4096,103.4
cutlass_256x64_s4_sk4,2,11008,4096,93.6
cutlass_64x64_s4_sk16,2,11008,4096,33.3
cutlass_64x128_s4_sk16,2,11008,4096,30.1
cutlass_64x64_k64_s4,2,11008,4096,35.2
cutlass_64x64_k64_s3,2,11008,4096,33.1
cutlass_64x128_k64_s4,2,11008,4096,29.7
cutlass_64x128_k64_s3,2,11008,4096,29.6
cutlass_128x64_k64_s4,2,11008,4096,63.0
cutlass_128x64_k64_s3,2,11008,4096,63.6
cutlass_128x128_k64_s4,2,11008,4096,0.0
cutlass_128x128_k64_s3,2,11008,4096,58.8
cutlass_256x64_k64_s4,2,11008,4096,0.0
cutlass_256x64_k64_s3,2,11008,4096,0.0
cutlass_128x256_k64_s3,2,11008,4096,0.0
cutlass_32x64_k64_s4,2,11008,4096,20.3
cutlass_32x128_k64_s4,2,11008,4096,29.4
cutlass_64x64_k64_s4_sk2,2,11008,4096,33.1
cutlass_64x64_k64_s4_sk4,2,11008,4096,30.9
cutlass_64x64_k64_s4_sk8,2,11008,4096,35.3
cutlass_128x128_k64_s3_sk2,2,11008,4096,65.8
cutlass_128x128_k64_s3_sk4,2,11008,4096,54.9
cutlass_128x128_k64_s2,2,11008,4096,59.3
cutlass_64x64_k64_s2,2,11008,4096,39.2
cutlass_64x128_k64_s2,2,11008,4096,36.7
cutlass_128x64_k64_s2,2,11008,4096,68.0
cutlass_256x64_k64_s2,2,11008,4096,135.5
cutlass_256x128_s2,2,11008,4096,0.0
cutlass_64x64_s2,2,11008,4096,37.8
cutlass_64x128_s2,2,11008,4096,45.6
cutlass_128x64_s2,2,11008,4096,72.5
cutlass_128x128_s2,2,11008,4096,68.1
cutlass_128x256_s2,2,11008,4096,110.2
cutlass_256x64_s2,2,11008,4096,147.4
cublas,4,11008,4096,23.4
cutlass_32x64_s4,4,11008,4096,21.3
cutlass_32x64_s3,4,11008,4096,21.9
cutlass_32x128_s4,4,11008,4096,29.6
cutlass_32x128_s3,4,11008,4096,29.5
cutlass_32x256_s3,4,11008,4096,31.6
cutlass_64x64_s4,4,11008,4096,35.8
cutlass_64x64_s3,4,11008,4096,34.6
cutlass_64x128_s4,4,11008,4096,28.2
cutlass_64x128_s3,4,11008,4096,28.1
cutlass_128x64_s4,4,11008,4096,65.5
cutlass_128x64_s3,4,11008,4096,65.5
cutlass_128x128_s4,4,11008,4096,53.6
cutlass_128x128_s3,4,11008,4096,53.6
cutlass_128x256_s3,4,11008,4096,108.4
cutlass_256x64_s4,4,11008,4096,129.5
cutlass_256x64_s3,4,11008,4096,129.5
cutlass_64x64_s4_sk2,4,11008,4096,30.9
cutlass_64x64_s4_sk4,4,11008,4096,28.4
cutlass_64x64_s4_sk8,4,11008,4096,30.6
cutlass_128x128_s3_sk2,4,11008,4096,67.5
cutlass_128x128_s3_sk4,4,11008,4096,56.1
cutlass_128x128_s3_sk8,4,11008,4096,56.2
cutlass_64x128_s4_sk2,4,11008,4096,35.4
cutlass_64x128_s4_sk4,4,11008,4096,30.0
cutlass_64x128_s4_sk8,4,11008,4096,29.4
cutlass_32x64_s4_sk4,4,11008,4096,28.0
cutlass_32x64_s4_sk8,4,11008,4096,25.0
cutlass_32x64_s4_sk16,4,11008,4096,25.6
cutlass_128x128_s4_sk2,4,11008,4096,67.5
cutlass_128x128_s4_sk4,4,11008,4096,56.1
cutlass_128x128_s4_sk8,4,11008,4096,53.5
cutlass_128x64_s4_sk2,4,11008,4096,54.1
cutlass_128x64_s4_sk4,4,11008,4096,49.2
cutlass_128x64_s4_sk8,4,11008,4096,51.1
cutlass_256x64_s4_sk2,4,11008,4096,104.2
cutlass_256x64_s4_sk4,4,11008,4096,94.6
cutlass_64x64_s4_sk16,4,11008,4096,34.9
cutlass_64x128_s4_sk16,4,11008,4096,32.5
cutlass_64x64_k64_s4,4,11008,4096,34.6
cutlass_64x64_k64_s3,4,11008,4096,32.7
cutlass_64x128_k64_s4,4,11008,4096,30.5
cutlass_64x128_k64_s3,4,11008,4096,30.5
cutlass_128x64_k64_s4,4,11008,4096,62.1
cutlass_128x64_k64_s3,4,11008,4096,62.2
cutlass_128x128_k64_s4,4,11008,4096,0.0
cutlass_128x128_k64_s3,4,11008,4096,60.5
cutlass_256x64_k64_s4,4,11008,4096,0.0
cutlass_256x64_k64_s3,4,11008,4096,0.0
cutlass_128x256_k64_s3,4,11008,4096,0.0
cutlass_32x64_k64_s4,4,11008,4096,20.7
cutlass_32x128_k64_s4,4,11008,4096,29.4
cutlass_64x64_k64_s4_sk2,4,11008,4096,33.9
cutlass_64x64_k64_s4_sk4,4,11008,4096,31.9
cutlass_64x64_k64_s4_sk8,4,11008,4096,35.6
cutlass_128x128_k64_s3_sk2,4,11008,4096,67.3
cutlass_128x128_k64_s3_sk4,4,11008,4096,55.3
cutlass_128x128_k64_s2,4,11008,4096,60.1
cutlass_64x64_k64_s2,4,11008,4096,39.6
cutlass_64x128_k64_s2,4,11008,4096,36.3
cutlass_128x64_k64_s2,4,11008,4096,69.8
cutlass_256x64_k64_s2,4,11008,4096,137.0
cutlass_256x128_s2,4,11008,4096,0.0
cutlass_64x64_s2,4,11008,4096,38.0
cutlass_64x128_s2,4,11008,4096,44.7
cutlass_128x64_s2,4,11008,4096,72.5
cutlass_128x128_s2,4,11008,4096,67.7
cutlass_128x256_s2,4,11008,4096,110.2
cutlass_256x64_s2,4,11008,4096,147.5
cublas,8,11008,4096,24.3
cutlass_32x64_s4,8,11008,4096,21.7
cutlass_32x64_s3,8,11008,4096,22.6
cutlass_32x128_s4,8,11008,4096,29.6
cutlass_32x128_s3,8,11008,4096,29.6
cutlass_32x256_s3,8,11008,4096,31.6
cutlass_64x64_s4,8,11008,4096,35.9
cutlass_64x64_s3,8,11008,4096,34.9
cutlass_64x128_s4,8,11008,4096,28.2
cutlass_64x128_s3,8,11008,4096,28.2
cutlass_128x64_s4,8,11008,4096,65.6
cutlass_128x64_s3,8,11008,4096,65.6
cutlass_128x128_s4,8,11008,4096,53.7
cutlass_128x128_s3,8,11008,4096,53.6
cutlass_128x256_s3,8,11008,4096,108.4
cutlass_256x64_s4,8,11008,4096,129.7
cutlass_256x64_s3,8,11008,4096,129.5
cutlass_64x64_s4_sk2,8,11008,4096,31.2
cutlass_64x64_s4_sk4,8,11008,4096,29.1
cutlass_64x64_s4_sk8,8,11008,4096,31.6
cutlass_128x128_s3_sk2,8,11008,4096,67.6
cutlass_128x128_s3_sk4,8,11008,4096,56.3
cutlass_128x128_s3_sk8,8,11008,4096,56.4
cutlass_64x128_s4_sk2,8,11008,4096,35.6
cutlass_64x128_s4_sk4,8,11008,4096,30.3
cutlass_64x128_s4_sk8,8,11008,4096,30.2
cutlass_32x64_s4_sk4,8,11008,4096,29.6
cutlass_32x64_s4_sk8,8,11008,4096,25.4
cutlass_32x64_s4_sk16,8,11008,4096,26.9
cutlass_128x128_s4_sk2,8,11008,4096,67.4
cutlass_128x128_s4_sk4,8,11008,4096,56.1
cutlass_128x128_s4_sk8,8,11008,4096,53.4
cutlass_128x64_s4_sk2,8,11008,4096,54.2
cutlass_128x64_s4_sk4,8,11008,4096,48.7
cutlass_128x64_s4_sk8,8,11008,4096,51.2
cutlass_256x64_s4_sk2,8,11008,4096,102.0
cutlass_256x64_s4_sk4,8,11008,4096,92.4
cutlass_64x64_s4_sk16,8,11008,4096,36.0
cutlass_64x128_s4_sk16,8,11008,4096,32.8
cutlass_64x64_k64_s4,8,11008,4096,35.4
cutlass_64x64_k64_s3,8,11008,4096,33.3
cutlass_64x128_k64_s4,8,11008,4096,28.7
cutlass_64x128_k64_s3,8,11008,4096,28.5
cutlass_128x64_k64_s4,8,11008,4096,62.6
cutlass_128x64_k64_s3,8,11008,4096,62.4
cutlass_128x128_k64_s4,8,11008,4096,0.0
cutlass_128x128_k64_s3,8,11008,4096,60.5
cutlass_256x64_k64_s4,8,11008,4096,0.0
cutlass_256x64_k64_s3,8,11008,4096,0.0
cutlass_128x256_k64_s3,8,11008,4096,0.0
cutlass_32x64_k64_s4,8,11008,4096,21.5
cutlass_32x128_k64_s4,8,11008,4096,30.2
cutlass_64x64_k64_s4_sk2,8,11008,4096,32.8
cutlass_64x64_k64_s4_sk4,8,11008,4096,31.3
cutlass_64x64_k64_s4_sk8,8,11008,4096,36.3
cutlass_128x128_k64_s3_sk2,8,11008,4096,67.6
cutlass_128x128_k64_s3_sk4,8,11008,4096,55.4
cutlass_128x128_k64_s2,8,11008,4096,60.5
cutlass_64x64_k64_s2,8,11008,4096,39.3
cutlass_64x128_k64_s2,8,11008,4096,37.3
cutlass_128x64_k64_s2,8,11008,4096,68.7
cutlass_256x64_k64_s2,8,11008,4096,137.2
cutlass_256x128_s2,8,11008,4096,0.0
cutlass_64x64_s2,8,11008,4096,38.5
cutlass_64x128_s2,8,11008,4096,46.2
cutlass_128x64_s2,8,11008,4096,72.9
cutlass_128x128_s2,8,11008,4096,67.7
cutlass_128x256_s2,8,11008,4096,110.1
cutlass_256x64_s2,8,11008,4096,147.8
cublas,16,11008,4096,26.2
cutlass_32x64_s4,16,11008,4096,23.2
cutlass_32x64_s3,16,11008,4096,24.2
cutlass_32x128_s4,16,11008,4096,29.6
cutlass_32x128_s3,16,11008,4096,29.6
cutlass_32x256_s3,16,11008,4096,31.6
cutlass_64x64_s4,16,11008,4096,36.5
cutlass_64x64_s3,16,11008,4096,35.3
cutlass_64x128_s4,16,11008,4096,28.3
cutlass_64x128_s3,16,11008,4096,28.3
cutlass_128x64_s4,16,11008,4096,65.7
cutlass_128x64_s3,16,11008,4096,65.6
cutlass_128x128_s4,16,11008,4096,53.7
cutlass_128x128_s3,16,11008,4096,53.6
cutlass_128x256_s3,16,11008,4096,108.4
cutlass_256x64_s4,16,11008,4096,130.1
cutlass_256x64_s3,16,11008,4096,130.2
cutlass_64x64_s4_sk2,16,11008,4096,31.8
cutlass_64x64_s4_sk4,16,11008,4096,30.3
cutlass_64x64_s4_sk8,16,11008,4096,33.3
cutlass_128x128_s3_sk2,16,11008,4096,67.7
cutlass_128x128_s3_sk4,16,11008,4096,56.8
cutlass_128x128_s3_sk8,16,11008,4096,57.7
cutlass_64x128_s4_sk2,16,11008,4096,36.0
cutlass_64x128_s4_sk4,16,11008,4096,31.0
cutlass_64x128_s4_sk8,16,11008,4096,31.8
cutlass_32x64_s4_sk4,16,11008,4096,32.0
cutlass_32x64_s4_sk8,16,11008,4096,28.2
cutlass_32x64_s4_sk16,16,11008,4096,33.4
cutlass_128x128_s4_sk2,16,11008,4096,67.7
cutlass_128x128_s4_sk4,16,11008,4096,56.6
cutlass_128x128_s4_sk8,16,11008,4096,54.6
cutlass_128x64_s4_sk2,16,11008,4096,54.5
cutlass_128x64_s4_sk4,16,11008,4096,50.6
cutlass_128x64_s4_sk8,16,11008,4096,53.2
cutlass_256x64_s4_sk2,16,11008,4096,105.0
cutlass_256x64_s4_sk4,16,11008,4096,93.5
cutlass_64x64_s4_sk16,16,11008,4096,39.7
cutlass_64x128_s4_sk16,16,11008,4096,37.1
cutlass_64x64_k64_s4,16,11008,4096,35.7
cutlass_64x64_k64_s3,16,11008,4096,32.2
cutlass_64x128_k64_s4,16,11008,4096,30.2
cutlass_64x128_k64_s3,16,11008,4096,30.1
cutlass_128x64_k64_s4,16,11008,4096,63.4
cutlass_128x64_k64_s3,16,11008,4096,63.8
cutlass_128x128_k64_s4,16,11008,4096,0.0
cutlass_128x128_k64_s3,16,11008,4096,59.3
cutlass_256x64_k64_s4,16,11008,4096,0.0
cutlass_256x64_k64_s3,16,11008,4096,0.0
cutlass_128x256_k64_s3,16,11008,4096,0.0
cutlass_32x64_k64_s4,16,11008,4096,23.2
cutlass_32x128_k64_s4,16,11008,4096,29.6
cutlass_64x64_k64_s4_sk2,16,11008,4096,34.0
cutlass_64x64_k64_s4_sk4,16,11008,4096,32.6
cutlass_64x64_k64_s4_sk8,16,11008,4096,38.0
cutlass_128x128_k64_s3_sk2,16,11008,4096,67.0
cutlass_128x128_k64_s3_sk4,16,11008,4096,56.8
cutlass_128x128_k64_s2,16,11008,4096,59.8
cutlass_64x64_k64_s2,16,11008,4096,39.5
cutlass_64x128_k64_s2,16,11008,4096,37.2
cutlass_128x64_k64_s2,16,11008,4096,69.5
cutlass_256x64_k64_s2,16,11008,4096,136.9
cutlass_256x128_s2,16,11008,4096,0.0
cutlass_64x64_s2,16,11008,4096,39.1
cutlass_64x128_s2,16,11008,4096,47.0
cutlass_128x64_s2,16,11008,4096,73.6
cutlass_128x128_s2,16,11008,4096,68.0
cutlass_128x256_s2,16,11008,4096,109.6
cutlass_256x64_s2,16,11008,4096,148.6
cublas,32,11008,4096,65.6
cutlass_32x64_s4,32,11008,4096,28.0
cutlass_32x64_s3,32,11008,4096,29.2
cutlass_32x128_s4,32,11008,4096,29.8
cutlass_32x128_s3,32,11008,4096,29.6
cutlass_32x256_s3,32,11008,4096,31.7
cutlass_64x64_s4,32,11008,4096,37.9
cutlass_64x64_s3,32,11008,4096,36.9
cutlass_64x128_s4,32,11008,4096,29.4
cutlass_64x128_s3,32,11008,4096,29.1
cutlass_128x64_s4,32,11008,4096,66.2
cutlass_128x64_s3,32,11008,4096,66.0
cutlass_128x128_s4,32,11008,4096,53.8
cutlass_128x128_s3,32,11008,4096,53.7
cutlass_128x256_s3,32,11008,4096,108.5
cutlass_256x64_s4,32,11008,4096,130.3
cutlass_256x64_s3,32,11008,4096,130.9
cutlass_64x64_s4_sk2,32,11008,4096,34.3
cutlass_64x64_s4_sk4,32,11008,4096,37.2
cutlass_64x64_s4_sk8,32,11008,4096,62.7
cutlass_128x128_s3_sk2,32,11008,4096,68.8
cutlass_128x128_s3_sk4,32,11008,4096,59.2
cutlass_128x128_s3_sk8,32,11008,4096,72.0
cutlass_64x128_s4_sk2,32,11008,4096,37.4
cutlass_64x128_s4_sk4,32,11008,4096,34.6
cutlass_64x128_s4_sk8,32,11008,4096,63.2
cutlass_32x64_s4_sk4,32,11008,4096,35.5
cutlass_32x64_s4_sk8,32,11008,4096,61.3
cutlass_32x64_s4_sk16,32,11008,4096,156.8
cutlass_128x128_s4_sk2,32,11008,4096,68.9
cutlass_128x128_s4_sk4,32,11008,4096,59.2
cutlass_128x128_s4_sk8,32,11008,4096,70.4
cutlass_128x64_s4_sk2,32,11008,4096,55.6
cutlass_128x64_s4_sk4,32,11008,4096,52.8
cutlass_128x64_s4_sk8,32,11008,4096,65.1
cutlass_256x64_s4_sk2,32,11008,4096,107.4
cutlass_256x64_s4_sk4,32,11008,4096,101.2
cutlass_64x64_s4_sk16,32,11008,4096,157.5
cutlass_64x128_s4_sk16,32,11008,4096,156.9
cutlass_64x64_k64_s4,32,11008,4096,38.2
cutlass_64x64_k64_s3,32,11008,4096,32.3
cutlass_64x128_k64_s4,32,11008,4096,28.9
cutlass_64x128_k64_s3,32,11008,4096,28.8
cutlass_128x64_k64_s4,32,11008,4096,66.1
cutlass_128x64_k64_s3,32,11008,4096,66.0
cutlass_128x128_k64_s4,32,11008,4096,0.0
cutlass_128x128_k64_s3,32,11008,4096,56.9
cutlass_256x64_k64_s4,32,11008,4096,0.0
cutlass_256x64_k64_s3,32,11008,4096,0.0
cutlass_128x256_k64_s3,32,11008,4096,0.0
cutlass_32x64_k64_s4,32,11008,4096,27.3
cutlass_32x128_k64_s4,32,11008,4096,28.2
cutlass_64x64_k64_s4_sk2,32,11008,4096,36.9
cutlass_64x64_k64_s4_sk4,32,11008,4096,36.7
cutlass_64x64_k64_s4_sk8,32,11008,4096,64.3
cutlass_128x128_k64_s3_sk2,32,11008,4096,69.4
cutlass_128x128_k64_s3_sk4,32,11008,4096,58.8
cutlass_128x128_k64_s2,32,11008,4096,58.2
cutlass_64x64_k64_s2,32,11008,4096,40.0
cutlass_64x128_k64_s2,32,11008,4096,37.0
cutlass_128x64_k64_s2,32,11008,4096,72.2
cutlass_256x64_k64_s2,32,11008,4096,137.7
cutlass_256x128_s2,32,11008,4096,0.0
cutlass_64x64_s2,32,11008,4096,42.8
cutlass_64x128_s2,32,11008,4096,47.8
cutlass_128x64_s2,32,11008,4096,76.3
cutlass_128x128_s2,32,11008,4096,67.3
cutlass_128x256_s2,32,11008,4096,109.2
cutlass_256x64_s2,32,11008,4096,149.8
cublas,64,11008,4096,29.0
cutlass_32x64_s4,64,11008,4096,52.9
cutlass_32x64_s3,64,11008,4096,53.5
cutlass_32x128_s4,64,11008,4096,43.9
cutlass_32x128_s3,64,11008,4096,44.8
cutlass_32x256_s3,64,11008,4096,42.1
cutlass_64x64_s4,64,11008,4096,40.8
cutlass_64x64_s3,64,11008,4096,41.4
cutlass_64x128_s4,64,11008,4096,31.4
cutlass_64x128_s3,64,11008,4096,32.0
cutlass_128x64_s4,64,11008,4096,67.3
cutlass_128x64_s3,64,11008,4096,67.4
cutlass_128x128_s4,64,11008,4096,53.9
cutlass_128x128_s3,64,11008,4096,53.9
cutlass_128x256_s3,64,11008,4096,108.6
cutlass_256x64_s4,64,11008,4096,131.5
cutlass_256x64_s3,64,11008,4096,131.4
cutlass_64x64_s4_sk2,64,11008,4096,44.0
cutlass_64x64_s4_sk4,64,11008,4096,60.2
cutlass_64x64_s4_sk8,64,11008,4096,160.8
cutlass_128x128_s3_sk2,64,11008,4096,72.3
cutlass_128x128_s3_sk4,64,11008,4096,75.5
cutlass_128x128_s3_sk8,64,11008,4096,165.6
cutlass_64x128_s4_sk2,64,11008,4096,41.9
cutlass_64x128_s4_sk4,64,11008,4096,65.5
cutlass_64x128_s4_sk8,64,11008,4096,163.3
cutlass_32x64_s4_sk4,64,11008,4096,65.4
cutlass_32x64_s4_sk8,64,11008,4096,156.9
cutlass_32x64_s4_sk16,64,11008,4096,211.5
cutlass_128x128_s4_sk2,64,11008,4096,72.4
cutlass_128x128_s4_sk4,64,11008,4096,71.3
cutlass_128x128_s4_sk8,64,11008,4096,164.7
cutlass_128x64_s4_sk2,64,11008,4096,58.7
cutlass_128x64_s4_sk4,64,11008,4096,64.9
cutlass_128x64_s4_sk8,64,11008,4096,161.4
cutlass_256x64_s4_sk2,64,11008,4096,109.7
cutlass_256x64_s4_sk4,64,11008,4096,106.9
cutlass_64x64_s4_sk16,64,11008,4096,210.3
cutlass_64x128_s4_sk16,64,11008,4096,209.9
cutlass_64x64_k64_s4,64,11008,4096,49.3
cutlass_64x64_k64_s3,64,11008,4096,39.0
cutlass_64x128_k64_s4,64,11008,4096,28.5
cutlass_64x128_k64_s3,64,11008,4096,29.0
cutlass_128x64_k64_s4,64,11008,4096,67.8
cutlass_128x64_k64_s3,64,11008,4096,67.7
cutlass_128x128_k64_s4,64,11008,4096,0.0
cutlass_128x128_k64_s3,64,11008,4096,55.8
cutlass_256x64_k64_s4,64,11008,4096,0.0
cutlass_256x64_k64_s3,64,11008,4096,0.0
cutlass_128x256_k64_s3,64,11008,4096,0.0
cutlass_32x64_k64_s4,64,11008,4096,68.4
cutlass_32x128_k64_s4,64,11008,4096,61.9
cutlass_64x64_k64_s4_sk2,64,11008,4096,46.3
cutlass_64x64_k64_s4_sk4,64,11008,4096,62.4
cutlass_64x64_k64_s4_sk8,64,11008,4096,151.3
cutlass_128x128_k64_s3_sk2,64,11008,4096,73.7
cutlass_128x128_k64_s3_sk4,64,11008,4096,69.8
cutlass_128x128_k64_s2,64,11008,4096,56.8
cutlass_64x64_k64_s2,64,11008,4096,43.2
cutlass_64x128_k64_s2,64,11008,4096,40.2
cutlass_128x64_k64_s2,64,11008,4096,74.4
cutlass_256x64_k64_s2,64,11008,4096,143.1
cutlass_256x128_s2,64,11008,4096,0.0
cutlass_64x64_s2,64,11008,4096,47.9
cutlass_64x128_s2,64,11008,4096,50.6
cutlass_128x64_s2,64,11008,4096,76.9
cutlass_128x128_s2,64,11008,4096,67.0
cutlass_128x256_s2,64,11008,4096,109.0
cutlass_256x64_s2,64,11008,4096,154.1
cublas,128,11008,4096,55.4
cutlass_32x64_s4,128,11008,4096,136.5
cutlass_32x64_s3,128,11008,4096,102.3
cutlass_32x128_s4,128,11008,4096,113.2
cutlass_32x128_s3,128,11008,4096,83.9
cutlass_32x256_s3,128,11008,4096,100.6
cutlass_64x64_s4,128,11008,4096,76.3
cutlass_64x64_s3,128,11008,4096,76.5
cutlass_64x128_s4,128,11008,4096,69.9
cutlass_64x128_s3,128,11008,4096,68.9
cutlass_128x64_s4,128,11008,4096,69.1
cutlass_128x64_s3,128,11008,4096,67.4
cutlass_128x128_s4,128,11008,4096,55.1
cutlass_128x128_s3,128,11008,4096,55.1
cutlass_128x256_s3,128,11008,4096,110.8
cutlass_256x64_s4,128,11008,4096,133.3
cutlass_256x64_s3,128,11008,4096,133.6
cutlass_64x64_s4_sk2,128,11008,4096,88.9
cutlass_64x64_s4_sk4,128,11008,4096,156.1
cutlass_64x64_s4_sk8,128,11008,4096,222.6
cutlass_128x128_s3_sk2,128,11008,4096,101.4
cutlass_128x128_s3_sk4,128,11008,4096,169.6
cutlass_128x128_s3_sk8,128,11008,4096,222.2
cutlass_64x128_s4_sk2,128,11008,4096,85.2
cutlass_64x128_s4_sk4,128,11008,4096,147.9
cutlass_64x128_s4_sk8,128,11008,4096,220.2
cutlass_32x64_s4_sk4,128,11008,4096,177.1
cutlass_32x64_s4_sk8,128,11008,4096,237.8
cutlass_32x64_s4_sk16,128,11008,4096,372.8
cutlass_128x128_s4_sk2,128,11008,4096,98.4
cutlass_128x128_s4_sk4,128,11008,4096,169.3
cutlass_128x128_s4_sk8,128,11008,4096,219.2
cutlass_128x64_s4_sk2,128,11008,4096,90.1
cutlass_128x64_s4_sk4,128,11008,4096,165.5
cutlass_128x64_s4_sk8,128,11008,4096,214.2
cutlass_256x64_s4_sk2,128,11008,4096,118.2
cutlass_256x64_s4_sk4,128,11008,4096,167.7
cutlass_64x64_s4_sk16,128,11008,4096,363.2
cutlass_64x128_s4_sk16,128,11008,4096,369.2
cutlass_64x64_k64_s4,128,11008,4096,82.7
cutlass_64x64_k64_s3,128,11008,4096,89.9
cutlass_64x128_k64_s4,128,11008,4096,74.7
cutlass_64x128_k64_s3,128,11008,4096,73.4
cutlass_128x64_k64_s4,128,11008,4096,77.8
cutlass_128x64_k64_s3,128,11008,4096,79.7
cutlass_128x128_k64_s4,128,11008,4096,0.0
cutlass_128x128_k64_s3,128,11008,4096,56.0
cutlass_256x64_k64_s4,128,11008,4096,0.0
cutlass_256x64_k64_s3,128,11008,4096,0.0
cutlass_128x256_k64_s3,128,11008,4096,0.0
cutlass_32x64_k64_s4,128,11008,4096,117.4
cutlass_32x128_k64_s4,128,11008,4096,99.4
cutlass_64x64_k64_s4_sk2,128,11008,4096,98.0
cutlass_64x64_k64_s4_sk4,128,11008,4096,171.3
cutlass_64x64_k64_s4_sk8,128,11008,4096,227.2
cutlass_128x128_k64_s3_sk2,128,11008,4096,96.5
cutlass_128x128_k64_s3_sk4,128,11008,4096,164.3
cutlass_128x128_k64_s2,128,11008,4096,57.4
cutlass_64x64_k64_s2,128,11008,4096,75.4
cutlass_64x128_k64_s2,128,11008,4096,75.2
cutlass_128x64_k64_s2,128,11008,4096,75.3
cutlass_256x64_k64_s2,128,11008,4096,146.3
cutlass_256x128_s2,128,11008,4096,0.0
cutlass_64x64_s2,128,11008,4096,79.0
cutlass_64x128_s2,128,11008,4096,74.9
cutlass_128x64_s2,128,11008,4096,74.6
cutlass_128x128_s2,128,11008,4096,67.6
cutlass_128x256_s2,128,11008,4096,109.8
cutlass_256x64_s2,128,11008,4096,160.5
cublas,256,11008,4096,127.1
cutlass_32x64_s4,256,11008,4096,213.2
cutlass_32x64_s3,256,11008,4096,196.9
cutlass_32x128_s4,256,11008,4096,192.3
cutlass_32x128_s3,256,11008,4096,190.0
cutlass_32x256_s3,256,11008,4096,174.8
cutlass_64x64_s4,256,11008,4096,151.1
cutlass_64x64_s3,256,11008,4096,191.4
cutlass_64x128_s4,256,11008,4096,129.4
cutlass_64x128_s3,256,11008,4096,145.4
cutlass_128x64_s4,256,11008,4096,132.4
cutlass_128x64_s3,256,11008,4096,151.1
cutlass_128x128_s4,256,11008,4096,134.7
cutlass_128x128_s3,256,11008,4096,134.1
cutlass_128x256_s3,256,11008,4096,112.9
cutlass_256x64_s4,256,11008,4096,144.1
cutlass_256x64_s3,256,11008,4096,140.6
cutlass_64x64_s4_sk2,256,11008,4096,231.2
cutlass_64x64_s4_sk4,256,11008,4096,271.3
cutlass_64x64_s4_sk8,256,11008,4096,381.6
cutlass_128x128_s3_sk2,256,11008,4096,184.7
cutlass_128x128_s3_sk4,256,11008,4096,253.4
cutlass_128x128_s3_sk8,256,11008,4096,374.5
cutlass_64x128_s4_sk2,256,11008,4096,190.9
cutlass_64x128_s4_sk4,256,11008,4096,255.8
cutlass_64x128_s4_sk8,256,11008,4096,375.6
cutlass_32x64_s4_sk4,256,11008,4096,331.5
cutlass_32x64_s4_sk8,256,11008,4096,441.0
cutlass_32x64_s4_sk16,256,11008,4096,688.1
cutlass_128x128_s4_sk2,256,11008,4096,182.8
cutlass_128x128_s4_sk4,256,11008,4096,248.3
cutlass_128x128_s4_sk8,256,11008,4096,374.4
cutlass_128x64_s4_sk2,256,11008,4096,173.7
cutlass_128x64_s4_sk4,256,11008,4096,242.7
cutlass_128x64_s4_sk8,256,11008,4096,374.7
cutlass_256x64_s4_sk2,256,11008,4096,181.9
cutlass_256x64_s4_sk4,256,11008,4096,232.6
cutlass_64x64_s4_sk16,256,11008,4096,675.4
cutlass_64x128_s4_sk16,256,11008,4096,671.7
cutlass_64x64_k64_s4,256,11008,4096,138.8
cutlass_64x64_k64_s3,256,11008,4096,156.2
cutlass_64x128_k64_s4,256,11008,4096,129.0
cutlass_64x128_k64_s3,256,11008,4096,124.6
cutlass_128x64_k64_s4,256,11008,4096,126.2
cutlass_128x64_k64_s3,256,11008,4096,126.5
cutlass_128x128_k64_s4,256,11008,4096,0.0
cutlass_128x128_k64_s3,256,11008,4096,132.3
cutlass_256x64_k64_s4,256,11008,4096,0.0
cutlass_256x64_k64_s3,256,11008,4096,0.0
cutlass_128x256_k64_s3,256,11008,4096,0.0
cutlass_32x64_k64_s4,256,11008,4096,203.9
cutlass_32x128_k64_s4,256,11008,4096,170.2
cutlass_64x64_k64_s4_sk2,256,11008,4096,237.6
cutlass_64x64_k64_s4_sk4,256,11008,4096,293.7
cutlass_64x64_k64_s4_sk8,256,11008,4096,405.7
cutlass_128x128_k64_s3_sk2,256,11008,4096,180.1
cutlass_128x128_k64_s3_sk4,256,11008,4096,233.3
cutlass_128x128_k64_s2,256,11008,4096,139.2
cutlass_64x64_k64_s2,256,11008,4096,153.2
cutlass_64x128_k64_s2,256,11008,4096,133.0
cutlass_128x64_k64_s2,256,11008,4096,141.0
cutlass_256x64_k64_s2,256,11008,4096,153.1
cutlass_256x128_s2,256,11008,4096,0.0
cutlass_64x64_s2,256,11008,4096,196.0
cutlass_64x128_s2,256,11008,4096,130.3
cutlass_128x64_s2,256,11008,4096,130.8
cutlass_128x128_s2,256,11008,4096,156.4
cutlass_128x256_s2,256,11008,4096,118.4
cutlass_256x64_s2,256,11008,4096,163.7
cublas,512,11008,4096,249.3
cutlass_32x64_s4,512,11008,4096,406.0
cutlass_32x64_s3,512,11008,4096,396.3
cutlass_32x128_s4,512,11008,4096,334.4
cutlass_32x128_s3,512,11008,4096,366.5
cutlass_32x256_s3,512,11008,4096,306.1
cutlass_64x64_s4,512,11008,4096,303.9
cutlass_64x64_s3,512,11008,4096,320.7
cutlass_64x128_s4,512,11008,4096,227.1
cutlass_64x128_s3,512,11008,4096,234.5
cutlass_128x64_s4,512,11008,4096,231.6
cutlass_128x64_s3,512,11008,4096,252.3
cutlass_128x128_s4,512,11008,4096,204.9
cutlass_128x128_s3,512,11008,4096,205.1
cutlass_128x256_s3,512,11008,4096,256.7
cutlass_256x64_s4,512,11008,4096,227.2
cutlass_256x64_s3,512,11008,4096,230.8
cutlass_64x64_s4_sk2,512,11008,4096,438.1
cutlass_64x64_s4_sk4,512,11008,4096,522.1
cutlass_64x64_s4_sk8,512,11008,4096,730.1
cutlass_128x128_s3_sk2,512,11008,4096,373.2
cutlass_128x128_s3_sk4,512,11008,4096,467.7
cutlass_128x128_s3_sk8,512,11008,4096,718.6
cutlass_64x128_s4_sk2,512,11008,4096,403.0
cutlass_64x128_s4_sk4,512,11008,4096,461.1
cutlass_64x128_s4_sk8,512,11008,4096,698.2
cutlass_32x64_s4_sk4,512,11008,4096,619.0
cutlass_32x64_s4_sk8,512,11008,4096,825.8
cutlass_32x64_s4_sk16,512,11008,4096,1247.9
cutlass_128x128_s4_sk2,512,11008,4096,373.5
cutlass_128x128_s4_sk4,512,11008,4096,451.8
cutlass_128x128_s4_sk8,512,11008,4096,707.0
cutlass_128x64_s4_sk2,512,11008,4096,380.7
cutlass_128x64_s4_sk4,512,11008,4096,459.6
cutlass_128x64_s4_sk8,512,11008,4096,702.7
cutlass_256x64_s4_sk2,512,11008,4096,328.9
cutlass_256x64_s4_sk4,512,11008,4096,430.5
cutlass_64x64_s4_sk16,512,11008,4096,1248.5
cutlass_64x128_s4_sk16,512,11008,4096,1241.0
cutlass_64x64_k64_s4,512,11008,4096,279.1
cutlass_64x64_k64_s3,512,11008,4096,274.3
cutlass_64x128_k64_s4,512,11008,4096,224.2
cutlass_64x128_k64_s3,512,11008,4096,213.6
cutlass_128x64_k64_s4,512,11008,4096,221.2
cutlass_128x64_k64_s3,512,11008,4096,221.6
cutlass_128x128_k64_s4,512,11008,4096,0.0
cutlass_128x128_k64_s3,512,11008,4096,205.2
cutlass_256x64_k64_s4,512,11008,4096,0.0
cutlass_256x64_k64_s3,512,11008,4096,0.0
cutlass_128x256_k64_s3,512,11008,4096,0.0
cutlass_32x64_k64_s4,512,11008,4096,423.9
cutlass_32x128_k64_s4,512,11008,4096,349.3
cutlass_64x64_k64_s4_sk2,512,11008,4096,435.1
cutlass_64x64_k64_s4_sk4,512,11008,4096,546.3
cutlass_64x64_k64_s4_sk8,512,11008,4096,765.9
cutlass_128x128_k64_s3_sk2,512,11008,4096,356.2
cutlass_128x128_k64_s3_sk4,512,11008,4096,430.2
cutlass_128x128_k64_s2,512,11008,4096,220.6
cutlass_64x64_k64_s2,512,11008,4096,307.4
cutlass_64x128_k64_s2,512,11008,4096,237.6
cutlass_128x64_k64_s2,512,11008,4096,248.8
cutlass_256x64_k64_s2,512,11008,4096,256.0
cutlass_256x128_s2,512,11008,4096,0.0
cutlass_64x64_s2,512,11008,4096,313.0
cutlass_64x128_s2,512,11008,4096,240.0
cutlass_128x64_s2,512,11008,4096,256.9
cutlass_128x128_s2,512,11008,4096,270.2
cutlass_128x256_s2,512,11008,4096,269.0
cutlass_256x64_s2,512,11008,4096,261.4
cublas,1024,11008,4096,382.3
cutlass_32x64_s4,1024,11008,4096,808.4
cutlass_32x64_s3,1024,11008,4096,800.6
cutlass_32x128_s4,1024,11008,4096,675.2
cutlass_32x128_s3,1024,11008,4096,671.4
cutlass_32x256_s3,1024,11008,4096,621.7
cutlass_64x64_s4,1024,11008,4096,564.8
cutlass_64x64_s3,1024,11008,4096,571.6
cutlass_64x128_s4,1024,11008,4096,434.1
cutlass_64x128_s3,1024,11008,4096,439.2
cutlass_128x64_s4,1024,11008,4096,442.4
cutlass_128x64_s3,1024,11008,4096,442.4
cutlass_128x128_s4,1024,11008,4096,337.2
cutlass_128x128_s3,1024,11008,4096,351.8
cutlass_128x256_s3,1024,11008,4096,449.7
cutlass_256x64_s4,1024,11008,4096,382.0
cutlass_256x64_s3,1024,11008,4096,388.0
cutlass_64x64_s4_sk2,1024,11008,4096,844.3
cutlass_64x64_s4_sk4,1024,11008,4096,990.3
cutlass_64x64_s4_sk8,1024,11008,4096,1372.1
cutlass_128x128_s3_sk2,1024,11008,4096,682.2
cutlass_128x128_s3_sk4,1024,11008,4096,905.1
cutlass_128x128_s3_sk8,1024,11008,4096,1358.3
cutlass_64x128_s4_sk2,1024,11008,4096,703.4
cutlass_64x128_s4_sk4,1024,11008,4096,875.8
cutlass_64x128_s4_sk8,1024,11008,4096,1277.5
cutlass_32x64_s4_sk4,1024,11008,4096,1204.1
cutlass_32x64_s4_sk8,1024,11008,4096,1558.7
cutlass_32x64_s4_sk16,1024,11008,4096,2368.8
cutlass_128x128_s4_sk2,1024,11008,4096,658.8
cutlass_128x128_s4_sk4,1024,11008,4096,864.2
cutlass_128x128_s4_sk8,1024,11008,4096,1286.9
cutlass_128x64_s4_sk2,1024,11008,4096,701.7
cutlass_128x64_s4_sk4,1024,11008,4096,877.3
cutlass_128x64_s4_sk8,1024,11008,4096,1278.2
cutlass_256x64_s4_sk2,1024,11008,4096,666.9
cutlass_256x64_s4_sk4,1024,11008,4096,875.2
cutlass_64x64_s4_sk16,1024,11008,4096,2332.4
cutlass_64x128_s4_sk16,1024,11008,4096,2323.8
cutlass_64x64_k64_s4,1024,11008,4096,543.3
cutlass_64x64_k64_s3,1024,11008,4096,536.8
cutlass_64x128_k64_s4,1024,11008,4096,428.0
cutlass_64x128_k64_s3,1024,11008,4096,431.3
cutlass_128x64_k64_s4,1024,11008,4096,429.9
cutlass_128x64_k64_s3,1024,11008,4096,428.5
cutlass_128x128_k64_s4,1024,11008,4096,0.0
cutlass_128x128_k64_s3,1024,11008,4096,342.8
cutlass_256x64_k64_s4,1024,11008,4096,0.0
cutlass_256x64_k64_s3,1024,11008,4096,0.0
cutlass_128x256_k64_s3,1024,11008,4096,0.0
cutlass_32x64_k64_s4,1024,11008,4096,843.7
cutlass_32x128_k64_s4,1024,11008,4096,686.9
cutlass_64x64_k64_s4_sk2,1024,11008,4096,804.9
cutlass_64x64_k64_s4_sk4,1024,11008,4096,1003.3
cutlass_64x64_k64_s4_sk8,1024,11008,4096,1432.5
cutlass_128x128_k64_s3_sk2,1024,11008,4096,634.1
cutlass_128x128_k64_s3_sk4,1024,11008,4096,827.0
cutlass_128x128_k64_s2,1024,11008,4096,400.7
cutlass_64x64_k64_s2,1024,11008,4096,585.3
cutlass_64x128_k64_s2,1024,11008,4096,438.3
cutlass_128x64_k64_s2,1024,11008,4096,443.7
cutlass_256x64_k64_s2,1024,11008,4096,453.9
cutlass_256x128_s2,1024,11008,4096,0.0
cutlass_64x64_s2,1024,11008,4096,567.1
cutlass_64x128_s2,1024,11008,4096,507.1
cutlass_128x64_s2,1024,11008,4096,513.6
cutlass_128x128_s2,1024,11008,4096,440.2
cutlass_128x256_s2,1024,11008,4096,395.4
cutlass_256x64_s2,1024,11008,4096,445.2
cublas,2048,11008,4096,630.3
cutlass_32x64_s4,2048,11008,4096,1643.6
cutlass_32x64_s3,2048,11008,4096,1601.8
cutlass_32x128_s4,2048,11008,4096,1363.3
cutlass_32x128_s3,2048,11008,4096,1348.9
cutlass_32x256_s3,2048,11008,4096,1236.0
cutlass_64x64_s4,2048,11008,4096,1106.4
cutlass_64x64_s3,2048,11008,4096,1126.4
cutlass_64x128_s4,2048,11008,4096,872.0
cutlass_64x128_s3,2048,11008,4096,888.2
cutlass_128x64_s4,2048,11008,4096,859.7
cutlass_128x64_s3,2048,11008,4096,866.3
cutlass_128x128_s4,2048,11008,4096,669.9
cutlass_128x128_s3,2048,11008,4096,744.5
cutlass_128x256_s3,2048,11008,4096,728.9
cutlass_256x64_s4,2048,11008,4096,744.5
cutlass_256x64_s3,2048,11008,4096,769.0
cutlass_64x64_s4_sk2,2048,11008,4096,1590.8
cutlass_64x64_s4_sk4,2048,11008,4096,1877.5
cutlass_64x64_s4_sk8,2048,11008,4096,2621.1
cutlass_128x128_s3_sk2,2048,11008,4096,1299.9
cutlass_128x128_s3_sk4,2048,11008,4096,1709.6
cutlass_128x128_s3_sk8,2048,11008,4096,2609.5
cutlass_64x128_s4_sk2,2048,11008,4096,1358.7
cutlass_64x128_s4_sk4,2048,11008,4096,1657.8
cutlass_64x128_s4_sk8,2048,11008,4096,2402.4
cutlass_32x64_s4_sk4,2048,11008,4096,2308.4
cutlass_32x64_s4_sk8,2048,11008,4096,2975.1
cutlass_32x64_s4_sk16,2048,11008,4096,4567.6
cutlass_128x128_s4_sk2,2048,11008,4096,1268.1
cutlass_128x128_s4_sk4,2048,11008,4096,1623.6
cutlass_128x128_s4_sk8,2048,11008,4096,2420.9
cutlass_128x64_s4_sk2,2048,11008,4096,1350.8
cutlass_128x64_s4_sk4,2048,11008,4096,1666.1
cutlass_128x64_s4_sk8,2048,11008,4096,2419.9
cutlass_256x64_s4_sk2,2048,11008,4096,1295.6
cutlass_256x64_s4_sk4,2048,11008,4096,1660.8
cutlass_64x64_s4_sk16,2048,11008,4096,4472.5
cutlass_64x128_s4_sk16,2048,11008,4096,4464.0
cutlass_64x64_k64_s4,2048,11008,4096,1057.9
cutlass_64x64_k64_s3,2048,11008,4096,1063.9
cutlass_64x128_k64_s4,2048,11008,4096,852.1
cutlass_64x128_k64_s3,2048,11008,4096,854.0
cutlass_128x64_k64_s4,2048,11008,4096,850.4
cutlass_128x64_k64_s3,2048,11008,4096,844.5
cutlass_128x128_k64_s4,2048,11008,4096,0.0
cutlass_128x128_k64_s3,2048,11008,4096,653.8
cutlass_256x64_k64_s4,2048,11008,4096,0.0
cutlass_256x64_k64_s3,2048,11008,4096,0.0
cutlass_128x256_k64_s3,2048,11008,4096,0.0
cutlass_32x64_k64_s4,2048,11008,4096,1645.9
cutlass_32x128_k64_s4,2048,11008,4096,1325.8
cutlass_64x64_k64_s4_sk2,2048,11008,4096,1521.3
cutlass_64x64_k64_s4_sk4,2048,11008,4096,1877.5
cutlass_64x64_k64_s4_sk8,2048,11008,4096,2738.8
cutlass_128x128_k64_s3_sk2,2048,11008,4096,1227.4
cutlass_128x128_k64_s3_sk4,2048,11008,4096,1556.2
cutlass_128x128_k64_s2,2048,11008,4096,727.6
cutlass_64x64_k64_s2,2048,11008,4096,1150.9
cutlass_64x128_k64_s2,2048,11008,4096,886.1
cutlass_128x64_k64_s2,2048,11008,4096,865.4
cutlass_256x64_k64_s2,2048,11008,4096,878.4
cutlass_256x128_s2,2048,11008,4096,0.0
cutlass_64x64_s2,2048,11008,4096,1139.0
cutlass_64x128_s2,2048,11008,4096,932.8
cutlass_128x64_s2,2048,11008,4096,894.3
cutlass_128x128_s2,2048,11008,4096,949.2
cutlass_128x256_s2,2048,11008,4096,671.9
cutlass_256x64_s2,2048,11008,4096,918.1
cublas,4096,11008,4096,1256.9
cutlass_32x64_s4,4096,11008,4096,3232.2
cutlass_32x64_s3,4096,11008,4096,3221.7
cutlass_32x128_s4,4096,11008,4096,2714.2
cutlass_32x128_s3,4096,11008,4096,2720.3
cutlass_32x256_s3,4096,11008,4096,2419.8
cutlass_64x64_s4,4096,11008,4096,2214.5
cutlass_64x64_s3,4096,11008,4096,2252.5
cutlass_64x128_s4,4096,11008,4096,1733.6
cutlass_64x128_s3,4096,11008,4096,1777.3
cutlass_128x64_s4,4096,11008,4096,1704.1
cutlass_128x64_s3,4096,11008,4096,1717.1
cutlass_128x128_s4,4096,11008,4096,1431.1
cutlass_128x128_s3,4096,11008,4096,1482.7
cutlass_128x256_s3,4096,11008,4096,1370.5
cutlass_256x64_s4,4096,11008,4096,1503.9
cutlass_256x64_s3,4096,11008,4096,1583.0
cutlass_64x64_s4_sk2,4096,11008,4096,3055.6
cutlass_64x64_s4_sk4,4096,11008,4096,3683.8
cutlass_64x64_s4_sk8,4096,11008,4096,5109.0
cutlass_128x128_s3_sk2,4096,11008,4096,2473.5
cutlass_128x128_s3_sk4,4096,11008,4096,3302.5
cutlass_128x128_s3_sk8,4096,11008,4096,5086.8
cutlass_64x128_s4_sk2,4096,11008,4096,2600.3
cutlass_64x128_s4_sk4,4096,11008,4096,3219.0
cutlass_64x128_s4_sk8,4096,11008,4096,4663.1
cutlass_32x64_s4_sk4,4096,11008,4096,4527.6
cutlass_32x64_s4_sk8,4096,11008,4096,5818.0
cutlass_32x64_s4_sk16,4096,11008,4096,8987.4
cutlass_128x128_s4_sk2,4096,11008,4096,2372.7
cutlass_128x128_s4_sk4,4096,11008,4096,3085.3
cutlass_128x128_s4_sk8,4096,11008,4096,4681.2
cutlass_128x64_s4_sk2,4096,11008,4096,2591.0
cutlass_128x64_s4_sk4,4096,11008,4096,3230.6
cutlass_128x64_s4_sk8,4096,11008,4096,4723.5
cutlass_256x64_s4_sk2,4096,11008,4096,2476.2
cutlass_256x64_s4_sk4,4096,11008,4096,3209.9
cutlass_64x64_s4_sk16,4096,11008,4096,8720.3
cutlass_64x128_s4_sk16,4096,11008,4096,8723.5
cutlass_64x64_k64_s4,4096,11008,4096,2124.8
cutlass_64x64_k64_s3,4096,11008,4096,2123.4
cutlass_64x128_k64_s4,4096,11008,4096,1677.5
cutlass_64x128_k64_s3,4096,11008,4096,1684.3
cutlass_128x64_k64_s4,4096,11008,4096,1667.3
cutlass_128x64_k64_s3,4096,11008,4096,1650.6
cutlass_128x128_k64_s4,4096,11008,4096,0.0
cutlass_128x128_k64_s3,4096,11008,4096,1333.5
cutlass_256x64_k64_s4,4096,11008,4096,0.0
cutlass_256x64_k64_s3,4096,11008,4096,0.0
cutlass_128x256_k64_s3,4096,11008,4096,0.0
cutlass_32x64_k64_s4,4096,11008,4096,3136.3
cutlass_32x128_k64_s4,4096,11008,4096,2587.9
cutlass_64x64_k64_s4_sk2,4096,11008,4096,2999.0
cutlass_64x64_k64_s4_sk4,4096,11008,4096,3626.6
cutlass_64x64_k64_s4_sk8,4096,11008,4096,5336.8
cutlass_128x128_k64_s3_sk2,4096,11008,4096,2347.1
cutlass_128x128_k64_s3_sk4,4096,11008,4096,2982.5
cutlass_128x128_k64_s2,4096,11008,4096,1541.5
cutlass_64x64_k64_s2,4096,11008,4096,2287.1
cutlass_64x128_k64_s2,4096,11008,4096,1771.1
cutlass_128x64_k64_s2,4096,11008,4096,1733.3
cutlass_256x64_k64_s2,4096,11008,4096,1747.7
cutlass_256x128_s2,4096,11008,4096,0.0
cutlass_64x64_s2,4096,11008,4096,2319.6
cutlass_64x128_s2,4096,11008,4096,1843.3
cutlass_128x64_s2,4096,11008,4096,1830.4
cutlass_128x128_s2,4096,11008,4096,1801.3
cutlass_128x256_s2,4096,11008,4096,1353.2
cutlass_256x64_s2,4096,11008,4096,1798.6
cublas,1,14336,4096,157.4
cutlass_32x64_s4,1,14336,4096,178.3
cutlass_32x64_s3,1,14336,4096,178.7
cutlass_32x128_s4,1,14336,4096,178.7
cutlass_32x128_s3,1,14336,4096,179.0
cutlass_32x256_s3,1,14336,4096,180.9
cutlass_64x64_s4,1,14336,4096,177.9
cutlass_64x64_s3,1,14336,4096,178.7
cutlass_64x128_s4,1,14336,4096,178.7
cutlass_64x128_s3,1,14336,4096,179.1
cutlass_128x64_s4,1,14336,4096,179.4
cutlass_128x64_s3,1,14336,4096,180.2
cutlass_128x128_s4,1,14336,4096,181.3
cutlass_128x128_s3,1,14336,4096,180.9
cutlass_128x256_s3,1,14336,4096,186.3
cutlass_256x64_s4,1,14336,4096,183.5
cutlass_256x64_s3,1,14336,4096,186.8
cutlass_64x64_s4_sk2,1,14336,4096,188.7
cutlass_64x64_s4_sk4,1,14336,4096,177.4
cutlass_64x64_s4_sk8,1,14336,4096,176.7
cutlass_128x128_s3_sk2,1,14336,4096,184.0
cutlass_128x128_s3_sk4,1,14336,4096,186.0
cutlass_128x128_s3_sk8,1,14336,4096,185.4
cutlass_64x128_s4_sk2,1,14336,4096,179.3
cutlass_64x128_s4_sk4,1,14336,4096,180.5
cutlass_64x128_s4_sk8,1,14336,4096,179.4
cutlass_32x64_s4_sk4,1,14336,4096,177.8
cutlass_32x64_s4_sk8,1,14336,4096,177.0
cutlass_32x64_s4_sk16,1,14336,4096,178.7
cutlass_128x128_s4_sk2,1,14336,4096,181.0
cutlass_128x128_s4_sk4,1,14336,4096,183.8
cutlass_128x128_s4_sk8,1,14336,4096,181.4
cutlass_128x64_s4_sk2,1,14336,4096,179.4
cutlass_128x64_s4_sk4,1,14336,4096,181.3
cutlass_128x64_s4_sk8,1,14336,4096,178.4
cutlass_256x64_s4_sk2,1,14336,4096,195.6
cutlass_256x64_s4_sk4,1,14336,4096,186.0
cutlass_64x64_s4_sk16,1,14336,4096,176.2
cutlass_64x128_s4_sk16,1,14336,4096,179.6
cutlass_64x64_k64_s4,1,14336,4096,170.6
cutlass_64x64_k64_s3,1,14336,4096,173.7
cutlass_64x128_k64_s4,1,14336,4096,176.3
cutlass_64x128_k64_s3,1,14336,4096,177.4
cutlass_128x64_k64_s4,1,14336,4096,173.5
cutlass_128x64_k64_s3,1,14336,4096,172.4
cutlass_128x128_k64_s4,1,14336,4096,0.0
cutlass_128x128_k64_s3,1,14336,4096,181.1
cutlass_256x64_k64_s4,1,14336,4096,0.0
cutlass_256x64_k64_s3,1,14336,4096,0.0
cutlass_128x256_k64_s3,1,14336,4096,0.0
cutlass_32x64_k64_s4,1,14336,4096,174.0
cutlass_32x128_k64_s4,1,14336,4096,175.9
cutlass_64x64_k64_s4_sk2,1,14336,4096,173.3
cutlass_64x64_k64_s4_sk4,1,14336,4096,171.9
cutlass_64x64_k64_s4_sk8,1,14336,4096,170.9
cutlass_128x128_k64_s3_sk2,1,14336,4096,180.7
cutlass_128x128_k64_s3_sk4,1,14336,4096,183.6
cutlass_128x128_k64_s2,1,14336,4096,181.1
cutlass_64x64_k64_s2,1,14336,4096,179.3
cutlass_64x128_k64_s2,1,14336,4096,179.8
cutlass_128x64_k64_s2,1,14336,4096,181.2
cutlass_256x64_k64_s2,1,14336,4096,188.1
cutlass_256x128_s2,1,14336,4096,0.0
cutlass_64x64_s2,1,14336,4096,179.7
cutlass_64x128_s2,1,14336,4096,179.9
cutlass_128x64_s2,1,14336,4096,181.5
cutlass_128x128_s2,1,14336,4096,182.6
cutlass_128x256_s2,1,14336,4096,187.4
cutlass_256x64_s2,1,14336,4096,196.8
cutlass_gemv,1,14336,4096,160.0
cublas,2,14336,4096,163.8
cutlass_32x64_s4,2,14336,4096,178.7
cutlass_32x64_s3,2,14336,4096,179.4
cutlass_32x128_s4,2,14336,4096,178.3
cutlass_32x128_s3,2,14336,4096,180.1
cutlass_32x256_s3,2,14336,4096,180.7
cutlass_64x64_s4,2,14336,4096,178.2
cutlass_64x64_s3,2,14336,4096,179.9
cutlass_64x128_s4,2,14336,4096,178.4
cutlass_64x128_s3,2,14336,4096,180.2
cutlass_128x64_s4,2,14336,4096,179.7
cutlass_128x64_s3,2,14336,4096,180.8
cutlass_128x128_s4,2,14336,4096,180.5
cutlass_128x128_s3,2,14336,4096,181.4
cutlass_128x256_s3,2,14336,4096,187.1
cutlass_256x64_s4,2,14336,4096,183.7
cutlass_256x64_s3,2,14336,4096,187.5
cutlass_64x64_s4_sk2,2,14336,4096,189.1
cutlass_64x64_s4_sk4,2,14336,4096,179.5
cutlass_64x64_s4_sk8,2,14336,4096,179.0
cutlass_128x128_s3_sk2,2,14336,4096,183.8
cutlass_128x128_s3_sk4,2,14336,4096,187.0
cutlass_128x128_s3_sk8,2,14336,4096,185.8
cutlass_64x128_s4_sk2,2,14336,4096,179.4
cutlass_64x128_s4_sk4,2,14336,4096,180.1
cutlass_64x128_s4_sk8,2,14336,4096,180.5
cutlass_32x64_s4_sk4,2,14336,4096,178.0
cutlass_32x64_s4_sk8,2,14336,4096,178.6
cutlass_32x64_s4_sk16,2,14336,4096,181.1
cutlass_128x128_s4_sk2,2,14336,4096,181.5
cutlass_128x128_s4_sk4,2,14336,4096,184.5
cutlass_128x128_s4_sk8,2,14336,4096,182.7
cutlass_128x64_s4_sk2,2,14336,4096,180.1
cutlass_128x64_s4_sk4,2,14336,4096,182.4
cutlass_128x64_s4_sk8,2,14336,4096,179.5
cutlass_256x64_s4_sk2,2,14336,4096,196.3
cutlass_256x64_s4_sk4,2,14336,4096,186.7
cutlass_64x64_s4_sk16,2,14336,4096,179.2
cutlass_64x128_s4_sk16,2,14336,4096,182.3
cutlass_64x64_k64_s4,2,14336,4096,171.1
cutlass_64x64_k64_s3,2,14336,4096,174.4
cutlass_64x128_k64_s4,2,14336,4096,177.5
cutlass_64x128_k64_s3,2,14336,4096,177.0
cutlass_128x64_k64_s4,2,14336,4096,174.0
cutlass_128x64_k64_s3,2,14336,4096,172.8
cutlass_128x128_k64_s4,2,14336,4096,0.0
cutlass_128x128_k64_s3,2,14336,4096,180.3
cutlass_256x64_k64_s4,2,14336,4096,0.0
cutlass_256x64_k64_s3,2,14336,4096,0.0
cutlass_128x256_k64_s3,2,14336,4096,0.0
cutlass_32x64_k64_s4,2,14336,4096,174.5
cutlass_32x128_k64_s4,2,14336,4096,176.8
cutlass_64x64_k64_s4_sk2,2,14336,4096,174.3
cutlass_64x64_k64_s4_sk4,2,14336,4096,172.5
cutlass_64x64_k64_s4_sk8,2,14336,4096,171.3
cutlass_128x128_k64_s3_sk2,2,14336,4096,181.8
cutlass_128x128_k64_s3_sk4,2,14336,4096,183.7
cutlass_128x128_k64_s2,2,14336,4096,181.8
cutlass_64x64_k64_s2,2,14336,4096,179.8
cutlass_64x128_k64_s2,2,14336,4096,180.3
cutlass_128x64_k64_s2,2,14336,4096,181.1
cutlass_256x64_k64_s2,2,14336,4096,188.6
cutlass_256x128_s2,2,14336,4096,0.0
cutlass_64x64_s2,2,14336,4096,180.6
cutlass_64x128_s2,2,14336,4096,180.8
cutlass_128x64_s2,2,14336,4096,182.2
cutlass_128x128_s2,2,14336,4096,184.2
cutlass_128x256_s2,2,14336,4096,189.0
cutlass_256x64_s2,2,14336,4096,197.9
cublas,4,14336,4096,164.5
cutlass_32x64_s4,4,14336,4096,177.9
cutlass_32x64_s3,4,14336,4096,180.1
cutlass_32x128_s4,4,14336,4096,178.0
cutlass_32x128_s3,4,14336,4096,181.7
cutlass_32x256_s3,4,14336,4096,182.6
cutlass_64x64_s4,4,14336,4096,178.2
cutlass_64x64_s3,4,14336,4096,180.4
cutlass_64x128_s4,4,14336,4096,177.9
cutlass_64x128_s3,4,14336,4096,181.8
cutlass_128x64_s4,4,14336,4096,179.3
cutlass_128x64_s3,4,14336,4096,181.1
cutlass_128x128_s4,4,14336,4096,180.1
cutlass_128x128_s3,4,14336,4096,183.6
cutlass_128x256_s3,4,14336,4096,187.5
cutlass_256x64_s4,4,14336,4096,183.6
cutlass_256x64_s3,4,14336,4096,187.9
cutlass_64x64_s4_sk2,4,14336,4096,191.1
cutlass_64x64_s4_sk4,4,14336,4096,181.5
cutlass_64x64_s4_sk8,4,14336,4096,180.6
cutlass_128x128_s3_sk2,4,14336,4096,184.6
cutlass_128x128_s3_sk4,4,14336,4096,188.2
cutlass_128x128_s3_sk8,4,14336,4096,189.2
cutlass_64x128_s4_sk2,4,14336,4096,180.9
cutlass_64x128_s4_sk4,4,14336,4096,181.4
cutlass_64x128_s4_sk8,4,14336,4096,182.8
cutlass_32x64_s4_sk4,4,14336,4096,180.7
cutlass_32x64_s4_sk8,4,14336,4096,181.2
cutlass_32x64_s4_sk16,4,14336,4096,184.7
cutlass_128x128_s4_sk2,4,14336,4096,182.6
cutlass_128x128_s4_sk4,4,14336,4096,186.0
cutlass_128x128_s4_sk8,4,14336,4096,184.7
cutlass_128x64_s4_sk2,4,14336,4096,181.2
cutlass_128x64_s4_sk4,4,14336,4096,183.7
cutlass_128x64_s4_sk8,4,14336,4096,181.6
cutlass_256x64_s4_sk2,4,14336,4096,196.3
cutlass_256x64_s4_sk4,4,14336,4096,185.9
cutlass_64x64_s4_sk16,4,14336,4096,183.0
cutlass_64x128_s4_sk16,4,14336,4096,185.3
cutlass_64x64_k64_s4,4,14336,4096,171.8
cutlass_64x64_k64_s3,4,14336,4096,174.5
cutlass_64x128_k64_s4,4,14336,4096,176.7
cutlass_64x128_k64_s3,4,14336,4096,177.3
cutlass_128x64_k64_s4,4,14336,4096,174.4
cutlass_128x64_k64_s3,4,14336,4096,172.5
cutlass_128x128_k64_s4,4,14336,4096,0.0
cutlass_128x128_k64_s3,4,14336,4096,179.9
cutlass_256x64_k64_s4,4,14336,4096,0.0
cutlass_256x64_k64_s3,4,14336,4096,0.0
cutlass_128x256_k64_s3,4,14336,4096,0.0
cutlass_32x64_k64_s4,4,14336,4096,173.8
cutlass_32x128_k64_s4,4,14336,4096,176.2
cutlass_64x64_k64_s4_sk2,4,14336,4096,175.2
cutlass_64x64_k64_s4_sk4,4,14336,4096,173.6
cutlass_64x64_k64_s4_sk8,4,14336,4096,173.3
cutlass_128x128_k64_s3_sk2,4,14336,4096,182.4
cutlass_128x128_k64_s3_sk4,4,14336,4096,184.9
cutlass_128x128_k64_s2,4,14336,4096,183.3
cutlass_64x64_k64_s2,4,14336,4096,180.4
cutlass_64x128_k64_s2,4,14336,4096,182.6
cutlass_128x64_k64_s2,4,14336,4096,181.7
cutlass_256x64_k64_s2,4,14336,4096,189.1
cutlass_256x128_s2,4,14336,4096,0.0
cutlass_64x64_s2,4,14336,4096,182.2
cutlass_64x128_s2,4,14336,4096,183.4
cutlass_128x64_s2,4,14336,4096,183.6
cutlass_128x128_s2,4,14336,4096,184.8
cutlass_128x256_s2,4,14336,4096,189.6
cutlass_256x64_s2,4,14336,4096,199.2
cublas,8,14336,4096,164.7
cutlass_32x64_s4,8,14336,4096,179.8
cutlass_32x64_s3,8,14336,4096,181.0
cutlass_32x128_s4,8,14336,4096,179.2
cutlass_32x128_s3,8,14336,4096,180.9
cutlass_32x256_s3,8,14336,4096,182.0
cutlass_64x64_s4,8,14336,4096,179.8
cutlass_64x64_s3,8,14336,4096,181.2
cutlass_64x128_s4,8,14336,4096,179.2
cutlass_64x128_s3,8,14336,4096,181.3
cutlass_128x64_s4,8,14336,4096,180.9
cutlass_128x64_s3,8,14336,4096,182.1
cutlass_128x128_s4,8,14336,4096,181.5
cutlass_128x128_s3,8,14336,4096,182.4
cutlass_128x256_s3,8,14336,4096,188.1
cutlass_256x64_s4,8,14336,4096,185.4
cutlass_256x64_s3,8,14336,4096,189.9
cutlass_64x64_s4_sk2,8,14336,4096,192.1
cutlass_64x64_s4_sk4,8,14336,4096,183.0
cutlass_64x64_s4_sk8,8,14336,4096,184.2
cutlass_128x128_s3_sk2,8,14336,4096,186.7
cutlass_128x128_s3_sk4,8,14336,4096,190.3
cutlass_128x128_s3_sk8,8,14336,4096,191.1
cutlass_64x128_s4_sk2,8,14336,4096,182.1
cutlass_64x128_s4_sk4,8,14336,4096,183.1
cutlass_64x128_s4_sk8,8,14336,4096,185.4
cutlass_32x64_s4_sk4,8,14336,4096,181.4
cutlass_32x64_s4_sk8,8,14336,4096,184.2
cutlass_32x64_s4_sk16,8,14336,4096,190.7
cutlass_128x128_s4_sk2,8,14336,4096,183.8
cutlass_128x128_s4_sk4,8,14336,4096,187.6
cutlass_128x128_s4_sk8,8,14336,4096,187.7
cutlass_128x64_s4_sk2,8,14336,4096,182.3
cutlass_128x64_s4_sk4,8,14336,4096,184.9
cutlass_128x64_s4_sk8,8,14336,4096,184.3
cutlass_256x64_s4_sk2,8,14336,4096,198.6
cutlass_256x64_s4_sk4,8,14336,4096,189.2
cutlass_64x64_s4_sk16,8,14336,4096,189.3
cutlass_64x128_s4_sk16,8,14336,4096,191.1
cutlass_64x64_k64_s4,8,14336,4096,172.5
cutlass_64x64_k64_s3,8,14336,4096,175.8
cutlass_64x128_k64_s4,8,14336,4096,177.7
cutlass_64x128_k64_s3,8,14336,4096,178.1
cutlass_128x64_k64_s4,8,14336,4096,175.5
cutlass_128x64_k64_s3,8,14336,4096,174.0
cutlass_128x128_k64_s4,8,14336,4096,0.0
cutlass_128x128_k64_s3,8,14336,4096,181.5
cutlass_256x64_k64_s4,8,14336,4096,0.0
cutlass_256x64_k64_s3,8,14336,4096,0.0
cutlass_128x256_k64_s3,8,14336,4096,0.0
cutlass_32x64_k64_s4,8,14336,4096,175.2
cutlass_32x128_k64_s4,8,14336,4096,176.8
cutlass_64x64_k64_s4_sk2,8,14336,4096,176.2
cutlass_64x64_k64_s4_sk4,8,14336,4096,175.0
cutlass_64x64_k64_s4_sk8,8,14336,4096,175.5
cutlass_128x128_k64_s3_sk2,8,14336,4096,183.7
cutlass_128x128_k64_s3_sk4,8,14336,4096,186.1
cutlass_128x128_k64_s2,8,14336,4096,183.1
cutlass_64x64_k64_s2,8,14336,4096,181.5
cutlass_64x128_k64_s2,8,14336,4096,181.6
cutlass_128x64_k64_s2,8,14336,4096,182.7
cutlass_256x64_k64_s2,8,14336,4096,190.3
cutlass_256x128_s2,8,14336,4096,0.0
cutlass_64x64_s2,8,14336,4096,182.6
cutlass_64x128_s2,8,14336,4096,182.1
cutlass_128x64_s2,8,14336,4096,183.9
cutlass_128x128_s2,8,14336,4096,185.8
cutlass_128x256_s2,8,14336,4096,189.9
cutlass_256x64_s2,8,14336,4096,199.8
cublas,16,14336,4096,166.0
cutlass_32x64_s4,16,14336,4096,179.8
cutlass_32x64_s3,16,14336,4096,181.4
cutlass_32x128_s4,16,14336,4096,180.2
cutlass_32x128_s3,16,14336,4096,183.3
cutlass_32x256_s3,16,14336,4096,184.3
cutlass_64x64_s4,16,14336,4096,179.5
cutlass_64x64_s3,16,14336,4096,181.7
cutlass_64x128_s4,16,14336,4096,180.1
cutlass_64x128_s3,16,14336,4096,183.1
cutlass_128x64_s4,16,14336,4096,180.5
cutlass_128x64_s3,16,14336,4096,182.4
cutlass_128x128_s4,16,14336,4096,182.2
cutlass_128x128_s3,16,14336,4096,185.2
cutlass_128x256_s3,16,14336,4096,190.3
cutlass_256x64_s4,16,14336,4096,186.4
cutlass_256x64_s3,16,14336,4096,190.7
cutlass_64x64_s4_sk2,16,14336,4096,194.9
cutlass_64x64_s4_sk4,16,14336,4096,187.8
cutlass_64x64_s4_sk8,16,14336,4096,189.9
cutlass_128x128_s3_sk2,16,14336,4096,188.1
cutlass_128x128_s3_sk4,16,14336,4096,193.0
cutlass_128x128_s3_sk8,16,14336,4096,196.7
cutlass_64x128_s4_sk2,16,14336,4096,185.0
cutlass_64x128_s4_sk4,16,14336,4096,187.2
cutlass_64x128_s4_sk8,16,14336,4096,190.4
cutlass_32x64_s4_sk4,16,14336,4096,185.7
cutlass_32x64_s4_sk8,16,14336,4096,190.0
cutlass_32x64_s4_sk16,16,14336,4096,202.4
cutlass_128x128_s4_sk2,16,14336,4096,186.1
cutlass_128x128_s4_sk4,16,14336,4096,191.3
cutlass_128x128_s4_sk8,16,14336,4096,193.5
cutlass_128x64_s4_sk2,16,14336,4096,184.8
cutlass_128x64_s4_sk4,16,14336,4096,189.1
cutlass_128x64_s4_sk8,16,14336,4096,190.2
cutlass_256x64_s4_sk2,16,14336,4096,198.8
cutlass_256x64_s4_sk4,16,14336,4096,192.8
cutlass_64x64_s4_sk16,16,14336,4096,201.5
cutlass_64x128_s4_sk16,16,14336,4096,202.8
cutlass_64x64_k64_s4,16,14336,4096,174.0
cutlass_64x64_k64_s3,16,14336,4096,176.0
cutlass_64x128_k64_s4,16,14336,4096,178.8
cutlass_64x128_k64_s3,16,14336,4096,179.2
cutlass_128x64_k64_s4,16,14336,4096,177.4
cutlass_128x64_k64_s3,16,14336,4096,175.1
cutlass_128x128_k64_s4,16,14336,4096,0.0
cutlass_128x128_k64_s3,16,14336,4096,181.8
cutlass_256x64_k64_s4,16,14336,4096,0.0
cutlass_256x64_k64_s3,16,14336,4096,0.0
cutlass_128x256_k64_s3,16,14336,4096,0.0
cutlass_32x64_k64_s4,16,14336,4096,176.0
cutlass_32x128_k64_s4,16,14336,4096,178.2
cutlass_64x64_k64_s4_sk2,16,14336,4096,177.7
cutlass_64x64_k64_s4_sk4,16,14336,4096,177.7
cutlass_64x64_k64_s4_sk8,16,14336,4096,180.1
cutlass_128x128_k64_s3_sk2,16,14336,4096,185.6
cutlass_128x128_k64_s3_sk4,16,14336,4096,189.3
cutlass_128x128_k64_s2,16,14336,4096,184.9
cutlass_64x64_k64_s2,16,14336,4096,181.8
cutlass_64x128_k64_s2,16,14336,4096,183.8
cutlass_128x64_k64_s2,16,14336,4096,183.4
cutlass_256x64_k64_s2,16,14336,4096,192.0
cutlass_256x128_s2,16,14336,4096,0.0
cutlass_64x64_s2,16,14336,4096,184.0
cutlass_64x128_s2,16,14336,4096,185.6
cutlass_128x64_s2,16,14336,4096,185.3
cutlass_128x128_s2,16,14336,4096,187.0
cutlass_128x256_s2,16,14336,4096,192.3
cutlass_256x64_s2,16,14336,4096,201.7
cublas,32,14336,4096,177.2
cutlass_32x64_s4,32,14336,4096,182.9
cutlass_32x64_s3,32,14336,4096,184.4
cutlass_32x128_s4,32,14336,4096,182.2
cutlass_32x128_s3,32,14336,4096,184.0
cutlass_32x256_s3,32,14336,4096,185.1
cutlass_64x64_s4,32,14336,4096,182.8
cutlass_64x64_s3,32,14336,4096,184.6
cutlass_64x128_s4,32,14336,4096,182.2
cutlass_64x128_s3,32,14336,4096,184.2
cutlass_128x64_s4,32,14336,4096,183.5
cutlass_128x64_s3,32,14336,4096,185.3
cutlass_128x128_s4,32,14336,4096,184.8
cutlass_128x128_s3,32,14336,4096,185.4
cutlass_128x256_s3,32,14336,4096,190.7
cutlass_256x64_s4,32,14336,4096,188.4
cutlass_256x64_s3,32,14336,4096,193.1
cutlass_64x64_s4_sk2,32,14336,4096,199.7
cutlass_64x64_s4_sk4,32,14336,4096,193.0
cutlass_64x64_s4_sk8,32,14336,4096,204.3
cutlass_128x128_s3_sk2,32,14336,4096,192.2
cutlass_128x128_s3_sk4,32,14336,4096,198.5
cutlass_128x128_s3_sk8,32,14336,4096,208.7
cutlass_64x128_s4_sk2,32,14336,4096,189.1
cutlass_64x128_s4_sk4,32,14336,4096,192.2
cutlass_64x128_s4_sk8,32,14336,4096,202.9
cutlass_32x64_s4_sk4,32,14336,4096,191.8
cutlass_32x64_s4_sk8,32,14336,4096,202.7
cutlass_32x64_s4_sk16,32,14336,4096,233.5
cutlass_128x128_s4_sk2,32,14336,4096,189.7
cutlass_128x128_s4_sk4,32,14336,4096,196.0
cutlass_128x128_s4_sk8,32,14336,4096,205.9
cutlass_128x64_s4_sk2,32,14336,4096,187.9
cutlass_128x64_s4_sk4,32,14336,4096,194.1
cutlass_128x64_s4_sk8,32,14336,4096,203.0
cutlass_256x64_s4_sk2,32,14336,4096,203.6
cutlass_256x64_s4_sk4,32,14336,4096,197.0
cutlass_64x64_s4_sk16,32,14336,4096,234.2
cutlass_64x128_s4_sk16,32,14336,4096,234.0
cutlass_64x64_k64_s4,32,14336,4096,175.7
cutlass_64x64_k64_s3,32,14336,4096,177.9
cutlass_64x128_k64_s4,32,14336,4096,180.1
cutlass_64x128_k64_s3,32,14336,4096,180.7
cutlass_128x64_k64_s4,32,14336,4096,179.4
cutlass_128x64_k64_s3,32,14336,4096,177.7
cutlass_128x128_k64_s4,32,14336,4096,0.0
cutlass_128x128_k64_s3,32,14336,4096,184.1
cutlass_256x64_k64_s4,32,14336,4096,0.0
cutlass_256x64_k64_s3,32,14336,4096,0.0
cutlass_128x256_k64_s3,32,14336,4096,0.0
cutlass_32x64_k64_s4,32,14336,4096,178.1
cutlass_32x128_k64_s4,32,14336,4096,179.4
cutlass_64x64_k64_s4_sk2,32,14336,4096,180.6
cutlass_64x64_k64_s4_sk4,32,14336,4096,182.9
cutlass_64x64_k64_s4_sk8,32,14336,4096,190.5
cutlass_128x128_k64_s3_sk2,32,14336,4096,188.9
cutlass_128x128_k64_s3_sk4,32,14336,4096,193.6
cutlass_128x128_k64_s2,32,14336,4096,186.1
cutlass_64x64_k64_s2,32,14336,4096,184.5
cutlass_64x128_k64_s2,32,14336,4096,184.6
cutlass_128x64_k64_s2,32,14336,4096,185.7
cutlass_256x64_k64_s2,32,14336,4096,194.0
cutlass_256x128_s2,32,14336,4096,0.0
cutlass_64x64_s2,32,14336,4096,185.7
cutlass_64x128_s2,32,14336,4096,185.8
cutlass_128x64_s2,32,14336,4096,186.7
cutlass_128x128_s2,32,14336,4096,189.2
cutlass_128x256_s2,32,14336,4096,192.5
cutlass_256x64_s2,32,14336,4096,203.2
cublas,64,14336,4096,183.0
cutlass_32x64_s4,64,14336,4096,185.3
cutlass_32x64_s3,64,14336,4096,186.1
cutlass_32x128_s4,64,14336,4096,183.7
cutlass_32x128_s3,64,14336,4096,187.0
cutlass_32x256_s3,64,14336,4096,188.4
cutlass_64x64_s4,64,14336,4096,184.0
cutlass_64x64_s3,64,14336,4096,186.5
cutlass_64x128_s4,64,14336,4096,184.4
cutlass_64x128_s3,64,14336,4096,187.4
cutlass_128x64_s4,64,14336,4096,186.0
cutlass_128x64_s3,64,14336,4096,187.2
cutlass_128x128_s4,64,14336,4096,186.4
cutlass_128x128_s3,64,14336,4096,189.4
cutlass_128x256_s3,64,14336,4096,193.9
cutlass_256x64_s4,64,14336,4096,191.1
cutlass_256x64_s3,64,14336,4096,196.3
cutlass_64x64_s4_sk2,64,14336,4096,201.6
cutlass_64x64_s4_sk4,64,14336,4096,206.2
cutlass_64x64_s4_sk8,64,14336,4096,234.7
cutlass_128x128_s3_sk2,64,14336,4096,196.5
cutlass_128x128_s3_sk4,64,14336,4096,211.7
cutlass_128x128_s3_sk8,64,14336,4096,241.5
cutlass_64x128_s4_sk2,64,14336,4096,201.2
cutlass_64x128_s4_sk4,64,14336,4096,206.9
cutlass_64x128_s4_sk8,64,14336,4096,236.8
cutlass_32x64_s4_sk4,64,14336,4096,208.3
cutlass_32x64_s4_sk8,64,14336,4096,240.3
cutlass_32x64_s4_sk16,64,14336,4096,323.2
cutlass_128x128_s4_sk2,64,14336,4096,194.5
cutlass_128x128_s4_sk4,64,14336,4096,208.6
cutlass_128x128_s4_sk8,64,14336,4096,238.0
cutlass_128x64_s4_sk2,64,14336,4096,194.2
cutlass_128x64_s4_sk4,64,14336,4096,207.2
cutlass_128x64_s4_sk8,64,14336,4096,235.7
cutlass_256x64_s4_sk2,64,14336,4096,206.7
cutlass_256x64_s4_sk4,64,14336,4096,211.6
cutlass_64x64_s4_sk16,64,14336,4096,320.2
cutlass_64x128_s4_sk16,64,14336,4096,319.9
cutlass_64x64_k64_s4,64,14336,4096,178.3
cutlass_64x64_k64_s3,64,14336,4096,179.8
cutlass_64x128_k64_s4,64,14336,4096,182.2
cutlass_64x128_k64_s3,64,14336,4096,183.0
cutlass_128x64_k64_s4,64,14336,4096,181.5
cutlass_128x64_k64_s3,64,14336,4096,179.2
cutlass_128x128_k64_s4,64,14336,4096,0.0
cutlass_128x128_k64_s3,64,14336,4096,186.2
cutlass_256x64_k64_s4,64,14336,4096,0.0
cutlass_256x64_k64_s3,64,14336,4096,0.0
cutlass_128x256_k64_s3,64,14336,4096,0.0
cutlass_32x64_k64_s4,64,14336,4096,181.1
cutlass_32x128_k64_s4,64,14336,4096,183.2
cutlass_64x64_k64_s4_sk2,64,14336,4096,186.5
cutlass_64x64_k64_s4_sk4,64,14336,4096,196.1
cutlass_64x64_k64_s4_sk8,64,14336,4096,221.9
cutlass_128x128_k64_s3_sk2,64,14336,4096,193.9
cutlass_128x128_k64_s3_sk4,64,14336,4096,204.2
cutlass_128x128_k64_s2,64,14336,4096,189.0
cutlass_64x64_k64_s2,64,14336,4096,186.4
cutlass_64x128_k64_s2,64,14336,4096,187.9
cutlass_128x64_k64_s2,64,14336,4096,187.5
cutlass_256x64_k64_s2,64,14336,4096,198.1
cutlass_256x128_s2,64,14336,4096,0.0
cutlass_64x64_s2,64,14336,4096,189.2
cutlass_64x128_s2,64,14336,4096,189.8
cutlass_128x64_s2,64,14336,4096,189.7
cutlass_128x128_s2,64,14336,4096,191.6
cutlass_128x256_s2,64,14336,4096,196.7
cutlass_256x64_s2,64,14336,4096,206.9
cublas,128,14336,4096,190.6
cutlass_32x64_s4,128,14336,4096,190.2
cutlass_32x64_s3,128,14336,4096,200.0
cutlass_32x128_s4,128,14336,4096,190.3
cutlass_32x128_s3,128,14336,4096,210.8
cutlass_32x256_s3,128,14336,4096,199.9
cutlass_64x64_s4,128,14336,4096,201.7
cutlass_64x64_s3,128,14336,4096,192.8
cutlass_64x128_s4,128,14336,4096,189.2
cutlass_64x128_s3,128,14336,4096,191.1
cutlass_128x64_s4,128,14336,4096,190.4
cutlass_128x64_s3,128,14336,4096,192.5
cutlass_128x128_s4,128,14336,4096,191.4
cutlass_128x128_s3,128,14336,4096,192.8
cutlass_128x256_s3,128,14336,4096,199.0
cutlass_256x64_s4,128,14336,4096,194.9
cutlass_256x64_s3,128,14336,4096,200.8
cutlass_64x64_s4_sk2,128,14336,4096,211.5
cutlass_64x64_s4_sk4,128,14336,4096,245.5
cutlass_64x64_s4_sk8,128,14336,4096,327.1
cutlass_128x128_s3_sk2,128,14336,4096,213.6
cutlass_128x128_s3_sk4,128,14336,4096,247.6
cutlass_128x128_s3_sk8,128,14336,4096,333.9
cutlass_64x128_s4_sk2,128,14336,4096,200.5
cutlass_64x128_s4_sk4,128,14336,4096,255.2
cutlass_64x128_s4_sk8,128,14336,4096,331.1
cutlass_32x64_s4_sk4,128,14336,4096,280.4
cutlass_32x64_s4_sk8,128,14336,4096,355.9
cutlass_32x64_s4_sk16,128,14336,4096,516.3
cutlass_128x128_s4_sk2,128,14336,4096,211.1
cutlass_128x128_s4_sk4,128,14336,4096,244.7
cutlass_128x128_s4_sk8,128,14336,4096,330.7
cutlass_128x64_s4_sk2,128,14336,4096,211.7
cutlass_128x64_s4_sk4,128,14336,4096,239.3
cutlass_128x64_s4_sk8,128,14336,4096,326.5
cutlass_256x64_s4_sk2,128,14336,4096,223.2
cutlass_256x64_s4_sk4,128,14336,4096,244.9
cutlass_64x64_s4_sk16,128,14336,4096,505.7
cutlass_64x128_s4_sk16,128,14336,4096,504.0
cutlass_64x64_k64_s4,128,14336,4096,186.0
cutlass_64x64_k64_s3,128,14336,4096,180.6
cutlass_64x128_k64_s4,128,14336,4096,187.9
cutlass_64x128_k64_s3,128,14336,4096,183.2
cutlass_128x64_k64_s4,128,14336,4096,185.7
cutlass_128x64_k64_s3,128,14336,4096,183.6
cutlass_128x128_k64_s4,128,14336,4096,0.0
cutlass_128x128_k64_s3,128,14336,4096,190.0
cutlass_256x64_k64_s4,128,14336,4096,0.0
cutlass_256x64_k64_s3,128,14336,4096,0.0
cutlass_128x256_k64_s3,128,14336,4096,0.0
cutlass_32x64_k64_s4,128,14336,4096,194.1
cutlass_32x128_k64_s4,128,14336,4096,198.1
cutlass_64x64_k64_s4_sk2,128,14336,4096,238.4
cutlass_64x64_k64_s4_sk4,128,14336,4096,264.1
cutlass_64x64_k64_s4_sk8,128,14336,4096,326.4
cutlass_128x128_k64_s3_sk2,128,14336,4096,208.6
cutlass_128x128_k64_s3_sk4,128,14336,4096,233.4
cutlass_128x128_k64_s2,128,14336,4096,193.2
cutlass_64x64_k64_s2,128,14336,4096,213.6
cutlass_64x128_k64_s2,128,14336,4096,191.2
cutlass_128x64_k64_s2,128,14336,4096,192.4
cutlass_256x64_k64_s2,128,14336,4096,202.2
cutlass_256x128_s2,128,14336,4096,0.0
cutlass_64x64_s2,128,14336,4096,194.8
cutlass_64x128_s2,128,14336,4096,195.2
cutlass_128x64_s2,128,14336,4096,196.7
cutlass_128x128_s2,128,14336,4096,195.6
cutlass_128x256_s2,128,14336,4096,200.2
cutlass_256x64_s2,128,14336,4096,210.6
cublas,256,14336,4096,205.3
cutlass_32x64_s4,256,14336,4096,291.4
cutlass_32x64_s3,256,14336,4096,291.2
cutlass_32x128_s4,256,14336,4096,248.0
cutlass_32x128_s3,256,14336,4096,257.6
cutlass_32x256_s3,256,14336,4096,261.7
cutlass_64x64_s4,256,14336,4096,218.5
cutlass_64x64_s3,256,14336,4096,209.4
cutlass_64x128_s4,256,14336,4096,203.3
cutlass_64x128_s3,256,14336,4096,210.0
cutlass_128x64_s4,256,14336,4096,203.1
cutlass_128x64_s3,256,14336,4096,206.7
cutlass_128x128_s4,256,14336,4096,204.1
cutlass_128x128_s3,256,14336,4096,211.9
cutlass_128x256_s3,256,14336,4096,205.6
cutlass_256x64_s4,256,14336,4096,203.2
cutlass_256x64_s3,256,14336,4096,209.6
cutlass_64x64_s4_sk2,256,14336,4096,348.1
cutlass_64x64_s4_sk4,256,14336,4096,407.3
cutlass_64x64_s4_sk8,256,14336,4096,550.2
cutlass_128x128_s3_sk2,256,14336,4096,302.0
cutlass_128x128_s3_sk4,256,14336,4096,364.3
cutlass_128x128_s3_sk8,256,14336,4096,525.8
cutlass_64x128_s4_sk2,256,14336,4096,356.2
cutlass_64x128_s4_sk4,256,14336,4096,369.0
cutlass_64x128_s4_sk8,256,14336,4096,520.6
cutlass_32x64_s4_sk4,256,14336,4096,483.7
cutlass_32x64_s4_sk8,256,14336,4096,629.3
cutlass_32x64_s4_sk16,256,14336,4096,904.4
cutlass_128x128_s4_sk2,256,14336,4096,299.9
cutlass_128x128_s4_sk4,256,14336,4096,354.8
cutlass_128x128_s4_sk8,256,14336,4096,514.4
cutlass_128x64_s4_sk2,256,14336,4096,291.3
cutlass_128x64_s4_sk4,256,14336,4096,352.5
cutlass_128x64_s4_sk8,256,14336,4096,513.1
cutlass_256x64_s4_sk2,256,14336,4096,268.7
cutlass_256x64_s4_sk4,256,14336,4096,340.0
cutlass_64x64_s4_sk16,256,14336,4096,909.1
cutlass_64x128_s4_sk16,256,14336,4096,903.5
cutlass_64x64_k64_s4,256,14336,4096,199.7
cutlass_64x64_k64_s3,256,14336,4096,214.2
cutlass_64x128_k64_s4,256,14336,4096,203.4
cutlass_64x128_k64_s3,256,14336,4096,204.9
cutlass_128x64_k64_s4,256,14336,4096,205.3
cutlass_128x64_k64_s3,256,14336,4096,205.0
cutlass_128x128_k64_s4,256,14336,4096,0.0
cutlass_128x128_k64_s3,256,14336,4096,202.3
cutlass_256x64_k64_s4,256,14336,4096,0.0
cutlass_256x64_k64_s3,256,14336,4096,0.0
cutlass_128x256_k64_s3,256,14336,4096,0.0
cutlass_32x64_k64_s4,256,14336,4096,265.6
cutlass_32x128_k64_s4,256,14336,4096,232.9
cutlass_64x64_k64_s4_sk2,256,14336,4096,358.3
cutlass_64x64_k64_s4_sk4,256,14336,4096,417.8
cutlass_64x64_k64_s4_sk8,256,14336,4096,559.0
cutlass_128x128_k64_s3_sk2,256,14336,4096,293.2
cutlass_128x128_k64_s3_sk4,256,14336,4096,336.9
cutlass_128x128_k64_s2,256,14336,4096,212.2
cutlass_64x64_k64_s2,256,14336,4096,240.4
cutlass_64x128_k64_s2,256,14336,4096,211.7
cutlass_128x64_k64_s2,256,14336,4096,208.4
cutlass_256x64_k64_s2,256,14336,4096,212.5
cutlass_256x128_s2,256,14336,4096,0.0
cutlass_64x64_s2,256,14336,4096,230.2
cutlass_64x128_s2,256,14336,4096,265.9
cutlass_128x64_s2,256,14336,4096,254.4
cutlass_128x128_s2,256,14336,4096,224.2
cutlass_128x256_s2,256,14336,4096,207.8
cutlass_256x64_s2,256,14336,4096,221.9
cublas,512,14336,4096,262.8
cutlass_32x64_s4,512,14336,4096,517.1
cutlass_32x64_s3,512,14336,4096,538.8
cutlass_32x128_s4,512,14336,4096,446.5
cutlass_32x128_s3,512,14336,4096,466.6
cutlass_32x256_s3,512,14336,4096,421.2
cutlass_64x64_s4,512,14336,4096,387.1
cutlass_64x64_s3,512,14336,4096,411.0
cutlass_64x128_s4,512,14336,4096,302.4
cutlass_64x128_s3,512,14336,4096,327.1
cutlass_128x64_s4,512,14336,4096,322.4
cutlass_128x64_s3,512,14336,4096,329.4
cutlass_128x128_s4,512,14336,4096,285.1
cutlass_128x128_s3,512,14336,4096,298.3
cutlass_128x256_s3,512,14336,4096,269.6
cutlass_256x64_s4,512,14336,4096,306.7
cutlass_256x64_s3,512,14336,4096,312.5
cutlass_64x64_s4_sk2,512,14336,4096,607.1
cutlass_64x64_s4_sk4,512,14336,4096,716.6
cutlass_64x64_s4_sk8,512,14336,4096,980.2
cutlass_128x128_s3_sk2,512,14336,4096,528.5
cutlass_128x128_s3_sk4,512,14336,4096,654.3
cutlass_128x128_s3_sk8,512,14336,4096,948.4
cutlass_64x128_s4_sk2,512,14336,4096,540.6
cutlass_64x128_s4_sk4,512,14336,4096,647.9
cutlass_64x128_s4_sk8,512,14336,4096,926.3
cutlass_32x64_s4_sk4,512,14336,4096,862.4
cutlass_32x64_s4_sk8,512,14336,4096,1110.7
cutlass_32x64_s4_sk16,512,14336,4096,1629.8
cutlass_128x128_s4_sk2,512,14336,4096,518.3
cutlass_128x128_s4_sk4,512,14336,4096,632.4
cutlass_128x128_s4_sk8,512,14336,4096,930.3
cutlass_128x64_s4_sk2,512,14336,4096,526.6
cutlass_128x64_s4_sk4,512,14336,4096,642.7
cutlass_128x64_s4_sk8,512,14336,4096,929.5
cutlass_256x64_s4_sk2,512,14336,4096,470.9
cutlass_256x64_s4_sk4,512,14336,4096,609.2
cutlass_64x64_s4_sk16,512,14336,4096,1652.5
cutlass_64x128_s4_sk16,512,14336,4096,1655.1
cutlass_64x64_k64_s4,512,14336,4096,361.2
cutlass_64x64_k64_s3,512,14336,4096,365.0
cutlass_64x128_k64_s4,512,14336,4096,293.4
cutlass_64x128_k64_s3,512,14336,4096,293.0
cutlass_128x64_k64_s4,512,14336,4096,297.4
cutlass_128x64_k64_s3,512,14336,4096,296.6
cutlass_128x128_k64_s4,512,14336,4096,0.0
cutlass_128x128_k64_s3,512,14336,4096,282.0
cutlass_256x64_k64_s4,512,14336,4096,0.0
cutlass_256x64_k64_s3,512,14336,4096,0.0
cutlass_128x256_k64_s3,512,14336,4096,0.0
cutlass_32x64_k64_s4,512,14336,4096,539.9
cutlass_32x128_k64_s4,512,14336,4096,447.3
cutlass_64x64_k64_s4_sk2,512,14336,4096,593.3
cutlass_64x64_k64_s4_sk4,512,14336,4096,729.9
cutlass_64x64_k64_s4_sk8,512,14336,4096,986.4
cutlass_128x128_k64_s3_sk2,512,14336,4096,501.2
cutlass_128x128_k64_s3_sk4,512,14336,4096,594.1
cutlass_128x128_k64_s2,512,14336,4096,313.2
cutlass_64x64_k64_s2,512,14336,4096,392.3
cutlass_64x128_k64_s2,512,14336,4096,326.4
cutlass_128x64_k64_s2,512,14336,4096,335.6
cutlass_256x64_k64_s2,512,14336,4096,324.3
cutlass_256x128_s2,512,14336,4096,0.0
cutlass_64x64_s2,512,14336,4096,425.8
cutlass_64x128_s2,512,14336,4096,343.5
cutlass_128x64_s2,512,14336,4096,381.5
cutlass_128x128_s2,512,14336,4096,358.6
cutlass_128x256_s2,512,14336,4096,287.7
cutlass_256x64_s2,512,14336,4096,364.6
cublas,1024,14336,4096,518.7
cutlass_32x64_s4,1024,14336,4096,1045.8
cutlass_32x64_s3,1024,14336,4096,1037.1
cutlass_32x128_s4,1024,14336,4096,881.7
cutlass_32x128_s3,1024,14336,4096,868.8
cutlass_32x256_s3,1024,14336,4096,814.4
cutlass_64x64_s4,1024,14336,4096,723.9
cutlass_64x64_s3,1024,14336,4096,751.1
cutlass_64x128_s4,1024,14336,4096,562.0
cutlass_64x128_s3,1024,14336,4096,577.5
cutlass_128x64_s4,1024,14336,4096,568.6
cutlass_128x64_s3,1024,14336,4096,594.4
cutlass_128x128_s4,1024,14336,4096,472.5
cutlass_128x128_s3,1024,14336,4096,473.6
cutlass_128x256_s3,1024,14336,4096,544.4
cutlass_256x64_s4,1024,14336,4096,530.8
cutlass_256x64_s3,1024,14336,4096,530.3
cutlass_64x64_s4_sk2,1024,14336,4096,1116.2
cutlass_64x64_s4_sk4,1024,14336,4096,1318.3
cutlass_64x64_s4_sk8,1024,14336,4096,1798.4
cutlass_128x128_s3_sk2,1024,14336,4096,915.7
cutlass_128x128_s3_sk4,1024,14336,4096,1188.6
cutlass_128x128_s3_sk8,1024,14336,4096,1758.3
cutlass_64x128_s4_sk2,1024,14336,4096,983.0
cutlass_64x128_s4_sk4,1024,14336,4096,1181.9
cutlass_64x128_s4_sk8,1024,14336,4096,1654.4
cutlass_32x64_s4_sk4,1024,14336,4096,1595.4
cutlass_32x64_s4_sk8,1024,14336,4096,2030.2
cutlass_32x64_s4_sk16,1024,14336,4096,3080.1
cutlass_128x128_s4_sk2,1024,14336,4096,905.0
cutlass_128x128_s4_sk4,1024,14336,4096,1140.7
cutlass_128x128_s4_sk8,1024,14336,4096,1655.9
cutlass_128x64_s4_sk2,1024,14336,4096,954.3
cutlass_128x64_s4_sk4,1024,14336,4096,1175.1
cutlass_128x64_s4_sk8,1024,14336,4096,1669.8
cutlass_256x64_s4_sk2,1024,14336,4096,885.3
cutlass_256x64_s4_sk4,1024,14336,4096,1154.3
cutlass_64x64_s4_sk16,1024,14336,4096,3085.5
cutlass_64x128_s4_sk16,1024,14336,4096,3058.9
cutlass_64x64_k64_s4,1024,14336,4096,695.5
cutlass_64x64_k64_s3,1024,14336,4096,702.1
cutlass_64x128_k64_s4,1024,14336,4096,558.7
cutlass_64x128_k64_s3,1024,14336,4096,559.8
cutlass_128x64_k64_s4,1024,14336,4096,563.4
cutlass_128x64_k64_s3,1024,14336,4096,557.1
cutlass_128x128_k64_s4,1024,14336,4096,0.0
cutlass_128x128_k64_s3,1024,14336,4096,477.0
cutlass_256x64_k64_s4,1024,14336,4096,0.0
cutlass_256x64_k64_s3,1024,14336,4096,0.0
cutlass_128x256_k64_s3,1024,14336,4096,0.0
cutlass_32x64_k64_s4,1024,14336,4096,1087.1
cutlass_32x128_k64_s4,1024,14336,4096,875.4
cutlass_64x64_k64_s4_sk2,1024,14336,4096,1067.1
cutlass_64x64_k64_s4_sk4,1024,14336,4096,1310.8
cutlass_64x64_k64_s4_sk8,1024,14336,4096,1811.8
cutlass_128x128_k64_s3_sk2,1024,14336,4096,878.6
cutlass_128x128_k64_s3_sk4,1024,14336,4096,1086.4
cutlass_128x128_k64_s2,1024,14336,4096,533.7
cutlass_64x64_k64_s2,1024,14336,4096,748.4
cutlass_64x128_k64_s2,1024,14336,4096,584.0
cutlass_128x64_k64_s2,1024,14336,4096,594.7
cutlass_256x64_k64_s2,1024,14336,4096,601.8
cutlass_256x128_s2,1024,14336,4096,0.0
cutlass_64x64_s2,1024,14336,4096,757.0
cutlass_64x128_s2,1024,14336,4096,640.7
cutlass_128x64_s2,1024,14336,4096,647.8
cutlass_128x128_s2,1024,14336,4096,606.8
cutlass_128x256_s2,1024,14336,4096,523.6
cutlass_256x64_s2,1024,14336,4096,607.0
cublas,2048,14336,4096,871.8
cutlass_32x64_s4,2048,14336,4096,2097.0
cutlass_32x64_s3,2048,14336,4096,2081.0
cutlass_32x128_s4,2048,14336,4096,1752.9
cutlass_32x128_s3,2048,14336,4096,1754.0
cutlass_32x256_s3,2048,14336,4096,1593.9
cutlass_64x64_s4,2048,14336,4096,1444.5
cutlass_64x64_s3,2048,14336,4096,1453.1
cutlass_64x128_s4,2048,14336,4096,1123.0
cutlass_64x128_s3,2048,14336,4096,1145.6
cutlass_128x64_s4,2048,14336,4096,1116.6
cutlass_128x64_s3,2048,14336,4096,1127.0
cutlass_128x128_s4,2048,14336,4096,886.5
cutlass_128x128_s3,2048,14336,4096,985.9
cutlass_128x256_s3,2048,14336,4096,972.7
cutlass_256x64_s4,2048,14336,4096,965.1
cutlass_256x64_s3,2048,14336,4096,1016.6
cutlass_64x64_s4_sk2,2048,14336,4096,2078.1
cutlass_64x64_s4_sk4,2048,14336,4096,2493.8
cutlass_64x64_s4_sk8,2048,14336,4096,3423.0
cutlass_128x128_s3_sk2,2048,14336,4096,1674.0
cutlass_128x128_s3_sk4,2048,14336,4096,2179.8
cutlass_128x128_s3_sk8,2048,14336,4096,3328.3
cutlass_64x128_s4_sk2,2048,14336,4096,1794.4
cutlass_64x128_s4_sk4,2048,14336,4096,2184.4
cutlass_64x128_s4_sk8,2048,14336,4096,3106.4
cutlass_32x64_s4_sk4,2048,14336,4096,3045.4
cutlass_32x64_s4_sk8,2048,14336,4096,3890.3
cutlass_32x64_s4_sk16,2048,14336,4096,5972.7
cutlass_128x128_s4_sk2,2048,14336,4096,1654.3
cutlass_128x128_s4_sk4,2048,14336,4096,2087.6
cutlass_128x128_s4_sk8,2048,14336,4096,3142.2
cutlass_128x64_s4_sk2,2048,14336,4096,1765.7
cutlass_128x64_s4_sk4,2048,14336,4096,2196.6
cutlass_128x64_s4_sk8,2048,14336,4096,3142.0
cutlass_256x64_s4_sk2,2048,14336,4096,1679.0
cutlass_256x64_s4_sk4,2048,14336,4096,2176.5
cutlass_64x64_s4_sk16,2048,14336,4096,5860.0
cutlass_64x128_s4_sk16,2048,14336,4096,5830.2
cutlass_64x64_k64_s4,2048,14336,4096,1390.2
cutlass_64x64_k64_s3,2048,14336,4096,1383.4
cutlass_64x128_k64_s4,2048,14336,4096,1096.5
cutlass_64x128_k64_s3,2048,14336,4096,1102.0
cutlass_128x64_k64_s4,2048,14336,4096,1097.9
cutlass_128x64_k64_s3,2048,14336,4096,1083.3
cutlass_128x128_k64_s4,2048,14336,4096,0.0
cutlass_128x128_k64_s3,2048,14336,4096,868.1
cutlass_256x64_k64_s4,2048,14336,4096,0.0
cutlass_256x64_k64_s3,2048,14336,4096,0.0
cutlass_128x256_k64_s3,2048,14336,4096,0.0
cutlass_32x64_k64_s4,2048,14336,4096,2082.6
cutlass_32x128_k64_s4,2048,14336,4096,1718.6
cutlass_64x64_k64_s4_sk2,2048,14336,4096,1992.6
cutlass_64x64_k64_s4_sk4,2048,14336,4096,2458.4
cutlass_64x64_k64_s4_sk8,2048,14336,4096,3450.2
cutlass_128x128_k64_s3_sk2,2048,14336,4096,1615.1
cutlass_128x128_k64_s3_sk4,2048,14336,4096,2004.2
cutlass_128x128_k64_s2,2048,14336,4096,1004.6
cutlass_64x64_k64_s2,2048,14336,4096,1496.7
cutlass_64x128_k64_s2,2048,14336,4096,1153.5
cutlass_128x64_k64_s2,2048,14336,4096,1134.2
cutlass_256x64_k64_s2,2048,14336,4096,1136.0
cutlass_256x128_s2,2048,14336,4096,0.0
cutlass_64x64_s2,2048,14336,4096,1500.7
cutlass_64x128_s2,2048,14336,4096,1196.9
cutlass_128x64_s2,2048,14336,4096,1172.5
cutlass_128x128_s2,2048,14336,4096,1258.3
cutlass_128x256_s2,2048,14336,4096,933.6
cutlass_256x64_s2,2048,14336,4096,1163.9
cublas,4096,14336,4096,1651.1
cutlass_32x64_s4,4096,14336,4096,4187.4
cutlass_32x64_s3,4096,14336,4096,4162.7
cutlass_32x128_s4,4096,14336,4096,3518.8
cutlass_32x128_s3,4096,14336,4096,3525.4
cutlass_32x256_s3,4096,14336,4096,3138.5
cutlass_64x64_s4,4096,14336,4096,2886.3
cutlass_64x64_s3,4096,14336,4096,2914.6
cutlass_64x128_s4,4096,14336,4096,2244.7
cutlass_64x128_s3,4096,14336,4096,2289.8
cutlass_128x64_s4,4096,14336,4096,2208.3
cutlass_128x64_s3,4096,14336,4096,2234.8
cutlass_128x128_s4,4096,14336,4096,1894.6
cutlass_128x128_s3,4096,14336,4096,1930.4
cutlass_128x256_s3,4096,14336,4096,1758.0
cutlass_256x64_s4,4096,14336,4096,2000.6
cutlass_256x64_s3,4096,14336,4096,2053.9
cutlass_64x64_s4_sk2,4096,14336,4096,3971.8
cutlass_64x64_s4_sk4,4096,14336,4096,4818.1
cutlass_64x64_s4_sk8,4096,14336,4096,6657.1
cutlass_128x128_s3_sk2,4096,14336,4096,3187.0
cutlass_128x128_s3_sk4,4096,14336,4096,4177.7
cutlass_128x128_s3_sk8,4096,14336,4096,6515.3
cutlass_64x128_s4_sk2,4096,14336,4096,3385.8
cutlass_64x128_s4_sk4,4096,14336,4096,4215.6
cutlass_64x128_s4_sk8,4096,14336,4096,6046.4
cutlass_32x64_s4_sk4,4096,14336,4096,5922.1
cutlass_32x64_s4_sk8,4096,14336,4096,7582.2
cutlass_32x64_s4_sk16,4096,14336,4096,11699.7
cutlass_128x128_s4_sk2,4096,14336,4096,3051.5
cutlass_128x128_s4_sk4,4096,14336,4096,4031.1
cutlass_128x128_s4_sk8,4096,14336,4096,6048.3
cutlass_128x64_s4_sk2,4096,14336,4096,3378.4
cutlass_128x64_s4_sk4,4096,14336,4096,4237.4
cutlass_128x64_s4_sk8,4096,14336,4096,6116.5
cutlass_256x64_s4_sk2,4096,14336,4096,3213.5
cutlass_256x64_s4_sk4,4096,14336,4096,4163.4
cutlass_64x64_s4_sk16,4096,14336,4096,11473.4
cutlass_64x128_s4_sk16,4096,14336,4096,11393.8
cutlass_64x64_k64_s4,4096,14336,4096,2755.8
cutlass_64x64_k64_s3,4096,14336,4096,2758.3
cutlass_64x128_k64_s4,4096,14336,4096,2172.0
cutlass_64x128_k64_s3,4096,14336,4096,2185.9
cutlass_128x64_k64_s4,4096,14336,4096,2166.2
cutlass_128x64_k64_s3,4096,14336,4096,2146.0
cutlass_128x128_k64_s4,4096,14336,4096,0.0
cutlass_128x128_k64_s3,4096,14336,4096,1743.7
cutlass_256x64_k64_s4,4096,14336,4096,0.0
cutlass_256x64_k64_s3,4096,14336,4096,0.0
cutlass_128x256_k64_s3,4096,14336,4096,0.0
cutlass_32x64_k64_s4,4096,14336,4096,4038.9
cutlass_32x128_k64_s4,4096,14336,4096,3354.1
cutlass_64x64_k64_s4_sk2,4096,14336,4096,3864.3
cutlass_64x64_k64_s4_sk4,4096,14336,4096,4723.5
cutlass_64x64_k64_s4_sk8,4096,14336,4096,6688.6
cutlass_128x128_k64_s3_sk2,4096,14336,4096,3031.2
cutlass_128x128_k64_s3_sk4,4096,14336,4096,3823.9
cutlass_128x128_k64_s2,4096,14336,4096,1920.5
cutlass_64x64_k64_s2,4096,14336,4096,2933.6
cutlass_64x128_k64_s2,4096,14336,4096,2294.3
cutlass_128x64_k64_s2,4096,14336,4096,2250.5
cutlass_256x64_k64_s2,4096,14336,4096,2260.2
cutlass_256x128_s2,4096,14336,4096,0.0
cutlass_64x64_s2,4096,14336,4096,3024.4
cutlass_64x128_s2,4096,14336,4096,2384.3
cutlass_128x64_s2,4096,14336,4096,2423.1
cutlass_128x128_s2,4096,14336,4096,2267.3
cutlass_128x256_s2,4096,14336,4096,1773.8
cutlass_256x64_s2,4096,14336,4096,2331.4
cublas,1,4096,11008,29.1
cutlass_32x64_s4,1,4096,11008,57.7
cutlass_32x64_s3,1,4096,11008,56.9
cutlass_32x128_s4,1,4096,11008,94.5
cutlass_32x128_s3,1,4096,11008,94.5
cutlass_32x256_s3,1,4096,11008,100.9
cutlass_64x64_s4,1,4096,11008,50.4
cutlass_64x64_s3,1,4096,11008,49.3
cutlass_64x128_s4,1,4096,11008,79.7
cutlass_64x128_s3,1,4096,11008,79.7
cutlass_128x64_s4,1,4096,11008,80.2
cutlass_128x64_s3,1,4096,11008,80.3
cutlass_128x128_s4,1,4096,11008,155.1
cutlass_128x128_s3,1,4096,11008,155.1
cutlass_128x256_s3,1,4096,11008,299.1
cutlass_256x64_s4,1,4096,11008,148.8
cutlass_256x64_s3,1,4096,11008,148.5
cutlass_64x64_s4_sk2,1,4096,11008,29.7
cutlass_64x64_s4_sk4,1,4096,11008,28.5
cutlass_64x64_s4_sk8,1,4096,11008,28.6
cutlass_128x128_s3_sk2,1,4096,11008,74.2
cutlass_128x128_s3_sk4,1,4096,11008,45.8
cutlass_128x128_s3_sk8,1,4096,11008,48.3
cutlass_64x128_s4_sk2,1,4096,11008,38.5
cutlass_64x128_s4_sk4,1,4096,11008,26.8
cutlass_64x128_s4_sk8,1,4096,11008,27.9
cutlass_32x64_s4_sk4,1,4096,11008,20.6
cutlass_32x64_s4_sk8,1,4096,11008,20.6
cutlass_32x64_s4_sk16,1,4096,11008,22.6
cutlass_128x128_s4_sk2,1,4096,11008,73.6
cutlass_128x128_s4_sk4,1,4096,11008,46.2
cutlass_128x128_s4_sk8,1,4096,11008,49.3
cutlass_128x64_s4_sk2,1,4096,11008,47.3
cutlass_128x64_s4_sk4,1,4096,11008,48.4
cutlass_128x64_s4_sk8,1,4096,11008,50.1
cutlass_256x64_s4_sk2,1,4096,11008,86.7
cutlass_256x64_s4_sk4,1,4096,11008,89.6
cutlass_64x64_s4_sk16,1,4096,11008,32.1
cutlass_64x128_s4_sk16,1,4096,11008,29.3
cutlass_64x64_k64_s4,1,4096,11008,40.3
cutlass_64x64_k64_s3,1,4096,11008,39.1
cutlass_64x128_k64_s4,1,4096,11008,79.2
cutlass_64x128_k64_s3,1,4096,11008,79.2
cutlass_128x64_k64_s4,1,4096,11008,77.4
cutlass_128x64_k64_s3,1,4096,11008,76.0
cutlass_128x128_k64_s4,1,4096,11008,0.0
cutlass_128x128_k64_s3,1,4096,11008,151.2
cutlass_256x64_k64_s4,1,4096,11008,0.0
cutlass_256x64_k64_s3,1,4096,11008,0.0
cutlass_128x256_k64_s3,1,4096,11008,0.0
cutlass_32x64_k64_s4,1,4096,11008,44.7
cutlass_32x128_k64_s4,1,4096,11008,74.1
cutlass_64x64_k64_s4_sk2,1,4096,11008,27.4
cutlass_64x64_k64_s4_sk4,1,4096,11008,29.2
cutlass_64x64_k64_s4_sk8,1,4096,11008,33.2
cutlass_128x128_k64_s3_sk2,1,4096,11008,76.9
cutlass_128x128_k64_s3_sk4,1,4096,11008,43.6
cutlass_128x128_k64_s2,1,4096,11008,153.7
cutlass_64x64_k64_s2,1,4096,11008,61.8
cutlass_64x128_k64_s2,1,4096,11008,94.4
cutlass_128x64_k64_s2,1,4096,11008,95.1
cutlass_256x64_k64_s2,1,4096,11008,165.4
cutlass_256x128_s2,1,4096,11008,0.0
cutlass_64x64_s2,1,4096,11008,92.0
cutlass_64x128_s2,1,4096,11008,117.6
cutlass_128x64_s2,1,4096,11008,113.4
cutlass_128x128_s2,1,4096,11008,179.1
cutlass_128x256_s2,1,4096,11008,291.4
cutlass_256x64_s2,1,4096,11008,182.6
cutlass_gemv,1,4096,11008,20.5
cublas,2,4096,11008,43.7
cutlass_32x64_s4,2,4096,11008,47.8
cutlass_32x64_s3,2,4096,11008,47.0
cutlass_32x128_s4,2,4096,11008,78.3
cutlass_32x128_s3,2,4096,11008,78.3
cutlass_32x256_s3,2,4096,11008,83.7
cutlass_64x64_s4,2,4096,11008,45.1
cutlass_64x64_s3,2,4096,11008,45.1
cutlass_64x128_s4,2,4096,11008,72.8
cutlass_64x128_s3,2,4096,11008,72.9
cutlass_128x64_s4,2,4096,11008,73.4
cutlass_128x64_s3,2,4096,11008,73.4
cutlass_128x128_s4,2,4096,11008,142.0
cutlass_128x128_s3,2,4096,11008,142.0
cutlass_128x256_s3,2,4096,11008,288.1
cutlass_256x64_s4,2,4096,11008,146.1
cutlass_256x64_s3,2,4096,11008,146.1
cutlass_64x64_s4_sk2,2,4096,11008,29.6
cutlass_64x64_s4_sk4,2,4096,11008,28.6
cutlass_64x64_s4_sk8,2,4096,11008,28.7
cutlass_128x128_s3_sk2,2,4096,11008,73.7
cutlass_128x128_s3_sk4,2,4096,11008,46.1
cutlass_128x128_s3_sk8,2,4096,11008,48.2
cutlass_64x128_s4_sk2,2,4096,11008,38.3
cutlass_64x128_s4_sk4,2,4096,11008,26.7
cutlass_64x128_s4_sk8,2,4096,11008,27.6
cutlass_32x64_s4_sk4,2,4096,11008,20.2
cutlass_32x64_s4_sk8,2,4096,11008,20.8
cutlass_32x64_s4_sk16,2,4096,11008,23.0
cutlass_128x128_s4_sk2,2,4096,11008,73.6
cutlass_128x128_s4_sk4,2,4096,11008,45.9
cutlass_128x128_s4_sk8,2,4096,11008,49.0
cutlass_128x64_s4_sk2,2,4096,11008,47.4
cutlass_128x64_s4_sk4,2,4096,11008,48.7
cutlass_128x64_s4_sk8,2,4096,11008,50.1
cutlass_256x64_s4_sk2,2,4096,11008,86.5
cutlass_256x64_s4_sk4,2,4096,11008,89.8
cutlass_64x64_s4_sk16,2,4096,11008,32.4
cutlass_64x128_s4_sk16,2,4096,11008,30.3
cutlass_64x64_k64_s4,2,4096,11008,37.0
cutlass_64x64_k64_s3,2,4096,11008,38.3
cutlass_64x128_k64_s4,2,4096,11008,77.6
cutlass_64x128_k64_s3,2,4096,11008,77.6
cutlass_128x64_k64_s4,2,4096,11008,78.0
cutlass_128x64_k64_s3,2,4096,11008,77.1
cutlass_128x128_k64_s4,2,4096,11008,0.0
cutlass_128x128_k64_s3,2,4096,11008,150.3
cutlass_256x64_k64_s4,2,4096,11008,0.0
cutlass_256x64_k64_s3,2,4096,11008,0.0
cutlass_128x256_k64_s3,2,4096,11008,0.0
cutlass_32x64_k64_s4,2,4096,11008,44.4
cutlass_32x128_k64_s4,2,4096,11008,74.9
cutlass_64x64_k64_s4_sk2,2,4096,11008,26.8
cutlass_64x64_k64_s4_sk4,2,4096,11008,29.2
cutlass_64x64_k64_s4_sk8,2,4096,11008,33.4
cutlass_128x128_k64_s3_sk2,2,4096,11008,76.5
cutlass_128x128_k64_s3_sk4,2,4096,11008,44.3
cutlass_128x128_k64_s2,2,4096,11008,154.2
cutlass_64x64_k64_s2,2,4096,11008,61.7
cutlass_64x128_k64_s2,2,4096,11008,94.5
cutlass_128x64_k64_s2,2,4096,11008,95.5
cutlass_256x64_k64_s2,2,4096,11008,165.8
cutlass_256x128_s2,2,4096,11008,0.0
cutlass_64x64_s2,2,4096,11008,92.0
cutlass_64x128_s2,2,4096,11008,117.9
cutlass_128x64_s2,2,4096,11008,113.0
cutlass_128x128_s2,2,4096,11008,179.1
cutlass_128x256_s2,2,4096,11008,291.6
cutlass_256x64_s2,2,4096,11008,182.5
cublas,4,4096,11008,44.0
cutlass_32x64_s4,4,4096,11008,47.8
cutlass_32x64_s3,4,4096,11008,47.0
cutlass_32x128_s4,4,4096,11008,78.3
cutlass_32x128_s3,4,4096,11008,78.3
cutlass_32x256_s3,4,4096,11008,83.7
cutlass_64x64_s4,4,4096,11008,45.1
cutlass_64x64_s3,4,4096,11008,45.1
cutlass_64x128_s4,4,4096,11008,72.8
cutlass_64x128_s3,4,4096,11008,72.8
cutlass_128x64_s4,4,4096,11008,73.4
cutlass_128x64_s3,4,4096,11008,73.4
cutlass_128x128_s4,4,4096,11008,142.0
cutlass_128x128_s3,4,4096,11008,142.0
cutlass_128x256_s3,4,4096,11008,288.0
cutlass_256x64_s4,4,4096,11008,146.1
cutlass_256x64_s3,4,4096,11008,146.1
cutlass_64x64_s4_sk2,4,4096,11008,30.0
cutlass_64x64_s4_sk4,4,4096,11008,28.8
cutlass_64x64_s4_sk8,4,4096,11008,29.2
cutlass_128x128_s3_sk2,4,4096,11008,73.8
cutlass_128x128_s3_sk4,4,4096,11008,46.1
cutlass_128x128_s3_sk8,4,4096,11008,48.9
cutlass_64x128_s4_sk2,4,4096,11008,38.3
cutlass_64x128_s4_sk4,4,4096,11008,26.6
cutlass_64x128_s4_sk8,4,4096,11008,28.0
cutlass_32x64_s4_sk4,4,4096,11008,20.8
cutlass_32x64_s4_sk8,4,4096,11008,21.4
cutlass_32x64_s4_sk16,4,4096,11008,23.6
cutlass_128x128_s4_sk2,4,4096,11008,73.6
cutlass_128x128_s4_sk4,4,4096,11008,46.2
cutlass_128x128_s4_sk8,4,4096,11008,49.1
cutlass_128x64_s4_sk2,4,4096,11008,46.7
cutlass_128x64_s4_sk4,4,4096,11008,47.8
cutlass_128x64_s4_sk8,4,4096,11008,50.5
cutlass_256x64_s4_sk2,4,4096,11008,86.4
cutlass_256x64_s4_sk4,4,4096,11008,89.2
cutlass_64x64_s4_sk16,4,4096,11008,32.9
cutlass_64x128_s4_sk16,4,4096,11008,30.8
cutlass_64x64_k64_s4,4,4096,11008,37.1
cutlass_64x64_k64_s3,4,4096,11008,36.0
cutlass_64x128_k64_s4,4,4096,11008,72.9
cutlass_64x128_k64_s3,4,4096,11008,77.6
cutlass_128x64_k64_s4,4,4096,11008,78.0
cutlass_128x64_k64_s3,4,4096,11008,78.0
cutlass_128x128_k64_s4,4,4096,11008,0.0
cutlass_128x128_k64_s3,4,4096,11008,153.1
cutlass_256x64_k64_s4,4,4096,11008,0.0
cutlass_256x64_k64_s3,4,4096,11008,0.0
cutlass_128x256_k64_s3,4,4096,11008,0.0
cutlass_32x64_k64_s4,4,4096,11008,44.5
cutlass_32x128_k64_s4,4,4096,11008,74.9
cutlass_64x64_k64_s4_sk2,4,4096,11008,27.1
cutlass_64x64_k64_s4_sk4,4,4096,11008,29.9
cutlass_64x64_k64_s4_sk8,4,4096,11008,32.7
cutlass_128x128_k64_s3_sk2,4,4096,11008,77.2
cutlass_128x128_k64_s3_sk4,4,4096,11008,44.0
cutlass_128x128_k64_s2,4,4096,11008,154.4
cutlass_64x64_k64_s2,4,4096,11008,62.2
cutlass_64x128_k64_s2,4,4096,11008,95.1
cutlass_128x64_k64_s2,4,4096,11008,95.5
cutlass_256x64_k64_s2,4,4096,11008,166.5
cutlass_256x128_s2,4,4096,11008,0.0
cutlass_64x64_s2,4,4096,11008,92.0
cutlass_64x128_s2,4,4096,11008,117.9
cutlass_128x64_s2,4,4096,11008,113.4
cutlass_128x128_s2,4,4096,11008,179.1
cutlass_128x256_s2,4,4096,11008,291.5
cutlass_256x64_s2,4,4096,11008,182.5
cublas,8,4096,11008,44.1
cutlass_32x64_s4,8,4096,11008,47.8
cutlass_32x64_s3,8,4096,11008,47.1
cutlass_32x128_s4,8,4096,11008,78.3
cutlass_32x128_s3,8,4096,11008,78.4
cutlass_32x256_s3,8,4096,11008,83.7
cutlass_64x64_s4,8,4096,11008,45.3
cutlass_64x64_s3,8,4096,11008,45.3
cutlass_64x128_s4,8,4096,11008,72.9
cutlass_64x128_s3,8,4096,11008,72.9
cutlass_128x64_s4,8,4096,11008,73.5
cutlass_128x64_s3,8,4096,11008,73.5
cutlass_128x128_s4,8,4096,11008,142.1
cutlass_128x128_s3,8,4096,11008,142.1
cutlass_128x256_s3,8,4096,11008,288.1
cutlass_256x64_s4,8,4096,11008,146.2
cutlass_256x64_s3,8,4096,11008,146.2
cutlass_64x64_s4_sk2,8,4096,11008,30.6
cutlass_64x64_s4_sk4,8,4096,11008,29.1
cutlass_64x64_s4_sk8,8,4096,11008,29.5
cutlass_128x128_s3_sk2,8,4096,11008,74.0
cutlass_128x128_s3_sk4,8,4096,11008,47.2
cutlass_128x128_s3_sk8,8,4096,11008,50.7
cutlass_64x128_s4_sk2,8,4096,11008,38.3
cutlass_64x128_s4_sk4,8,4096,11008,27.2
cutlass_64x128_s4_sk8,8,4096,11008,28.7
cutlass_32x64_s4_sk4,8,4096,11008,21.9
cutlass_32x64_s4_sk8,8,4096,11008,22.0
cutlass_32x64_s4_sk16,8,4096,11008,25.2
cutlass_128x128_s4_sk2,8,4096,11008,73.6
cutlass_128x128_s4_sk4,8,4096,11008,46.3
cutlass_128x128_s4_sk8,8,4096,11008,49.8
cutlass_128x64_s4_sk2,8,4096,11008,47.6
cutlass_128x64_s4_sk4,8,4096,11008,48.7
cutlass_128x64_s4_sk8,8,4096,11008,50.8
cutlass_256x64_s4_sk2,8,4096,11008,87.3
cutlass_256x64_s4_sk4,8,4096,11008,90.1
cutlass_64x64_s4_sk16,8,4096,11008,33.5
cutlass_64x128_s4_sk16,8,4096,11008,30.6
cutlass_64x64_k64_s4,8,4096,11008,38.8
cutlass_64x64_k64_s3,8,4096,11008,37.6
cutlass_64x128_k64_s4,8,4096,11008,76.2
cutlass_64x128_k64_s3,8,4096,11008,76.2
cutlass_128x64_k64_s4,8,4096,11008,76.6
cutlass_128x64_k64_s3,8,4096,11008,76.5
cutlass_128x128_k64_s4,8,4096,11008,0.0
cutlass_128x128_k64_s3,8,4096,11008,152.1
cutlass_256x64_k64_s4,8,4096,11008,0.0
cutlass_256x64_k64_s3,8,4096,11008,0.0
cutlass_128x256_k64_s3,8,4096,11008,0.0
cutlass_32x64_k64_s4,8,4096,11008,45.0
cutlass_32x128_k64_s4,8,4096,11008,74.0
cutlass_64x64_k64_s4_sk2,8,4096,11008,27.7
cutlass_64x64_k64_s4_sk4,8,4096,11008,29.9
cutlass_64x64_k64_s4_sk8,8,4096,11008,33.4
cutlass_128x128_k64_s3_sk2,8,4096,11008,77.2
cutlass_128x128_k64_s3_sk4,8,4096,11008,44.9
cutlass_128x128_k64_s2,8,4096,11008,155.0
cutlass_64x64_k64_s2,8,4096,11008,62.0
cutlass_64x128_k64_s2,8,4096,11008,94.7
cutlass_128x64_k64_s2,8,4096,11008,95.0
cutlass_256x64_k64_s2,8,4096,11008,165.4
cutlass_256x128_s2,8,4096,11008,0.0
cutlass_64x64_s2,8,4096,11008,92.3
cutlass_64x128_s2,8,4096,11008,119.1
cutlass_128x64_s2,8,4096,11008,113.1
cutlass_128x128_s2,8,4096,11008,179.1
cutlass_128x256_s2,8,4096,11008,291.4
cutlass_256x64_s2,8,4096,11008,182.5
cublas,16,4096,11008,46.8
cutlass_32x64_s4,16,4096,11008,47.8
cutlass_32x64_s3,16,4096,11008,47.3
cutlass_32x128_s4,16,4096,11008,78.4
cutlass_32x128_s3,16,4096,11008,78.4
cutlass_32x256_s3,16,4096,11008,83.8
cutlass_64x64_s4,16,4096,11008,45.1
cutlass_64x64_s3,16,4096,11008,45.5
cutlass_64x128_s4,16,4096,11008,72.8
cutlass_64x128_s3,16,4096,11008,72.8
cutlass_128x64_s4,16,4096,11008,73.4
cutlass_128x64_s3,16,4096,11008,73.4
cutlass_128x128_s4,16,4096,11008,142.0
cutlass_128x128_s3,16,4096,11008,142.0
cutlass_128x256_s3,16,4096,11008,288.1
cutlass_256x64_s4,16,4096,11008,146.1
cutlass_256x64_s3,16,4096,11008,146.1
cutlass_64x64_s4_sk2,16,4096,11008,31.0
cutlass_64x64_s4_sk4,16,4096,11008,30.0
cutlass_64x64_s4_sk8,16,4096,11008,31.0
cutlass_128x128_s3_sk2,16,4096,11008,74.0
cutlass_128x128_s3_sk4,16,4096,11008,46.9
cutlass_128x128_s3_sk8,16,4096,11008,49.4
cutlass_64x128_s4_sk2,16,4096,11008,38.5
cutlass_64x128_s4_sk4,16,4096,11008,27.4
cutlass_64x128_s4_sk8,16,4096,11008,28.9
cutlass_32x64_s4_sk4,16,4096,11008,23.3
cutlass_32x64_s4_sk8,16,4096,11008,24.0
cutlass_32x64_s4_sk16,16,4096,11008,27.4
cutlass_128x128_s4_sk2,16,4096,11008,73.8
cutlass_128x128_s4_sk4,16,4096,11008,46.9
cutlass_128x128_s4_sk8,16,4096,11008,49.4
cutlass_128x64_s4_sk2,16,4096,11008,47.0
cutlass_128x64_s4_sk4,16,4096,11008,49.1
cutlass_128x64_s4_sk8,16,4096,11008,51.2
cutlass_256x64_s4_sk2,16,4096,11008,86.8
cutlass_256x64_s4_sk4,16,4096,11008,90.2
cutlass_64x64_s4_sk16,16,4096,11008,34.3
cutlass_64x128_s4_sk16,16,4096,11008,31.6
cutlass_64x64_k64_s4,16,4096,11008,37.6
cutlass_64x64_k64_s3,16,4096,11008,39.0
cutlass_64x128_k64_s4,16,4096,11008,78.8
cutlass_64x128_k64_s3,16,4096,11008,78.8
cutlass_128x64_k64_s4,16,4096,11008,79.1
cutlass_128x64_k64_s3,16,4096,11008,76.7
cutlass_128x128_k64_s4,16,4096,11008,0.0
cutlass_128x128_k64_s3,16,4096,11008,151.2
cutlass_256x64_k64_s4,16,4096,11008,0.0
cutlass_256x64_k64_s3,16,4096,11008,0.0
cutlass_128x256_k64_s3,16,4096,11008,0.0
cutlass_32x64_k64_s4,16,4096,11008,44.8
cutlass_32x128_k64_s4,16,4096,11008,75.5
cutlass_64x64_k64_s4_sk2,16,4096,11008,28.0
cutlass_64x64_k64_s4_sk4,16,4096,11008,30.3
cutlass_64x64_k64_s4_sk8,16,4096,11008,34.2
cutlass_128x128_k64_s3_sk2,16,4096,11008,77.3
cutlass_128x128_k64_s3_sk4,16,4096,11008,44.3
cutlass_128x128_k64_s2,16,4096,11008,156.2
cutlass_64x64_k64_s2,16,4096,11008,64.3
cutlass_64x128_k64_s2,16,4096,11008,95.4
cutlass_128x64_k64_s2,16,4096,11008,95.5
cutlass_256x64_k64_s2,16,4096,11008,165.4
cutlass_256x128_s2,16,4096,11008,0.0
cutlass_64x64_s2,16,4096,11008,93.6
cutlass_64x128_s2,16,4096,11008,122.1
cutlass_128x64_s2,16,4096,11008,113.5
cutlass_128x128_s2,16,4096,11008,179.1
cutlass_128x256_s2,16,4096,11008,289.8
cutlass_256x64_s2,16,4096,11008,182.6
cublas,32,4096,11008,44.9
cutlass_32x64_s4,32,4096,11008,48.6
cutlass_32x64_s3,32,4096,11008,48.2
cutlass_32x128_s4,32,4096,11008,78.4
cutlass_32x128_s3,32,4096,11008,78.4
cutlass_32x256_s3,32,4096,11008,83.8
cutlass_64x64_s4,32,4096,11008,45.8
cutlass_64x64_s3,32,4096,11008,47.6
cutlass_64x128_s4,32,4096,11008,73.0
cutlass_64x128_s3,32,4096,11008,72.9
cutlass_128x64_s4,32,4096,11008,73.4
cutlass_128x64_s3,32,4096,11008,73.5
cutlass_128x128_s4,32,4096,11008,142.0
cutlass_128x128_s3,32,4096,11008,142.0
cutlass_128x256_s3,32,4096,11008,288.1
cutlass_256x64_s4,32,4096,11008,146.1
cutlass_256x64_s3,32,4096,11008,146.1
cutlass_64x64_s4_sk2,32,4096,11008,33.9
cutlass_64x64_s4_sk4,32,4096,11008,32.7
cutlass_64x64_s4_sk8,32,4096,11008,38.5
cutlass_128x128_s3_sk2,32,4096,11008,74.1
cutlass_128x128_s3_sk4,32,4096,11008,48.3
cutlass_128x128_s3_sk8,32,4096,11008,52.0
cutlass_64x128_s4_sk2,32,4096,11008,38.8
cutlass_64x128_s4_sk4,32,4096,11008,28.5
cutlass_64x128_s4_sk8,32,4096,11008,30.6
cutlass_32x64_s4_sk4,32,4096,11008,27.7
cutlass_32x64_s4_sk8,32,4096,11008,28.9
cutlass_32x64_s4_sk16,32,4096,11008,35.5
cutlass_128x128_s4_sk2,32,4096,11008,74.2
cutlass_128x128_s4_sk4,32,4096,11008,47.8
cutlass_128x128_s4_sk8,32,4096,11008,51.0
cutlass_128x64_s4_sk2,32,4096,11008,48.3
cutlass_128x64_s4_sk4,32,4096,11008,49.7
cutlass_128x64_s4_sk8,32,4096,11008,52.4
cutlass_256x64_s4_sk2,32,4096,11008,88.6
cutlass_256x64_s4_sk4,32,4096,11008,91.4
cutlass_64x64_s4_sk16,32,4096,11008,39.8
cutlass_64x128_s4_sk16,32,4096,11008,36.2
cutlass_64x64_k64_s4,32,4096,11008,38.8
cutlass_64x64_k64_s3,32,4096,11008,41.8
cutlass_64x128_k64_s4,32,4096,11008,80.5
cutlass_64x128_k64_s3,32,4096,11008,80.3
cutlass_128x64_k64_s4,32,4096,11008,80.8
cutlass_128x64_k64_s3,32,4096,11008,78.0
cutlass_128x128_k64_s4,32,4096,11008,0.0
cutlass_128x128_k64_s3,32,4096,11008,152.3
cutlass_256x64_k64_s4,32,4096,11008,0.0
cutlass_256x64_k64_s3,32,4096,11008,0.0
cutlass_128x256_k64_s3,32,4096,11008,0.0
cutlass_32x64_k64_s4,32,4096,11008,45.3
cutlass_32x128_k64_s4,32,4096,11008,76.1
cutlass_64x64_k64_s4_sk2,32,4096,11008,30.9
cutlass_64x64_k64_s4_sk4,32,4096,11008,34.5
cutlass_64x64_k64_s4_sk8,32,4096,11008,37.1
cutlass_128x128_k64_s3_sk2,32,4096,11008,77.6
cutlass_128x128_k64_s3_sk4,32,4096,11008,45.4
cutlass_128x128_k64_s2,32,4096,11008,155.7
cutlass_64x64_k64_s2,32,4096,11008,68.5
cutlass_64x128_k64_s2,32,4096,11008,97.5
cutlass_128x64_k64_s2,32,4096,11008,95.7
cutlass_256x64_k64_s2,32,4096,11008,165.6
cutlass_256x128_s2,32,4096,11008,0.0
cutlass_64x64_s2,32,4096,11008,97.4
cutlass_64x128_s2,32,4096,11008,128.6
cutlass_128x64_s2,32,4096,11008,114.9
cutlass_128x128_s2,32,4096,11008,179.2
cutlass_128x256_s2,32,4096,11008,289.3
cutlass_256x64_s2,32,4096,11008,182.5
cublas,64,4096,11008,78.9
cutlass_32x64_s4,64,4096,11008,59.5
cutlass_32x64_s3,64,4096,11008,61.3
cutlass_32x128_s4,64,4096,11008,78.5
cutlass_32x128_s3,64,4096,11008,78.5
cutlass_32x256_s3,64,4096,11008,84.0
cutlass_64x64_s4,64,4096,11008,48.9
cutlass_64x64_s3,64,4096,11008,52.8
cutlass_64x128_s4,64,4096,11008,73.4
cutlass_64x128_s3,64,4096,11008,73.0
cutlass_128x64_s4,64,4096,11008,73.6
cutlass_128x64_s3,64,4096,11008,73.5
cutlass_128x128_s4,64,4096,11008,142.1
cutlass_128x128_s3,64,4096,11008,142.1
cutlass_128x256_s3,64,4096,11008,287.7
cutlass_256x64_s4,64,4096,11008,146.2
cutlass_256x64_s3,64,4096,11008,146.2
cutlass_64x64_s4_sk2,64,4096,11008,40.9
cutlass_64x64_s4_sk4,64,4096,11008,40.3
cutlass_64x64_s4_sk8,64,4096,11008,49.5
cutlass_128x128_s3_sk2,64,4096,11008,74.9
cutlass_128x128_s3_sk4,64,4096,11008,52.3
cutlass_128x128_s3_sk8,64,4096,11008,60.6
cutlass_64x128_s4_sk2,64,4096,11008,40.5
cutlass_64x128_s4_sk4,64,4096,11008,33.2
cutlass_64x128_s4_sk8,64,4096,11008,41.9
cutlass_32x64_s4_sk4,64,4096,11008,53.0
cutlass_32x64_s4_sk8,64,4096,11008,60.5
cutlass_32x64_s4_sk16,64,4096,11008,115.9
cutlass_128x128_s4_sk2,64,4096,11008,74.8
cutlass_128x128_s4_sk4,64,4096,11008,51.9
cutlass_128x128_s4_sk8,64,4096,11008,59.0
cutlass_128x64_s4_sk2,64,4096,11008,52.6
cutlass_128x64_s4_sk4,64,4096,11008,53.1
cutlass_128x64_s4_sk8,64,4096,11008,58.4
cutlass_256x64_s4_sk2,64,4096,11008,92.7
cutlass_256x64_s4_sk4,64,4096,11008,95.8
cutlass_64x64_s4_sk16,64,4096,11008,119.6
cutlass_64x128_s4_sk16,64,4096,11008,121.7
cutlass_64x64_k64_s4,64,4096,11008,46.1
cutlass_64x64_k64_s3,64,4096,11008,48.7
cutlass_64x128_k64_s4,64,4096,11008,80.2
cutlass_64x128_k64_s3,64,4096,11008,77.2
cutlass_128x64_k64_s4,64,4096,11008,76.8
cutlass_128x64_k64_s3,64,4096,11008,76.7
cutlass_128x128_k64_s4,64,4096,11008,0.0
cutlass_128x128_k64_s3,64,4096,11008,151.7
cutlass_256x64_k64_s4,64,4096,11008,0.0
cutlass_256x64_k64_s3,64,4096,11008,0.0
cutlass_128x256_k64_s3,64,4096,11008,0.0
cutlass_32x64_k64_s4,64,4096,11008,56.4
cutlass_32x128_k64_s4,64,4096,11008,74.2
cutlass_64x64_k64_s4_sk2,64,4096,11008,39.6
cutlass_64x64_k64_s4_sk4,64,4096,11008,43.9
cutlass_64x64_k64_s4_sk8,64,4096,11008,49.3
cutlass_128x128_k64_s3_sk2,64,4096,11008,77.4
cutlass_128x128_k64_s3_sk4,64,4096,11008,49.0
cutlass_128x128_k64_s2,64,4096,11008,152.6
cutlass_64x64_k64_s2,64,4096,11008,76.4
cutlass_64x128_k64_s2,64,4096,11008,103.2
cutlass_128x64_k64_s2,64,4096,11008,95.1
cutlass_256x64_k64_s2,64,4096,11008,165.6
cutlass_256x128_s2,64,4096,11008,0.0
cutlass_64x64_s2,64,4096,11008,109.0
cutlass_64x128_s2,64,4096,11008,137.3
cutlass_128x64_s2,64,4096,11008,119.9
cutlass_128x128_s2,64,4096,11008,179.2
cutlass_128x256_s2,64,4096,11008,291.7
cutlass_256x64_s2,64,4096,11008,182.5
cublas,128,4096,11008,58.4
cutlass_32x64_s4,128,4096,11008,107.0
cutlass_32x64_s3,128,4096,11008,110.7
cutlass_32x128_s4,128,4096,11008,87.8
cutlass_32x128_s3,128,4096,11008,90.2
cutlass_32x256_s3,128,4096,11008,91.0
cutlass_64x64_s4,128,4096,11008,79.3
cutlass_64x64_s3,128,4096,11008,81.2
cutlass_64x128_s4,128,4096,11008,74.0
cutlass_64x128_s3,128,4096,11008,74.5
cutlass_128x64_s4,128,4096,11008,76.4
cutlass_128x64_s3,128,4096,11008,77.5
cutlass_128x128_s4,128,4096,11008,142.7
cutlass_128x128_s3,128,4096,11008,142.7
cutlass_128x256_s3,128,4096,11008,288.7
cutlass_256x64_s4,128,4096,11008,146.8
cutlass_256x64_s3,128,4096,11008,146.6
cutlass_64x64_s4_sk2,128,4096,11008,75.4
cutlass_64x64_s4_sk4,128,4096,11008,100.0
cutlass_64x64_s4_sk8,128,4096,11008,131.1
cutlass_128x128_s3_sk2,128,4096,11008,78.6
cutlass_128x128_s3_sk4,128,4096,11008,69.4
cutlass_128x128_s3_sk8,128,4096,11008,153.1
cutlass_64x128_s4_sk2,128,4096,11008,62.0
cutlass_64x128_s4_sk4,128,4096,11008,68.0
cutlass_64x128_s4_sk8,128,4096,11008,135.2
cutlass_32x64_s4_sk4,128,4096,11008,111.2
cutlass_32x64_s4_sk8,128,4096,11008,130.8
cutlass_32x64_s4_sk16,128,4096,11008,188.3
cutlass_128x128_s4_sk2,128,4096,11008,77.6
cutlass_128x128_s4_sk4,128,4096,11008,63.5
cutlass_128x128_s4_sk8,128,4096,11008,151.8
cutlass_128x64_s4_sk2,128,4096,11008,64.5
cutlass_128x64_s4_sk4,128,4096,11008,69.3
cutlass_128x64_s4_sk8,128,4096,11008,143.8
cutlass_256x64_s4_sk2,128,4096,11008,104.7
cutlass_256x64_s4_sk4,128,4096,11008,108.2
cutlass_64x64_s4_sk16,128,4096,11008,184.2
cutlass_64x128_s4_sk16,128,4096,11008,183.9
cutlass_64x64_k64_s4,128,4096,11008,75.1
cutlass_64x64_k64_s3,128,4096,11008,75.8
cutlass_64x128_k64_s4,128,4096,11008,73.8
cutlass_64x128_k64_s3,128,4096,11008,73.6
cutlass_128x64_k64_s4,128,4096,11008,74.2
cutlass_128x64_k64_s3,128,4096,11008,74.7
cutlass_128x128_k64_s4,128,4096,11008,0.0
cutlass_128x128_k64_s3,128,4096,11008,146.2
cutlass_256x64_k64_s4,128,4096,11008,0.0
cutlass_256x64_k64_s3,128,4096,11008,0.0
cutlass_128x256_k64_s3,128,4096,11008,0.0
cutlass_32x64_k64_s4,128,4096,11008,101.8
cutlass_32x128_k64_s4,128,4096,11008,86.3
cutlass_64x64_k64_s4_sk2,128,4096,11008,81.9
cutlass_64x64_k64_s4_sk4,128,4096,11008,87.0
cutlass_64x64_k64_s4_sk8,128,4096,11008,135.5
cutlass_128x128_k64_s3_sk2,128,4096,11008,79.5
cutlass_128x128_k64_s3_sk4,128,4096,11008,62.2
cutlass_128x128_k64_s2,128,4096,11008,151.4
cutlass_64x64_k64_s2,128,4096,11008,86.4
cutlass_64x128_k64_s2,128,4096,11008,105.6
cutlass_128x64_k64_s2,128,4096,11008,106.2
cutlass_256x64_k64_s2,128,4096,11008,165.7
cutlass_256x128_s2,128,4096,11008,0.0
cutlass_64x64_s2,128,4096,11008,113.1
cutlass_64x128_s2,128,4096,11008,140.4
cutlass_128x64_s2,128,4096,11008,143.6
cutlass_128x128_s2,128,4096,11008,179.8
cutlass_128x256_s2,128,4096,11008,292.2
cutlass_256x64_s2,128,4096,11008,183.2
cublas,256,4096,11008,101.8
cutlass_32x64_s4,256,4096,11008,197.8
cutlass_32x64_s3,256,4096,11008,199.8
cutlass_32x128_s4,256,4096,11008,161.8
cutlass_32x128_s3,256,4096,11008,166.9
cutlass_32x256_s3,256,4096,11008,151.1
cutlass_64x64_s4,256,4096,11008,145.6
cutlass_64x64_s3,256,4096,11008,147.8
cutlass_64x128_s4,256,4096,11008,116.5
cutlass_64x128_s3,256,4096,11008,115.6
cutlass_128x64_s4,256,4096,11008,118.0
cutlass_128x64_s3,256,4096,11008,123.3
cutlass_128x128_s4,256,4096,11008,159.9
cutlass_128x128_s3,256,4096,11008,160.0
cutlass_128x256_s3,256,4096,11008,313.0
cutlass_256x64_s4,256,4096,11008,152.5
cutlass_256x64_s3,256,4096,11008,152.6
cutlass_64x64_s4_sk2,256,4096,11008,186.8
cutlass_64x64_s4_sk4,256,4096,11008,171.5
cutlass_64x64_s4_sk8,256,4096,11008,208.8
cutlass_128x128_s3_sk2,256,4096,11008,119.6
cutlass_128x128_s3_sk4,256,4096,11008,157.3
cutlass_128x128_s3_sk8,256,4096,11008,213.2
cutlass_64x128_s4_sk2,256,4096,11008,120.8
cutlass_64x128_s4_sk4,256,4096,11008,144.6
cutlass_64x128_s4_sk8,256,4096,11008,198.6
cutlass_32x64_s4_sk4,256,4096,11008,216.4
cutlass_32x64_s4_sk8,256,4096,11008,238.5
cutlass_32x64_s4_sk16,256,4096,11008,315.6
cutlass_128x128_s4_sk2,256,4096,11008,112.7
cutlass_128x128_s4_sk4,256,4096,11008,151.1
cutlass_128x128_s4_sk8,256,4096,11008,204.4
cutlass_128x64_s4_sk2,256,4096,11008,122.2
cutlass_128x64_s4_sk4,256,4096,11008,149.0
cutlass_128x64_s4_sk8,256,4096,11008,197.2
cutlass_256x64_s4_sk2,256,4096,11008,117.1
cutlass_256x64_s4_sk4,256,4096,11008,167.5
cutlass_64x64_s4_sk16,256,4096,11008,305.6
cutlass_64x128_s4_sk16,256,4096,11008,301.9
cutlass_64x64_k64_s4,256,4096,11008,144.9
cutlass_64x64_k64_s3,256,4096,11008,138.0
cutlass_64x128_k64_s4,256,4096,11008,113.8
cutlass_64x128_k64_s3,256,4096,11008,111.0
cutlass_128x64_k64_s4,256,4096,11008,112.4
cutlass_128x64_k64_s3,256,4096,11008,112.3
cutlass_128x128_k64_s4,256,4096,11008,0.0
cutlass_128x128_k64_s3,256,4096,11008,146.6
cutlass_256x64_k64_s4,256,4096,11008,0.0
cutlass_256x64_k64_s3,256,4096,11008,0.0
cutlass_128x256_k64_s3,256,4096,11008,0.0
cutlass_32x64_k64_s4,256,4096,11008,220.0
cutlass_32x128_k64_s4,256,4096,11008,180.8
cutlass_64x64_k64_s4_sk2,256,4096,11008,165.2
cutlass_64x64_k64_s4_sk4,256,4096,11008,191.9
cutlass_64x64_k64_s4_sk8,256,4096,11008,233.2
cutlass_128x128_k64_s3_sk2,256,4096,11008,109.8
cutlass_128x128_k64_s3_sk4,256,4096,11008,146.9
cutlass_128x128_k64_s2,256,4096,11008,166.4
cutlass_64x64_k64_s2,256,4096,11008,152.5
cutlass_64x128_k64_s2,256,4096,11008,130.3
cutlass_128x64_k64_s2,256,4096,11008,129.2
cutlass_256x64_k64_s2,256,4096,11008,175.5
cutlass_256x128_s2,256,4096,11008,0.0
cutlass_64x64_s2,256,4096,11008,166.4
cutlass_64x128_s2,256,4096,11008,169.4
cutlass_128x64_s2,256,4096,11008,178.7
cutlass_128x128_s2,256,4096,11008,196.5
cutlass_128x256_s2,256,4096,11008,292.9
cutlass_256x64_s2,256,4096,11008,204.9
cublas,512,4096,11008,191.1
cutlass_32x64_s4,512,4096,11008,416.7
cutlass_32x64_s3,512,4096,11008,472.2
cutlass_32x128_s4,512,4096,11008,351.2
cutlass_32x128_s3,512,4096,11008,468.2
cutlass_32x256_s3,512,4096,11008,322.4
cutlass_64x64_s4,512,4096,11008,388.8
cutlass_64x64_s3,512,4096,11008,285.9
cutlass_64x128_s4,512,4096,11008,219.8
cutlass_64x128_s3,512,4096,11008,223.8
cutlass_128x64_s4,512,4096,11008,229.5
cutlass_128x64_s3,512,4096,11008,236.5
cutlass_128x128_s4,512,4096,11008,169.0
cutlass_128x128_s3,512,4096,11008,172.0
cutlass_128x256_s3,512,4096,11008,357.7
cutlass_256x64_s4,512,4096,11008,204.9
cutlass_256x64_s3,512,4096,11008,206.7
cutlass_64x64_s4_sk2,512,4096,11008,328.8
cutlass_64x64_s4_sk4,512,4096,11008,321.0
cutlass_64x64_s4_sk8,512,4096,11008,375.4
cutlass_128x128_s3_sk2,512,4096,11008,219.3
cutlass_128x128_s3_sk4,512,4096,11008,284.0
cutlass_128x128_s3_sk8,512,4096,11008,360.9
cutlass_64x128_s4_sk2,512,4096,11008,249.3
cutlass_64x128_s4_sk4,512,4096,11008,260.3
cutlass_64x128_s4_sk8,512,4096,11008,329.3
cutlass_32x64_s4_sk4,512,4096,11008,453.3
cutlass_32x64_s4_sk8,512,4096,11008,491.9
cutlass_32x64_s4_sk16,512,4096,11008,657.6
cutlass_128x128_s4_sk2,512,4096,11008,220.3
cutlass_128x128_s4_sk4,512,4096,11008,263.2
cutlass_128x128_s4_sk8,512,4096,11008,329.7
cutlass_128x64_s4_sk2,512,4096,11008,247.3
cutlass_128x64_s4_sk4,512,4096,11008,264.0
cutlass_128x64_s4_sk8,512,4096,11008,330.7
cutlass_256x64_s4_sk2,512,4096,11008,226.5
cutlass_256x64_s4_sk4,512,4096,11008,266.5
cutlass_64x64_s4_sk16,512,4096,11008,565.5
cutlass_64x128_s4_sk16,512,4096,11008,540.2
cutlass_64x64_k64_s4,512,4096,11008,289.1
cutlass_64x64_k64_s3,512,4096,11008,286.5
cutlass_64x128_k64_s4,512,4096,11008,232.4
cutlass_64x128_k64_s3,512,4096,11008,227.8
cutlass_128x64_k64_s4,512,4096,11008,231.2
cutlass_128x64_k64_s3,512,4096,11008,229.7
cutlass_128x128_k64_s4,512,4096,11008,0.0
cutlass_128x128_k64_s3,512,4096,11008,177.1
cutlass_256x64_k64_s4,512,4096,11008,0.0
cutlass_256x64_k64_s3,512,4096,11008,0.0
cutlass_128x256_k64_s3,512,4096,11008,0.0
cutlass_32x64_k64_s4,512,4096,11008,436.3
cutlass_32x128_k64_s4,512,4096,11008,364.7
cutlass_64x64_k64_s4_sk2,512,4096,11008,368.9
cutlass_64x64_k64_s4_sk4,512,4096,11008,391.1
cutlass_64x64_k64_s4_sk8,512,4096,11008,464.5
cutlass_128x128_k64_s3_sk2,512,4096,11008,211.5
cutlass_128x128_k64_s3_sk4,512,4096,11008,258.3
cutlass_128x128_k64_s2,512,4096,11008,214.7
cutlass_64x64_k64_s2,512,4096,11008,381.5
cutlass_64x128_k64_s2,512,4096,11008,222.0
cutlass_128x64_k64_s2,512,4096,11008,234.3
cutlass_256x64_k64_s2,512,4096,11008,236.9
cutlass_256x128_s2,512,4096,11008,0.0
cutlass_64x64_s2,512,4096,11008,301.4
cutlass_64x128_s2,512,4096,11008,232.2
cutlass_128x64_s2,512,4096,11008,243.4
cutlass_128x128_s2,512,4096,11008,235.9
cutlass_128x256_s2,512,4096,11008,342.0
cutlass_256x64_s2,512,4096,11008,236.9
cublas,1024,4096,11008,336.0
cutlass_32x64_s4,1024,4096,11008,876.8
cutlass_32x64_s3,1024,4096,11008,795.2
cutlass_32x128_s4,1024,4096,11008,714.4
cutlass_32x128_s3,1024,4096,11008,745.9
cutlass_32x256_s3,1024,4096,11008,665.1
cutlass_64x64_s4,1024,4096,11008,617.4
cutlass_64x64_s3,1024,4096,11008,586.4
cutlass_64x128_s4,1024,4096,11008,450.9
cutlass_64x128_s3,1024,4096,11008,460.6
cutlass_128x64_s4,1024,4096,11008,458.3
cutlass_128x64_s3,1024,4096,11008,465.5
cutlass_128x128_s4,1024,4096,11008,351.7
cutlass_128x128_s3,1024,4096,11008,352.9
cutlass_128x256_s3,1024,4096,11008,371.6
cutlass_256x64_s4,1024,4096,11008,409.2
cutlass_256x64_s3,1024,4096,11008,419.4
cutlass_64x64_s4_sk2,1024,4096,11008,645.7
cutlass_64x64_s4_sk4,1024,4096,11008,663.4
cutlass_64x64_s4_sk8,1024,4096,11008,798.6
cutlass_128x128_s3_sk2,1024,4096,11008,479.0
cutlass_128x128_s3_sk4,1024,4096,11008,548.8
cutlass_128x128_s3_sk8,1024,4096,11008,728.4
cutlass_64x128_s4_sk2,1024,4096,11008,498.3
cutlass_64x128_s4_sk4,1024,4096,11008,534.9
cutlass_64x128_s4_sk8,1024,4096,11008,688.4
cutlass_32x64_s4_sk4,1024,4096,11008,893.6
cutlass_32x64_s4_sk8,1024,4096,11008,1025.2
cutlass_32x64_s4_sk16,1024,4096,11008,1298.1
cutlass_128x128_s4_sk2,1024,4096,11008,455.0
cutlass_128x128_s4_sk4,1024,4096,11008,514.6
cutlass_128x128_s4_sk8,1024,4096,11008,679.3
cutlass_128x64_s4_sk2,1024,4096,11008,499.5
cutlass_128x64_s4_sk4,1024,4096,11008,554.5
cutlass_128x64_s4_sk8,1024,4096,11008,702.8
cutlass_256x64_s4_sk2,1024,4096,11008,464.1
cutlass_256x64_s4_sk4,1024,4096,11008,534.6
cutlass_64x64_s4_sk16,1024,4096,11008,1116.0
cutlass_64x128_s4_sk16,1024,4096,11008,1028.5
cutlass_64x64_k64_s4,1024,4096,11008,551.3
cutlass_64x64_k64_s3,1024,4096,11008,567.4
cutlass_64x128_k64_s4,1024,4096,11008,468.4
cutlass_64x128_k64_s3,1024,4096,11008,456.2
cutlass_128x64_k64_s4,1024,4096,11008,449.9
cutlass_128x64_k64_s3,1024,4096,11008,447.7
cutlass_128x128_k64_s4,1024,4096,11008,0.0
cutlass_128x128_k64_s3,1024,4096,11008,350.5
cutlass_256x64_k64_s4,1024,4096,11008,0.0
cutlass_256x64_k64_s3,1024,4096,11008,0.0
cutlass_128x256_k64_s3,1024,4096,11008,0.0
cutlass_32x64_k64_s4,1024,4096,11008,852.2
cutlass_32x128_k64_s4,1024,4096,11008,719.4
cutlass_64x64_k64_s4_sk2,1024,4096,11008,691.1
cutlass_64x64_k64_s4_sk4,1024,4096,11008,752.7
cutlass_64x64_k64_s4_sk8,1024,4096,11008,901.5
cutlass_128x128_k64_s3_sk2,1024,4096,11008,448.2
cutlass_128x128_k64_s3_sk4,1024,4096,11008,492.4
cutlass_128x128_k64_s2,1024,4096,11008,386.6
cutlass_64x64_k64_s2,1024,4096,11008,606.6
cutlass_64x128_k64_s2,1024,4096,11008,446.0
cutlass_128x64_k64_s2,1024,4096,11008,458.3
cutlass_256x64_k64_s2,1024,4096,11008,484.3
cutlass_256x128_s2,1024,4096,11008,0.0
cutlass_64x64_s2,1024,4096,11008,598.2
cutlass_64x128_s2,1024,4096,11008,619.4
cutlass_128x64_s2,1024,4096,11008,572.0
cutlass_128x128_s2,1024,4096,11008,438.6
cutlass_128x256_s2,1024,4096,11008,351.1
cutlass_256x64_s2,1024,4096,11008,472.8
cublas,2048,4096,11008,651.7
cutlass_32x64_s4,2048,4096,11008,1708.3
cutlass_32x64_s3,2048,4096,11008,1627.9
cutlass_32x128_s4,2048,4096,11008,1420.0
cutlass_32x128_s3,2048,4096,11008,1375.3
cutlass_32x256_s3,2048,4096,11008,1319.6
cutlass_64x64_s4,2048,4096,11008,1151.7
cutlass_64x64_s3,2048,4096,11008,1180.3
cutlass_64x128_s4,2048,4096,11008,892.8
cutlass_64x128_s3,2048,4096,11008,922.5
cutlass_128x64_s4,2048,4096,11008,890.9
cutlass_128x64_s3,2048,4096,11008,907.5
cutlass_128x128_s4,2048,4096,11008,713.2
cutlass_128x128_s3,2048,4096,11008,733.8
cutlass_128x256_s3,2048,4096,11008,729.1
cutlass_256x64_s4,2048,4096,11008,786.8
cutlass_256x64_s3,2048,4096,11008,808.3
cutlass_64x64_s4_sk2,2048,4096,11008,1266.4
cutlass_64x64_s4_sk4,2048,4096,11008,1349.2
cutlass_64x64_s4_sk8,2048,4096,11008,1623.0
cutlass_128x128_s3_sk2,2048,4096,11008,977.3
cutlass_128x128_s3_sk4,2048,4096,11008,1084.8
cutlass_128x128_s3_sk8,2048,4096,11008,1440.9
cutlass_64x128_s4_sk2,2048,4096,11008,987.1
cutlass_64x128_s4_sk4,2048,4096,11008,1098.2
cutlass_64x128_s4_sk8,2048,4096,11008,1391.3
cutlass_32x64_s4_sk4,2048,4096,11008,1823.3
cutlass_32x64_s4_sk8,2048,4096,11008,2053.9
cutlass_32x64_s4_sk16,2048,4096,11008,2518.5
cutlass_128x128_s4_sk2,2048,4096,11008,931.4
cutlass_128x128_s4_sk4,2048,4096,11008,1025.3
cutlass_128x128_s4_sk8,2048,4096,11008,1356.2
cutlass_128x64_s4_sk2,2048,4096,11008,1010.0
cutlass_128x64_s4_sk4,2048,4096,11008,1125.8
cutlass_128x64_s4_sk8,2048,4096,11008,1409.2
cutlass_256x64_s4_sk2,2048,4096,11008,978.9
cutlass_256x64_s4_sk4,2048,4096,11008,1092.0
cutlass_64x64_s4_sk16,2048,4096,11008,2136.6
cutlass_64x128_s4_sk16,2048,4096,11008,2002.8
cutlass_64x64_k64_s4,2048,4096,11008,1121.5
cutlass_64x64_k64_s3,2048,4096,11008,1090.7
cutlass_64x128_k64_s4,2048,4096,11008,891.3
cutlass_64x128_k64_s3,2048,4096,11008,880.9
cutlass_128x64_k64_s4,2048,4096,11008,876.1
cutlass_128x64_k64_s3,2048,4096,11008,870.4
cutlass_128x128_k64_s4,2048,4096,11008,0.0
cutlass_128x128_k64_s3,2048,4096,11008,695.1
cutlass_256x64_k64_s4,2048,4096,11008,0.0
cutlass_256x64_k64_s3,2048,4096,11008,0.0
cutlass_128x256_k64_s3,2048,4096,11008,0.0
cutlass_32x64_k64_s4,2048,4096,11008,1742.5
cutlass_32x128_k64_s4,2048,4096,11008,1423.8
cutlass_64x64_k64_s4_sk2,2048,4096,11008,1330.9
cutlass_64x64_k64_s4_sk4,2048,4096,11008,1466.5
cutlass_64x64_k64_s4_sk8,2048,4096,11008,1723.2
cutlass_128x128_k64_s3_sk2,2048,4096,11008,894.7
cutlass_128x128_k64_s3_sk4,2048,4096,11008,987.4
cutlass_128x128_k64_s2,2048,4096,11008,776.4
cutlass_64x64_k64_s2,2048,4096,11008,1161.5
cutlass_64x128_k64_s2,2048,4096,11008,902.7
cutlass_128x64_k64_s2,2048,4096,11008,905.7
cutlass_256x64_k64_s2,2048,4096,11008,924.4
cutlass_256x128_s2,2048,4096,11008,0.0
cutlass_64x64_s2,2048,4096,11008,1190.6
cutlass_64x128_s2,2048,4096,11008,990.2
cutlass_128x64_s2,2048,4096,11008,972.6
cutlass_128x128_s2,2048,4096,11008,890.6
cutlass_128x256_s2,2048,4096,11008,682.6
cutlass_256x64_s2,2048,4096,11008,934.6
cublas,4096,4096,11008,1322.7
cutlass_32x64_s4,4096,4096,11008,3494.6
cutlass_32x64_s3,4096,4096,11008,3417.5
cutlass_32x128_s4,4096,4096,11008,2902.8
cutlass_32x128_s3,4096,4096,11008,2865.0
cutlass_32x256_s3,4096,4096,11008,2564.7
cutlass_64x64_s4,4096,4096,11008,2301.2
cutlass_64x64_s3,4096,4096,11008,2297.1
cutlass_64x128_s4,4096,4096,11008,1801.3
cutlass_64x128_s3,4096,4096,11008,1825.2
cutlass_128x64_s4,4096,4096,11008,1759.7
cutlass_128x64_s3,4096,4096,11008,1767.6
cutlass_128x128_s4,4096,4096,11008,1465.8
cutlass_128x128_s3,4096,4096,11008,1521.8
cutlass_128x256_s3,4096,4096,11008,1397.0
cutlass_256x64_s4,4096,4096,11008,1568.8
cutlass_256x64_s3,4096,4096,11008,1605.0
cutlass_64x64_s4_sk2,4096,4096,11008,2526.1
cutlass_64x64_s4_sk4,4096,4096,11008,2706.0
cutlass_64x64_s4_sk8,4096,4096,11008,3210.9
cutlass_128x128_s3_sk2,4096,4096,11008,1812.0
cutlass_128x128_s3_sk4,4096,4096,11008,2139.3
cutlass_128x128_s3_sk8,4096,4096,11008,2806.1
cutlass_64x128_s4_sk2,4096,4096,11008,1960.2
cutlass_64x128_s4_sk4,4096,4096,11008,2182.2
cutlass_64x128_s4_sk8,4096,4096,11008,2731.9
cutlass_32x64_s4_sk4,4096,4096,11008,3644.8
cutlass_32x64_s4_sk8,4096,4096,11008,4062.6
cutlass_32x64_s4_sk16,4096,4096,11008,4940.0
cutlass_128x128_s4_sk2,4096,4096,11008,1758.8
cutlass_128x128_s4_sk4,4096,4096,11008,2028.0
cutlass_128x128_s4_sk8,4096,4096,11008,2674.5
cutlass_128x64_s4_sk2,4096,4096,11008,2017.7
cutlass_128x64_s4_sk4,4096,4096,11008,2241.6
cutlass_128x64_s4_sk8,4096,4096,11008,2775.4
cutlass_256x64_s4_sk2,4096,4096,11008,1875.4
cutlass_256x64_s4_sk4,4096,4096,11008,2135.2
cutlass_64x64_s4_sk16,4096,4096,11008,4162.5
cutlass_64x128_s4_sk16,4096,4096,11008,3907.8
cutlass_64x64_k64_s4,4096,4096,11008,2213.2
cutlass_64x64_k64_s3,4096,4096,11008,2230.3
cutlass_64x128_k64_s4,4096,4096,11008,1766.5
cutlass_64x128_k64_s3,4096,4096,11008,1763.7
cutlass_128x64_k64_s4,4096,4096,11008,1715.9
cutlass_128x64_k64_s3,4096,4096,11008,1714.0
cutlass_128x128_k64_s4,4096,4096,11008,0.0
cutlass_128x128_k64_s3,4096,4096,11008,1402.8
cutlass_256x64_k64_s4,4096,4096,11008,0.0
cutlass_256x64_k64_s3,4096,4096,11008,0.0
cutlass_128x256_k64_s3,4096,4096,11008,0.0
cutlass_32x64_k64_s4,4096,4096,11008,3393.2
cutlass_32x128_k64_s4,4096,4096,11008,2744.6
cutlass_64x64_k64_s4_sk2,4096,4096,11008,2608.4
cutlass_64x64_k64_s4_sk4,4096,4096,11008,2865.9
cutlass_64x64_k64_s4_sk8,4096,4096,11008,3331.1
cutlass_128x128_k64_s3_sk2,4096,4096,11008,1694.6
cutlass_128x128_k64_s3_sk4,4096,4096,11008,1954.8
cutlass_128x128_k64_s2,4096,4096,11008,1653.0
cutlass_64x64_k64_s2,4096,4096,11008,2315.5
cutlass_64x128_k64_s2,4096,4096,11008,1837.2
cutlass_128x64_k64_s2,4096,4096,11008,1816.1
cutlass_256x64_k64_s2,4096,4096,11008,1833.2
cutlass_256x128_s2,4096,4096,11008,0.0
cutlass_64x64_s2,4096,4096,11008,2417.7
cutlass_64x128_s2,4096,4096,11008,1891.7
cutlass_128x64_s2,4096,4096,11008,1859.2
cutlass_128x128_s2,4096,4096,11008,1938.9
cutlass_128x256_s2,4096,4096,11008,1417.9
cutlass_256x64_s2,4096,4096,11008,1961.5
cublas,1,4096,14336,154.8
cutlass_32x64_s4,1,4096,14336,170.2
cutlass_32x64_s3,1,4096,14336,194.6
cutlass_32x128_s4,1,4096,14336,184.5
cutlass_32x128_s3,1,4096,14336,202.9
cutlass_32x256_s3,1,4096,14336,208.5
cutlass_64x64_s4,1,4096,14336,167.8
cutlass_64x64_s3,1,4096,14336,193.5
cutlass_64x128_s4,1,4096,14336,181.9
cutlass_64x128_s3,1,4096,14336,202.4
cutlass_128x64_s4,1,4096,14336,179.2
cutlass_128x64_s3,1,4096,14336,197.7
cutlass_128x128_s4,1,4096,14336,196.3
cutlass_128x128_s3,1,4096,14336,214.6
cutlass_128x256_s3,1,4096,14336,375.9
cutlass_256x64_s4,1,4096,14336,197.4
cutlass_256x64_s3,1,4096,14336,210.9
cutlass_64x64_s4_sk2,1,4096,14336,178.7
cutlass_64x64_s4_sk4,1,4096,14336,177.8
cutlass_64x64_s4_sk8,1,4096,14336,177.3
cutlass_128x128_s3_sk2,1,4096,14336,186.8
cutlass_128x128_s3_sk4,1,4096,14336,179.7
cutlass_128x128_s3_sk8,1,4096,14336,180.1
cutlass_64x128_s4_sk2,1,4096,14336,179.9
cutlass_64x128_s4_sk4,1,4096,14336,178.0
cutlass_64x128_s4_sk8,1,4096,14336,178.7
cutlass_32x64_s4_sk4,1,4096,14336,177.5
cutlass_32x64_s4_sk8,1,4096,14336,177.5
cutlass_32x64_s4_sk16,1,4096,14336,175.9
cutlass_128x128_s4_sk2,1,4096,14336,183.7
cutlass_128x128_s4_sk4,1,4096,14336,180.1
cutlass_128x128_s4_sk8,1,4096,14336,178.5
cutlass_128x64_s4_sk2,1,4096,14336,180.3
cutlass_128x64_s4_sk4,1,4096,14336,179.4
cutlass_128x64_s4_sk8,1,4096,14336,176.7
cutlass_256x64_s4_sk2,1,4096,14336,185.1
cutlass_256x64_s4_sk4,1,4096,14336,181.7
cutlass_64x64_s4_sk16,1,4096,14336,176.7
cutlass_64x128_s4_sk16,1,4096,14336,177.1
cutlass_64x64_k64_s4,1,4096,14336,168.7
cutlass_64x64_k64_s3,1,4096,14336,165.7
cutlass_64x128_k64_s4,1,4096,14336,173.2
cutlass_64x128_k64_s3,1,4096,14336,179.9
cutlass_128x64_k64_s4,1,4096,14336,174.0
cutlass_128x64_k64_s3,1,4096,14336,177.6
cutlass_128x128_k64_s4,1,4096,14336,0.0
cutlass_128x128_k64_s3,1,4096,14336,196.2
cutlass_256x64_k64_s4,1,4096,14336,0.5
cutlass_256x64_k64_s3,1,4096,14336,0.0
cutlass_128x256_k64_s3,1,4096,14336,0.0
cutlass_32x64_k64_s4,1,4096,14336,169.5
cutlass_32x128_k64_s4,1,4096,14336,172.9
cutlass_64x64_k64_s4_sk2,1,4096,14336,174.6
cutlass_64x64_k64_s4_sk4,1,4096,14336,171.6
cutlass_64x64_k64_s4_sk8,1,4096,14336,172.5
cutlass_128x128_k64_s3_sk2,1,4096,14336,183.4
cutlass_128x128_k64_s3_sk4,1,4096,14336,180.3
cutlass_128x128_k64_s2,1,4096,14336,218.1
cutlass_64x64_k64_s2,1,4096,14336,196.8
cutlass_64x128_k64_s2,1,4096,14336,208.6
cutlass_128x64_k64_s2,1,4096,14336,203.7
cutlass_256x64_k64_s2,1,4096,14336,224.0
cutlass_256x128_s2,1,4096,14336,0.0
cutlass_64x64_s2,1,4096,14336,212.6
cutlass_64x128_s2,1,4096,14336,234.5
cutlass_128x64_s2,1,4096,14336,224.1
cutlass_128x128_s2,1,4096,14336,279.3
cutlass_128x256_s2,1,4096,14336,389.4
cutlass_256x64_s2,1,4096,14336,280.1
cutlass_gemv,1,4096,14336,161.6
cublas,2,4096,14336,165.1
cutlass_32x64_s4,2,4096,14336,167.1
cutlass_32x64_s3,2,4096,14336,191.2
cutlass_32x128_s4,2,4096,14336,180.5
cutlass_32x128_s3,2,4096,14336,198.4
cutlass_32x256_s3,2,4096,14336,204.7
cutlass_64x64_s4,2,4096,14336,167.1
cutlass_64x64_s3,2,4096,14336,191.2
cutlass_64x128_s4,2,4096,14336,179.4
cutlass_64x128_s3,2,4096,14336,198.8
cutlass_128x64_s4,2,4096,14336,178.3
cutlass_128x64_s3,2,4096,14336,195.1
cutlass_128x128_s4,2,4096,14336,193.3
cutlass_128x128_s3,2,4096,14336,212.0
cutlass_128x256_s3,2,4096,14336,373.7
cutlass_256x64_s4,2,4096,14336,194.0
cutlass_256x64_s3,2,4096,14336,207.6
cutlass_64x64_s4_sk2,2,4096,14336,178.4
cutlass_64x64_s4_sk4,2,4096,14336,178.3
cutlass_64x64_s4_sk8,2,4096,14336,178.7
cutlass_128x128_s3_sk2,2,4096,14336,185.8
cutlass_128x128_s3_sk4,2,4096,14336,180.2
cutlass_128x128_s3_sk8,2,4096,14336,180.6
cutlass_64x128_s4_sk2,2,4096,14336,179.6
cutlass_64x128_s4_sk4,2,4096,14336,178.9
cutlass_64x128_s4_sk8,2,4096,14336,180.0
cutlass_32x64_s4_sk4,2,4096,14336,178.3
cutlass_32x64_s4_sk8,2,4096,14336,178.4
cutlass_32x64_s4_sk16,2,4096,14336,177.1
cutlass_128x128_s4_sk2,2,4096,14336,183.8
cutlass_128x128_s4_sk4,2,4096,14336,180.7
cutlass_128x128_s4_sk8,2,4096,14336,179.6
cutlass_128x64_s4_sk2,2,4096,14336,179.6
cutlass_128x64_s4_sk4,2,4096,14336,180.0
cutlass_128x64_s4_sk8,2,4096,14336,177.3
cutlass_256x64_s4_sk2,2,4096,14336,184.6
cutlass_256x64_s4_sk4,2,4096,14336,182.4
cutlass_64x64_s4_sk16,2,4096,14336,178.1
cutlass_64x128_s4_sk16,2,4096,14336,178.1
cutlass_64x64_k64_s4,2,4096,14336,168.5
cutlass_64x64_k64_s3,2,4096,14336,165.3
cutlass_64x128_k64_s4,2,4096,14336,172.2
cutlass_64x128_k64_s3,2,4096,14336,177.9
cutlass_128x64_k64_s4,2,4096,14336,173.0
cutlass_128x64_k64_s3,2,4096,14336,176.7
cutlass_128x128_k64_s4,2,4096,14336,0.0
cutlass_128x128_k64_s3,2,4096,14336,193.3
cutlass_256x64_k64_s4,2,4096,14336,0.0
cutlass_256x64_k64_s3,2,4096,14336,0.0
cutlass_128x256_k64_s3,2,4096,14336,0.0
cutlass_32x64_k64_s4,2,4096,14336,168.8
cutlass_32x128_k64_s4,2,4096,14336,172.2
cutlass_64x64_k64_s4_sk2,2,4096,14336,174.8
cutlass_64x64_k64_s4_sk4,2,4096,14336,172.3
cutlass_64x64_k64_s4_sk8,2,4096,14336,173.5
cutlass_128x128_k64_s3_sk2,2,4096,14336,183.8
cutlass_128x128_k64_s3_sk4,2,4096,14336,180.6
cutlass_128x128_k64_s2,2,4096,14336,216.0
cutlass_64x64_k64_s2,2,4096,14336,194.5
cutlass_64x128_k64_s2,2,4096,14336,205.3
cutlass_128x64_k64_s2,2,4096,14336,200.9
cutlass_256x64_k64_s2,2,4096,14336,222.7
cutlass_256x128_s2,2,4096,14336,0.0
cutlass_64x64_s2,2,4096,14336,210.4
cutlass_64x128_s2,2,4096,14336,233.4
cutlass_128x64_s2,2,4096,14336,222.9
cutlass_128x128_s2,2,4096,14336,279.0
cutlass_128x256_s2,2,4096,14336,390.4
cutlass_256x64_s2,2,4096,14336,279.8
cublas,4,4096,14336,164.1
cutlass_32x64_s4,4,4096,14336,168.6
cutlass_32x64_s3,4,4096,14336,194.9
cutlass_32x128_s4,4,4096,14336,183.7
cutlass_32x128_s3,4,4096,14336,203.1
cutlass_32x256_s3,4,4096,14336,208.1
cutlass_64x64_s4,4,4096,14336,168.5
cutlass_64x64_s3,4,4096,14336,195.1
cutlass_64x128_s4,4,4096,14336,182.1
cutlass_64x128_s3,4,4096,14336,203.3
cutlass_128x64_s4,4,4096,14336,179.8
cutlass_128x64_s3,4,4096,14336,199.1
cutlass_128x128_s4,4,4096,14336,197.0
cutlass_128x128_s3,4,4096,14336,215.7
cutlass_128x256_s3,4,4096,14336,373.8
cutlass_256x64_s4,4,4096,14336,197.2
cutlass_256x64_s3,4,4096,14336,211.3
cutlass_64x64_s4_sk2,4,4096,14336,180.7
cutlass_64x64_s4_sk4,4,4096,14336,179.9
cutlass_64x64_s4_sk8,4,4096,14336,180.4
cutlass_128x128_s3_sk2,4,4096,14336,186.5
cutlass_128x128_s3_sk4,4,4096,14336,181.5
cutlass_128x128_s3_sk8,4,4096,14336,182.6
cutlass_64x128_s4_sk2,4,4096,14336,180.8
cutlass_64x128_s4_sk4,4,4096,14336,179.9
cutlass_64x128_s4_sk8,4,4096,14336,181.6
cutlass_32x64_s4_sk4,4,4096,14336,179.5
cutlass_32x64_s4_sk8,4,4096,14336,180.0
cutlass_32x64_s4_sk16,4,4096,14336,179.1
cutlass_128x128_s4_sk2,4,4096,14336,184.3
cutlass_128x128_s4_sk4,4,4096,14336,182.4
cutlass_128x128_s4_sk8,4,4096,14336,180.7
cutlass_128x64_s4_sk2,4,4096,14336,181.7
cutlass_128x64_s4_sk4,4,4096,14336,181.5
cutlass_128x64_s4_sk8,4,4096,14336,179.9
cutlass_256x64_s4_sk2,4,4096,14336,185.4
cutlass_256x64_s4_sk4,4,4096,14336,183.3
cutlass_64x64_s4_sk16,4,4096,14336,180.3
cutlass_64x128_s4_sk16,4,4096,14336,180.3
cutlass_64x64_k64_s4,4,4096,14336,169.1
cutlass_64x64_k64_s3,4,4096,14336,166.5
cutlass_64x128_k64_s4,4,4096,14336,173.8
cutlass_64x128_k64_s3,4,4096,14336,180.1
cutlass_128x64_k64_s4,4,4096,14336,174.2
cutlass_128x64_k64_s3,4,4096,14336,178.0
cutlass_128x128_k64_s4,4,4096,14336,0.0
cutlass_128x128_k64_s3,4,4096,14336,196.5
cutlass_256x64_k64_s4,4,4096,14336,0.0
cutlass_256x64_k64_s3,4,4096,14336,0.0
cutlass_128x256_k64_s3,4,4096,14336,0.0
cutlass_32x64_k64_s4,4,4096,14336,169.5
cutlass_32x128_k64_s4,4,4096,14336,174.1
cutlass_64x64_k64_s4_sk2,4,4096,14336,176.1
cutlass_64x64_k64_s4_sk4,4,4096,14336,173.0
cutlass_64x64_k64_s4_sk8,4,4096,14336,174.4
cutlass_128x128_k64_s3_sk2,4,4096,14336,183.8
cutlass_128x128_k64_s3_sk4,4,4096,14336,182.4
cutlass_128x128_k64_s2,4,4096,14336,219.6
cutlass_64x64_k64_s2,4,4096,14336,198.4
cutlass_64x128_k64_s2,4,4096,14336,209.6
cutlass_128x64_k64_s2,4,4096,14336,204.6
cutlass_256x64_k64_s2,4,4096,14336,224.6
cutlass_256x128_s2,4,4096,14336,0.0
cutlass_64x64_s2,4,4096,14336,214.0
cutlass_64x128_s2,4,4096,14336,236.7
cutlass_128x64_s2,4,4096,14336,225.7
cutlass_128x128_s2,4,4096,14336,279.6
cutlass_128x256_s2,4,4096,14336,389.4
cutlass_256x64_s2,4,4096,14336,280.4
cublas,8,4096,14336,163.7
cutlass_32x64_s4,8,4096,14336,167.7
cutlass_32x64_s3,8,4096,14336,192.0
cutlass_32x128_s4,8,4096,14336,181.2
cutlass_32x128_s3,8,4096,14336,200.0
cutlass_32x256_s3,8,4096,14336,206.4
cutlass_64x64_s4,8,4096,14336,167.5
cutlass_64x64_s3,8,4096,14336,192.3
cutlass_64x128_s4,8,4096,14336,180.0
cutlass_64x128_s3,8,4096,14336,199.9
cutlass_128x64_s4,8,4096,14336,179.0
cutlass_128x64_s3,8,4096,14336,196.2
cutlass_128x128_s4,8,4096,14336,194.3
cutlass_128x128_s3,8,4096,14336,212.9
cutlass_128x256_s3,8,4096,14336,373.7
cutlass_256x64_s4,8,4096,14336,195.0
cutlass_256x64_s3,8,4096,14336,208.5
cutlass_64x64_s4_sk2,8,4096,14336,179.8
cutlass_64x64_s4_sk4,8,4096,14336,180.8
cutlass_64x64_s4_sk8,8,4096,14336,181.7
cutlass_128x128_s3_sk2,8,4096,14336,187.6
cutlass_128x128_s3_sk4,8,4096,14336,182.5
cutlass_128x128_s3_sk8,8,4096,14336,183.1
cutlass_64x128_s4_sk2,8,4096,14336,181.0
cutlass_64x128_s4_sk4,8,4096,14336,181.2
cutlass_64x128_s4_sk8,8,4096,14336,183.1
cutlass_32x64_s4_sk4,8,4096,14336,180.6
cutlass_32x64_s4_sk8,8,4096,14336,181.6
cutlass_32x64_s4_sk16,8,4096,14336,181.0
cutlass_128x128_s4_sk2,8,4096,14336,185.6
cutlass_128x128_s4_sk4,8,4096,14336,182.8
cutlass_128x128_s4_sk8,8,4096,14336,182.2
cutlass_128x64_s4_sk2,8,4096,14336,181.0
cutlass_128x64_s4_sk4,8,4096,14336,182.5
cutlass_128x64_s4_sk8,8,4096,14336,180.2
cutlass_256x64_s4_sk2,8,4096,14336,185.9
cutlass_256x64_s4_sk4,8,4096,14336,184.2
cutlass_64x64_s4_sk16,8,4096,14336,182.2
cutlass_64x128_s4_sk16,8,4096,14336,181.9
cutlass_64x64_k64_s4,8,4096,14336,169.3
cutlass_64x64_k64_s3,8,4096,14336,165.9
cutlass_64x128_k64_s4,8,4096,14336,173.2
cutlass_64x128_k64_s3,8,4096,14336,178.8
cutlass_128x64_k64_s4,8,4096,14336,173.8
cutlass_128x64_k64_s3,8,4096,14336,177.7
cutlass_128x128_k64_s4,8,4096,14336,0.0
cutlass_128x128_k64_s3,8,4096,14336,194.0
cutlass_256x64_k64_s4,8,4096,14336,0.0
cutlass_256x64_k64_s3,8,4096,14336,0.0
cutlass_128x256_k64_s3,8,4096,14336,0.0
cutlass_32x64_k64_s4,8,4096,14336,169.6
cutlass_32x128_k64_s4,8,4096,14336,172.7
cutlass_64x64_k64_s4_sk2,8,4096,14336,176.5
cutlass_64x64_k64_s4_sk4,8,4096,14336,174.0
cutlass_64x64_k64_s4_sk8,8,4096,14336,175.7
cutlass_128x128_k64_s3_sk2,8,4096,14336,185.4
cutlass_128x128_k64_s3_sk4,8,4096,14336,182.8
cutlass_128x128_k64_s2,8,4096,14336,216.7
cutlass_64x64_k64_s2,8,4096,14336,195.6
cutlass_64x128_k64_s2,8,4096,14336,206.3
cutlass_128x64_k64_s2,8,4096,14336,202.1
cutlass_256x64_k64_s2,8,4096,14336,223.4
cutlass_256x128_s2,8,4096,14336,0.0
cutlass_64x64_s2,8,4096,14336,211.0
cutlass_64x128_s2,8,4096,14336,236.9
cutlass_128x64_s2,8,4096,14336,223.5
cutlass_128x128_s2,8,4096,14336,279.0
cutlass_128x256_s2,8,4096,14336,390.4
cutlass_256x64_s2,8,4096,14336,279.9
cublas,16,4096,14336,165.5
cutlass_32x64_s4,16,4096,14336,170.5
cutlass_32x64_s3,16,4096,14336,196.5
cutlass_32x128_s4,16,4096,14336,185.1
cutlass_32x128_s3,16,4096,14336,204.5
cutlass_32x256_s3,16,4096,14336,209.7
cutlass_64x64_s4,16,4096,14336,170.4
cutlass_64x64_s3,16,4096,14336,196.2
cutlass_64x128_s4,16,4096,14336,183.6
cutlass_64x128_s3,16,4096,14336,204.8
cutlass_128x64_s4,16,4096,14336,181.3
cutlass_128x64_s3,16,4096,14336,200.7
cutlass_128x128_s4,16,4096,14336,198.6
cutlass_128x128_s3,16,4096,14336,217.3
cutlass_128x256_s3,16,4096,14336,373.8
cutlass_256x64_s4,16,4096,14336,198.1
cutlass_256x64_s3,16,4096,14336,212.8
cutlass_64x64_s4_sk2,16,4096,14336,183.2
cutlass_64x64_s4_sk4,16,4096,14336,182.9
cutlass_64x64_s4_sk8,16,4096,14336,184.8
cutlass_128x128_s3_sk2,16,4096,14336,189.1
cutlass_128x128_s3_sk4,16,4096,14336,184.9
cutlass_128x128_s3_sk8,16,4096,14336,185.6
cutlass_64x128_s4_sk2,16,4096,14336,184.1
cutlass_64x128_s4_sk4,16,4096,14336,183.3
cutlass_64x128_s4_sk8,16,4096,14336,186.4
cutlass_32x64_s4_sk4,16,4096,14336,182.7
cutlass_32x64_s4_sk8,16,4096,14336,184.9
cutlass_32x64_s4_sk16,16,4096,14336,184.5
cutlass_128x128_s4_sk2,16,4096,14336,188.0
cutlass_128x128_s4_sk4,16,4096,14336,185.7
cutlass_128x128_s4_sk8,16,4096,14336,184.1
cutlass_128x64_s4_sk2,16,4096,14336,184.8
cutlass_128x64_s4_sk4,16,4096,14336,184.2
cutlass_128x64_s4_sk8,16,4096,14336,183.5
cutlass_256x64_s4_sk2,16,4096,14336,188.8
cutlass_256x64_s4_sk4,16,4096,14336,186.0
cutlass_64x64_s4_sk16,16,4096,14336,186.1
cutlass_64x128_s4_sk16,16,4096,14336,185.4
cutlass_64x64_k64_s4,16,4096,14336,170.7
cutlass_64x64_k64_s3,16,4096,14336,168.3
cutlass_64x128_k64_s4,16,4096,14336,175.6
cutlass_64x128_k64_s3,16,4096,14336,181.8
cutlass_128x64_k64_s4,16,4096,14336,175.6
cutlass_128x64_k64_s3,16,4096,14336,179.4
cutlass_128x128_k64_s4,16,4096,14336,0.0
cutlass_128x128_k64_s3,16,4096,14336,198.1
cutlass_256x64_k64_s4,16,4096,14336,0.0
cutlass_256x64_k64_s3,16,4096,14336,0.0
cutlass_128x256_k64_s3,16,4096,14336,0.0
cutlass_32x64_k64_s4,16,4096,14336,171.1
cutlass_32x128_k64_s4,16,4096,14336,175.5
cutlass_64x64_k64_s4_sk2,16,4096,14336,178.1
cutlass_64x64_k64_s4_sk4,16,4096,14336,175.0
cutlass_64x64_k64_s4_sk8,16,4096,14336,177.5
cutlass_128x128_k64_s3_sk2,16,4096,14336,186.2
cutlass_128x128_k64_s3_sk4,16,4096,14336,185.6
cutlass_128x128_k64_s2,16,4096,14336,220.9
cutlass_64x64_k64_s2,16,4096,14336,200.0
cutlass_64x128_k64_s2,16,4096,14336,211.3
cutlass_128x64_k64_s2,16,4096,14336,206.6
cutlass_256x64_k64_s2,16,4096,14336,226.0
cutlass_256x128_s2,16,4096,14336,0.0
cutlass_64x64_s2,16,4096,14336,215.6
cutlass_64x128_s2,16,4096,14336,246.3
cutlass_128x64_s2,16,4096,14336,226.6
cutlass_128x128_s2,16,4096,14336,280.3
cutlass_128x256_s2,16,4096,14336,389.4
cutlass_256x64_s2,16,4096,14336,280.5
cublas,32,4096,14336,169.0
cutlass_32x64_s4,32,4096,14336,171.3
cutlass_32x64_s3,32,4096,14336,195.0
cutlass_32x128_s4,32,4096,14336,183.2
cutlass_32x128_s3,32,4096,14336,202.2
cutlass_32x256_s3,32,4096,14336,208.9
cutlass_64x64_s4,32,4096,14336,171.6
cutlass_64x64_s3,32,4096,14336,195.1
cutlass_64x128_s4,32,4096,14336,182.1
cutlass_64x128_s3,32,4096,14336,202.5
cutlass_128x64_s4,32,4096,14336,181.8
cutlass_128x64_s3,32,4096,14336,198.8
cutlass_128x128_s4,32,4096,14336,196.2
cutlass_128x128_s3,32,4096,14336,215.4
cutlass_128x256_s3,32,4096,14336,373.8
cutlass_256x64_s4,32,4096,14336,196.9
cutlass_256x64_s3,32,4096,14336,211.7
cutlass_64x64_s4_sk2,32,4096,14336,184.0
cutlass_64x64_s4_sk4,32,4096,14336,186.2
cutlass_64x64_s4_sk8,32,4096,14336,189.4
cutlass_128x128_s3_sk2,32,4096,14336,191.4
cutlass_128x128_s3_sk4,32,4096,14336,188.0
cutlass_128x128_s3_sk8,32,4096,14336,189.2
cutlass_64x128_s4_sk2,32,4096,14336,184.7
cutlass_64x128_s4_sk4,32,4096,14336,186.6
cutlass_64x128_s4_sk8,32,4096,14336,190.1
cutlass_32x64_s4_sk4,32,4096,14336,185.7
cutlass_32x64_s4_sk8,32,4096,14336,188.8
cutlass_32x64_s4_sk16,32,4096,14336,190.7
cutlass_128x128_s4_sk2,32,4096,14336,189.8
cutlass_128x128_s4_sk4,32,4096,14336,188.5
cutlass_128x128_s4_sk8,32,4096,14336,188.6
cutlass_128x64_s4_sk2,32,4096,14336,185.4
cutlass_128x64_s4_sk4,32,4096,14336,188.3
cutlass_128x64_s4_sk8,32,4096,14336,187.4
cutlass_256x64_s4_sk2,32,4096,14336,190.4
cutlass_256x64_s4_sk4,32,4096,14336,188.1
cutlass_64x64_s4_sk16,32,4096,14336,193.0
cutlass_64x128_s4_sk16,32,4096,14336,191.8
cutlass_64x64_k64_s4,32,4096,14336,171.9
cutlass_64x64_k64_s3,32,4096,14336,168.4
cutlass_64x128_k64_s4,32,4096,14336,175.2
cutlass_64x128_k64_s3,32,4096,14336,180.4
cutlass_128x64_k64_s4,32,4096,14336,176.2
cutlass_128x64_k64_s3,32,4096,14336,180.4
cutlass_128x128_k64_s4,32,4096,14336,0.0
cutlass_128x128_k64_s3,32,4096,14336,195.4
cutlass_256x64_k64_s4,32,4096,14336,0.0
cutlass_256x64_k64_s3,32,4096,14336,0.0
cutlass_128x256_k64_s3,32,4096,14336,0.0
cutlass_32x64_k64_s4,32,4096,14336,172.2
cutlass_32x128_k64_s4,32,4096,14336,174.9
cutlass_64x64_k64_s4_sk2,32,4096,14336,180.5
cutlass_64x64_k64_s4_sk4,32,4096,14336,178.4
cutlass_64x64_k64_s4_sk8,32,4096,14336,180.8
cutlass_128x128_k64_s3_sk2,32,4096,14336,189.4
cutlass_128x128_k64_s3_sk4,32,4096,14336,188.1
cutlass_128x128_k64_s2,32,4096,14336,218.4
cutlass_64x64_k64_s2,32,4096,14336,198.2
cutlass_64x128_k64_s2,32,4096,14336,208.5
cutlass_128x64_k64_s2,32,4096,14336,204.6
cutlass_256x64_k64_s2,32,4096,14336,225.1
cutlass_256x128_s2,32,4096,14336,0.0
cutlass_64x64_s2,32,4096,14336,214.8
cutlass_64x128_s2,32,4096,14336,261.6
cutlass_128x64_s2,32,4096,14336,225.6
cutlass_128x128_s2,32,4096,14336,279.7
cutlass_128x256_s2,32,4096,14336,390.9
cutlass_256x64_s2,32,4096,14336,280.4
cublas,64,4096,14336,188.7
cutlass_32x64_s4,64,4096,14336,179.7
cutlass_32x64_s3,64,4096,14336,201.7
cutlass_32x128_s4,64,4096,14336,188.7
cutlass_32x128_s3,64,4096,14336,209.0
cutlass_32x256_s3,64,4096,14336,216.5
cutlass_64x64_s4,64,4096,14336,176.0
cutlass_64x64_s3,64,4096,14336,202.4
cutlass_64x128_s4,64,4096,14336,188.1
cutlass_64x128_s3,64,4096,14336,210.6
cutlass_128x64_s4,64,4096,14336,186.0
cutlass_128x64_s3,64,4096,14336,206.7
cutlass_128x128_s4,64,4096,14336,203.3
cutlass_128x128_s3,64,4096,14336,222.9
cutlass_128x256_s3,64,4096,14336,373.9
cutlass_256x64_s4,64,4096,14336,205.7
cutlass_256x64_s3,64,4096,14336,222.1
cutlass_64x64_s4_sk2,64,4096,14336,191.1
cutlass_64x64_s4_sk4,64,4096,14336,192.7
cutlass_64x64_s4_sk8,64,4096,14336,198.1
cutlass_128x128_s3_sk2,64,4096,14336,197.8
cutlass_128x128_s3_sk4,64,4096,14336,194.6
cutlass_128x128_s3_sk8,64,4096,14336,196.0
cutlass_64x128_s4_sk2,64,4096,14336,191.4
cutlass_64x128_s4_sk4,64,4096,14336,193.2
cutlass_64x128_s4_sk8,64,4096,14336,202.2
cutlass_32x64_s4_sk4,64,4096,14336,189.1
cutlass_32x64_s4_sk8,64,4096,14336,178.2
cutlass_32x64_s4_sk16,64,4096,14336,209.9
cutlass_128x128_s4_sk2,64,4096,14336,194.3
cutlass_128x128_s4_sk4,64,4096,14336,194.2
cutlass_128x128_s4_sk8,64,4096,14336,195.4
cutlass_128x64_s4_sk2,64,4096,14336,192.1
cutlass_128x64_s4_sk4,64,4096,14336,193.9
cutlass_128x64_s4_sk8,64,4096,14336,194.5
cutlass_256x64_s4_sk2,64,4096,14336,195.9
cutlass_256x64_s4_sk4,64,4096,14336,193.4
cutlass_64x64_s4_sk16,64,4096,14336,208.8
cutlass_64x128_s4_sk16,64,4096,14336,206.7
cutlass_64x64_k64_s4,64,4096,14336,175.2
cutlass_64x64_k64_s3,64,4096,14336,173.0
cutlass_64x128_k64_s4,64,4096,14336,179.6
cutlass_64x128_k64_s3,64,4096,14336,185.3
cutlass_128x64_k64_s4,64,4096,14336,179.7
cutlass_128x64_k64_s3,64,4096,14336,184.5
cutlass_128x128_k64_s4,64,4096,14336,0.0
cutlass_128x128_k64_s3,64,4096,14336,201.9
cutlass_256x64_k64_s4,64,4096,14336,0.0
cutlass_256x64_k64_s3,64,4096,14336,0.0
cutlass_128x256_k64_s3,64,4096,14336,0.0
cutlass_32x64_k64_s4,64,4096,14336,175.5
cutlass_32x128_k64_s4,64,4096,14336,179.4
cutlass_64x64_k64_s4_sk2,64,4096,14336,184.4
cutlass_64x64_k64_s4_sk4,64,4096,14336,182.9
cutlass_64x64_k64_s4_sk8,64,4096,14336,188.0
cutlass_128x128_k64_s3_sk2,64,4096,14336,194.0
cutlass_128x128_k64_s3_sk4,64,4096,14336,194.5
cutlass_128x128_k64_s2,64,4096,14336,225.1
cutlass_64x64_k64_s2,64,4096,14336,206.0
cutlass_64x128_k64_s2,64,4096,14336,216.3
cutlass_128x64_k64_s2,64,4096,14336,212.9
cutlass_256x64_k64_s2,64,4096,14336,232.1
cutlass_256x128_s2,64,4096,14336,0.0
cutlass_64x64_s2,64,4096,14336,225.3
cutlass_64x128_s2,64,4096,14336,280.3
cutlass_128x64_s2,64,4096,14336,232.7
cutlass_128x128_s2,64,4096,14336,282.4
cutlass_128x256_s2,64,4096,14336,393.9
cutlass_256x64_s2,64,4096,14336,281.9
cublas,128,4096,14336,189.8
cutlass_32x64_s4,128,4096,14336,187.4
cutlass_32x64_s3,128,4096,14336,205.0
cutlass_32x128_s4,128,4096,14336,193.1
cutlass_32x128_s3,128,4096,14336,213.6
cutlass_32x256_s3,128,4096,14336,219.2
cutlass_64x64_s4,128,4096,14336,187.2
cutlass_64x64_s3,128,4096,14336,210.2
cutlass_64x128_s4,128,4096,14336,191.9
cutlass_64x128_s3,128,4096,14336,215.4
cutlass_128x64_s4,128,4096,14336,198.2
cutlass_128x64_s3,128,4096,14336,214.5
cutlass_128x128_s4,128,4096,14336,206.4
cutlass_128x128_s3,128,4096,14336,227.2
cutlass_128x256_s3,128,4096,14336,374.0
cutlass_256x64_s4,128,4096,14336,211.2
cutlass_256x64_s3,128,4096,14336,233.7
cutlass_64x64_s4_sk2,128,4096,14336,199.3
cutlass_64x64_s4_sk4,128,4096,14336,204.3
cutlass_64x64_s4_sk8,128,4096,14336,208.3
cutlass_128x128_s3_sk2,128,4096,14336,208.0
cutlass_128x128_s3_sk4,128,4096,14336,211.1
cutlass_128x128_s3_sk8,128,4096,14336,214.3
cutlass_64x128_s4_sk2,128,4096,14336,200.8
cutlass_64x128_s4_sk4,128,4096,14336,208.5
cutlass_64x128_s4_sk8,128,4096,14336,200.7
cutlass_32x64_s4_sk4,128,4096,14336,179.0
cutlass_32x64_s4_sk8,128,4096,14336,217.8
cutlass_32x64_s4_sk16,128,4096,14336,256.5
cutlass_128x128_s4_sk2,128,4096,14336,205.0
cutlass_128x128_s4_sk4,128,4096,14336,210.0
cutlass_128x128_s4_sk8,128,4096,14336,213.9
cutlass_128x64_s4_sk2,128,4096,14336,200.4
cutlass_128x64_s4_sk4,128,4096,14336,208.7
cutlass_128x64_s4_sk8,128,4096,14336,211.4
cutlass_256x64_s4_sk2,128,4096,14336,204.7
cutlass_256x64_s4_sk4,128,4096,14336,204.6
cutlass_64x64_s4_sk16,128,4096,14336,252.9
cutlass_64x128_s4_sk16,128,4096,14336,253.3
cutlass_64x64_k64_s4,128,4096,14336,180.0
cutlass_64x64_k64_s3,128,4096,14336,175.9
cutlass_64x128_k64_s4,128,4096,14336,184.0
cutlass_64x128_k64_s3,128,4096,14336,188.8
cutlass_128x64_k64_s4,128,4096,14336,186.5
cutlass_128x64_k64_s3,128,4096,14336,196.2
cutlass_128x128_k64_s4,128,4096,14336,0.0
cutlass_128x128_k64_s3,128,4096,14336,204.8
cutlass_256x64_k64_s4,128,4096,14336,0.0
cutlass_256x64_k64_s3,128,4096,14336,0.0
cutlass_128x256_k64_s3,128,4096,14336,0.0
cutlass_32x64_k64_s4,128,4096,14336,181.3
cutlass_32x128_k64_s4,128,4096,14336,183.6
cutlass_64x64_k64_s4_sk2,128,4096,14336,167.9
cutlass_64x64_k64_s4_sk4,128,4096,14336,186.5
cutlass_64x64_k64_s4_sk8,128,4096,14336,208.8
cutlass_128x128_k64_s3_sk2,128,4096,14336,205.2
cutlass_128x128_k64_s3_sk4,128,4096,14336,209.4
cutlass_128x128_k64_s2,128,4096,14336,246.8
cutlass_64x64_k64_s2,128,4096,14336,213.6
cutlass_64x128_k64_s2,128,4096,14336,219.0
cutlass_128x64_k64_s2,128,4096,14336,220.6
cutlass_256x64_k64_s2,128,4096,14336,238.9
cutlass_256x128_s2,128,4096,14336,0.0
cutlass_64x64_s2,128,4096,14336,228.3
cutlass_64x128_s2,128,4096,14336,271.6
cutlass_128x64_s2,128,4096,14336,263.5
cutlass_128x128_s2,128,4096,14336,285.2
cutlass_128x256_s2,128,4096,14336,407.6
cutlass_256x64_s2,128,4096,14336,284.9
cublas,256,4096,14336,211.6
cutlass_32x64_s4,256,4096,14336,266.9
cutlass_32x64_s3,256,4096,14336,272.0
cutlass_32x128_s4,256,4096,14336,223.3
cutlass_32x128_s3,256,4096,14336,231.1
cutlass_32x256_s3,256,4096,14336,227.4
cutlass_64x64_s4,256,4096,14336,205.4
cutlass_64x64_s3,256,4096,14336,217.3
cutlass_64x128_s4,256,4096,14336,200.3
cutlass_64x128_s3,256,4096,14336,222.5
cutlass_128x64_s4,256,4096,14336,206.6
cutlass_128x64_s3,256,4096,14336,227.9
cutlass_128x128_s4,256,4096,14336,212.9
cutlass_128x128_s3,256,4096,14336,232.8
cutlass_128x256_s3,256,4096,14336,378.5
cutlass_256x64_s4,256,4096,14336,220.0
cutlass_256x64_s3,256,4096,14336,242.4
cutlass_64x64_s4_sk2,256,4096,14336,251.0
cutlass_64x64_s4_sk4,256,4096,14336,250.2
cutlass_64x64_s4_sk8,256,4096,14336,275.9
cutlass_128x128_s3_sk2,256,4096,14336,226.7
cutlass_128x128_s3_sk4,256,4096,14336,219.0
cutlass_128x128_s3_sk8,256,4096,14336,285.2
cutlass_64x128_s4_sk2,256,4096,14336,221.3
cutlass_64x128_s4_sk4,256,4096,14336,222.4
cutlass_64x128_s4_sk8,256,4096,14336,267.6
cutlass_32x64_s4_sk4,256,4096,14336,291.5
cutlass_32x64_s4_sk8,256,4096,14336,310.0
cutlass_32x64_s4_sk16,256,4096,14336,386.6
cutlass_128x128_s4_sk2,256,4096,14336,221.6
cutlass_128x128_s4_sk4,256,4096,14336,212.1
cutlass_128x128_s4_sk8,256,4096,14336,272.5
cutlass_128x64_s4_sk2,256,4096,14336,219.3
cutlass_128x64_s4_sk4,256,4096,14336,215.5
cutlass_128x64_s4_sk8,256,4096,14336,266.5
cutlass_256x64_s4_sk2,256,4096,14336,224.5
cutlass_256x64_s4_sk4,256,4096,14336,226.9
cutlass_64x64_s4_sk16,256,4096,14336,361.1
cutlass_64x128_s4_sk16,256,4096,14336,356.4
cutlass_64x64_k64_s4,256,4096,14336,194.4
cutlass_64x64_k64_s3,256,4096,14336,190.5
cutlass_64x128_k64_s4,256,4096,14336,190.9
cutlass_64x128_k64_s3,256,4096,14336,194.4
cutlass_128x64_k64_s4,256,4096,14336,192.7
cutlass_128x64_k64_s3,256,4096,14336,205.4
cutlass_128x128_k64_s4,256,4096,14336,0.0
cutlass_128x128_k64_s3,256,4096,14336,211.3
cutlass_256x64_k64_s4,256,4096,14336,0.0
cutlass_256x64_k64_s3,256,4096,14336,0.0
cutlass_128x256_k64_s3,256,4096,14336,0.0
cutlass_32x64_k64_s4,256,4096,14336,281.1
cutlass_32x128_k64_s4,256,4096,14336,235.4
cutlass_64x64_k64_s4_sk2,256,4096,14336,255.2
cutlass_64x64_k64_s4_sk4,256,4096,14336,267.6
cutlass_64x64_k64_s4_sk8,256,4096,14336,301.8
cutlass_128x128_k64_s3_sk2,256,4096,14336,219.5
cutlass_128x128_k64_s3_sk4,256,4096,14336,209.8
cutlass_128x128_k64_s2,256,4096,14336,260.2
cutlass_64x64_k64_s2,256,4096,14336,220.1
cutlass_64x128_k64_s2,256,4096,14336,225.9
cutlass_128x64_k64_s2,256,4096,14336,249.9
cutlass_256x64_k64_s2,256,4096,14336,271.1
cutlass_256x128_s2,256,4096,14336,0.0
cutlass_64x64_s2,256,4096,14336,243.3
cutlass_64x128_s2,256,4096,14336,268.1
cutlass_128x64_s2,256,4096,14336,265.3
cutlass_128x128_s2,256,4096,14336,286.6
cutlass_128x256_s2,256,4096,14336,406.1
cutlass_256x64_s2,256,4096,14336,295.6
cublas,512,4096,14336,256.3
cutlass_32x64_s4,512,4096,14336,567.5
cutlass_32x64_s3,512,4096,14336,642.4
cutlass_32x128_s4,512,4096,14336,468.6
cutlass_32x128_s3,512,4096,14336,636.2
cutlass_32x256_s3,512,4096,14336,431.9
cutlass_64x64_s4,512,4096,14336,513.2
cutlass_64x64_s3,512,4096,14336,388.4
cutlass_64x128_s4,512,4096,14336,296.1
cutlass_64x128_s3,512,4096,14336,303.1
cutlass_128x64_s4,512,4096,14336,310.9
cutlass_128x64_s3,512,4096,14336,316.3
cutlass_128x128_s4,512,4096,14336,236.7
cutlass_128x128_s3,512,4096,14336,256.9
cutlass_128x256_s3,512,4096,14336,442.8
cutlass_256x64_s4,512,4096,14336,268.3
cutlass_256x64_s3,512,4096,14336,284.1
cutlass_64x64_s4_sk2,512,4096,14336,455.7
cutlass_64x64_s4_sk4,512,4096,14336,428.4
cutlass_64x64_s4_sk8,512,4096,14336,470.4
cutlass_128x128_s3_sk2,512,4096,14336,303.7
cutlass_128x128_s3_sk4,512,4096,14336,366.2
cutlass_128x128_s3_sk8,512,4096,14336,434.7
cutlass_64x128_s4_sk2,512,4096,14336,343.7
cutlass_64x128_s4_sk4,512,4096,14336,348.8
cutlass_64x128_s4_sk8,512,4096,14336,407.3
cutlass_32x64_s4_sk4,512,4096,14336,602.4
cutlass_32x64_s4_sk8,512,4096,14336,624.5
cutlass_32x64_s4_sk16,512,4096,14336,770.9
cutlass_128x128_s4_sk2,512,4096,14336,297.7
cutlass_128x128_s4_sk4,512,4096,14336,341.4
cutlass_128x128_s4_sk8,512,4096,14336,402.5
cutlass_128x64_s4_sk2,512,4096,14336,318.2
cutlass_128x64_s4_sk4,512,4096,14336,346.9
cutlass_128x64_s4_sk8,512,4096,14336,406.7
cutlass_256x64_s4_sk2,512,4096,14336,294.6
cutlass_256x64_s4_sk4,512,4096,14336,341.7
cutlass_64x64_s4_sk16,512,4096,14336,646.0
cutlass_64x128_s4_sk16,512,4096,14336,598.4
cutlass_64x64_k64_s4,512,4096,14336,389.5
cutlass_64x64_k64_s3,512,4096,14336,383.7
cutlass_64x128_k64_s4,512,4096,14336,303.2
cutlass_64x128_k64_s3,512,4096,14336,298.7
cutlass_128x64_k64_s4,512,4096,14336,302.8
cutlass_128x64_k64_s3,512,4096,14336,304.6
cutlass_128x128_k64_s4,512,4096,14336,0.0
cutlass_128x128_k64_s3,512,4096,14336,243.0
cutlass_256x64_k64_s4,512,4096,14336,0.0
cutlass_256x64_k64_s3,512,4096,14336,0.0
cutlass_128x256_k64_s3,512,4096,14336,0.0
cutlass_32x64_k64_s4,512,4096,14336,601.7
cutlass_32x128_k64_s4,512,4096,14336,496.3
cutlass_64x64_k64_s4_sk2,512,4096,14336,509.6
cutlass_64x64_k64_s4_sk4,512,4096,14336,500.4
cutlass_64x64_k64_s4_sk8,512,4096,14336,576.5
cutlass_128x128_k64_s3_sk2,512,4096,14336,280.7
cutlass_128x128_k64_s3_sk4,512,4096,14336,335.6
cutlass_128x128_k64_s2,512,4096,14336,282.5
cutlass_64x64_k64_s2,512,4096,14336,506.7
cutlass_64x128_k64_s2,512,4096,14336,315.0
cutlass_128x64_k64_s2,512,4096,14336,317.3
cutlass_256x64_k64_s2,512,4096,14336,319.9
cutlass_256x128_s2,512,4096,14336,0.0
cutlass_64x64_s2,512,4096,14336,400.3
cutlass_64x128_s2,512,4096,14336,319.7
cutlass_128x64_s2,512,4096,14336,336.7
cutlass_128x128_s2,512,4096,14336,321.7
cutlass_128x256_s2,512,4096,14336,450.1
cutlass_256x64_s2,512,4096,14336,321.6
cublas,1024,4096,14336,439.7
cutlass_32x64_s4,1024,4096,14336,1182.9
cutlass_32x64_s3,1024,4096,14336,1091.6
cutlass_32x128_s4,1024,4096,14336,976.3
cutlass_32x128_s3,1024,4096,14336,1010.5
cutlass_32x256_s3,1024,4096,14336,909.2
cutlass_64x64_s4,1024,4096,14336,817.8
cutlass_64x64_s3,1024,4096,14336,780.9
cutlass_64x128_s4,1024,4096,14336,596.8
cutlass_64x128_s3,1024,4096,14336,614.3
cutlass_128x64_s4,1024,4096,14336,601.3
cutlass_128x64_s3,1024,4096,14336,609.8
cutlass_128x128_s4,1024,4096,14336,455.6
cutlass_128x128_s3,1024,4096,14336,479.4
cutlass_128x256_s3,1024,4096,14336,489.8
cutlass_256x64_s4,1024,4096,14336,536.3
cutlass_256x64_s3,1024,4096,14336,544.9
cutlass_64x64_s4_sk2,1024,4096,14336,849.7
cutlass_64x64_s4_sk4,1024,4096,14336,863.3
cutlass_64x64_s4_sk8,1024,4096,14336,989.8
cutlass_128x128_s3_sk2,1024,4096,14336,619.6
cutlass_128x128_s3_sk4,1024,4096,14336,663.3
cutlass_128x128_s3_sk8,1024,4096,14336,846.6
cutlass_64x128_s4_sk2,1024,4096,14336,655.7
cutlass_64x128_s4_sk4,1024,4096,14336,693.0
cutlass_64x128_s4_sk8,1024,4096,14336,832.1
cutlass_32x64_s4_sk4,1024,4096,14336,1169.7
cutlass_32x64_s4_sk8,1024,4096,14336,1293.7
cutlass_32x64_s4_sk16,1024,4096,14336,1540.8
cutlass_128x128_s4_sk2,1024,4096,14336,595.8
cutlass_128x128_s4_sk4,1024,4096,14336,625.6
cutlass_128x128_s4_sk8,1024,4096,14336,791.8
cutlass_128x64_s4_sk2,1024,4096,14336,657.6
cutlass_128x64_s4_sk4,1024,4096,14336,705.8
cutlass_128x64_s4_sk8,1024,4096,14336,847.3
cutlass_256x64_s4_sk2,1024,4096,14336,598.5
cutlass_256x64_s4_sk4,1024,4096,14336,674.9
cutlass_64x64_s4_sk16,1024,4096,14336,1273.5
cutlass_64x128_s4_sk16,1024,4096,14336,1148.8
cutlass_64x64_k64_s4,1024,4096,14336,741.6
cutlass_64x64_k64_s3,1024,4096,14336,760.7
cutlass_64x128_k64_s4,1024,4096,14336,616.3
cutlass_64x128_k64_s3,1024,4096,14336,604.3
cutlass_128x64_k64_s4,1024,4096,14336,599.1
cutlass_128x64_k64_s3,1024,4096,14336,592.8
cutlass_128x128_k64_s4,1024,4096,14336,0.0
cutlass_128x128_k64_s3,1024,4096,14336,474.2
cutlass_256x64_k64_s4,1024,4096,14336,0.0
cutlass_256x64_k64_s3,1024,4096,14336,0.0
cutlass_128x256_k64_s3,1024,4096,14336,0.0
cutlass_32x64_k64_s4,1024,4096,14336,1161.0
cutlass_32x128_k64_s4,1024,4096,14336,947.8
cutlass_64x64_k64_s4_sk2,1024,4096,14336,885.7
cutlass_64x64_k64_s4_sk4,1024,4096,14336,952.8
cutlass_64x64_k64_s4_sk8,1024,4096,14336,1108.1
cutlass_128x128_k64_s3_sk2,1024,4096,14336,590.2
cutlass_128x128_k64_s3_sk4,1024,4096,14336,603.9
cutlass_128x128_k64_s2,1024,4096,14336,504.9
cutlass_64x64_k64_s2,1024,4096,14336,830.0
cutlass_64x128_k64_s2,1024,4096,14336,592.8
cutlass_128x64_k64_s2,1024,4096,14336,598.1
cutlass_256x64_k64_s2,1024,4096,14336,630.2
cutlass_256x128_s2,1024,4096,14336,0.0
cutlass_64x64_s2,1024,4096,14336,786.4
cutlass_64x128_s2,1024,4096,14336,808.1
cutlass_128x64_s2,1024,4096,14336,760.5
cutlass_128x128_s2,1024,4096,14336,572.7
cutlass_128x256_s2,1024,4096,14336,453.4
cutlass_256x64_s2,1024,4096,14336,621.9
cublas,2048,4096,14336,849.7
cutlass_32x64_s4,2048,4096,14336,2263.7
cutlass_32x64_s3,2048,4096,14336,2200.4
cutlass_32x128_s4,2048,4096,14336,1960.6
cutlass_32x128_s3,2048,4096,14336,1879.3
cutlass_32x256_s3,2048,4096,14336,1719.1
cutlass_64x64_s4,2048,4096,14336,1526.1
cutlass_64x64_s3,2048,4096,14336,1580.6
cutlass_64x128_s4,2048,4096,14336,1206.3
cutlass_64x128_s3,2048,4096,14336,1224.2
cutlass_128x64_s4,2048,4096,14336,1190.7
cutlass_128x64_s3,2048,4096,14336,1206.1
cutlass_128x128_s4,2048,4096,14336,939.4
cutlass_128x128_s3,2048,4096,14336,961.1
cutlass_128x256_s3,2048,4096,14336,928.2
cutlass_256x64_s4,2048,4096,14336,1047.4
cutlass_256x64_s3,2048,4096,14336,1065.5
cutlass_64x64_s4_sk2,2048,4096,14336,1610.0
cutlass_64x64_s4_sk4,2048,4096,14336,1708.8
cutlass_64x64_s4_sk8,2048,4096,14336,1973.8
cutlass_128x128_s3_sk2,2048,4096,14336,1232.8
cutlass_128x128_s3_sk4,2048,4096,14336,1299.1
cutlass_128x128_s3_sk8,2048,4096,14336,1653.5
cutlass_64x128_s4_sk2,2048,4096,14336,1274.4
cutlass_64x128_s4_sk4,2048,4096,14336,1372.1
cutlass_64x128_s4_sk8,2048,4096,14336,1660.6
cutlass_32x64_s4_sk4,2048,4096,14336,2332.7
cutlass_32x64_s4_sk8,2048,4096,14336,2562.3
cutlass_32x64_s4_sk16,2048,4096,14336,3006.6
cutlass_128x128_s4_sk2,2048,4096,14336,1194.6
cutlass_128x128_s4_sk4,2048,4096,14336,1236.5
cutlass_128x128_s4_sk8,2048,4096,14336,1561.1
cutlass_128x64_s4_sk2,2048,4096,14336,1319.7
cutlass_128x64_s4_sk4,2048,4096,14336,1412.9
cutlass_128x64_s4_sk8,2048,4096,14336,1681.8
cutlass_256x64_s4_sk2,2048,4096,14336,1260.3
cutlass_256x64_s4_sk4,2048,4096,14336,1346.9
cutlass_64x64_s4_sk16,2048,4096,14336,2461.2
cutlass_64x128_s4_sk16,2048,4096,14336,2252.3
cutlass_64x64_k64_s4,2048,4096,14336,1434.9
cutlass_64x64_k64_s3,2048,4096,14336,1459.9
cutlass_64x128_k64_s4,2048,4096,14336,1173.4
cutlass_64x128_k64_s3,2048,4096,14336,1168.2
cutlass_128x64_k64_s4,2048,4096,14336,1146.4
cutlass_128x64_k64_s3,2048,4096,14336,1146.5
cutlass_128x128_k64_s4,2048,4096,14336,0.0
cutlass_128x128_k64_s3,2048,4096,14336,905.6
cutlass_256x64_k64_s4,2048,4096,14336,0.0
cutlass_256x64_k64_s3,2048,4096,14336,0.0
cutlass_128x256_k64_s3,2048,4096,14336,0.0
cutlass_32x64_k64_s4,2048,4096,14336,2219.0
cutlass_32x128_k64_s4,2048,4096,14336,1804.8
cutlass_64x64_k64_s4_sk2,2048,4096,14336,1656.4
cutlass_64x64_k64_s4_sk4,2048,4096,14336,1815.7
cutlass_64x64_k64_s4_sk8,2048,4096,14336,2070.0
cutlass_128x128_k64_s3_sk2,2048,4096,14336,1175.0
cutlass_128x128_k64_s3_sk4,2048,4096,14336,1196.7
cutlass_128x128_k64_s2,2048,4096,14336,1004.4
cutlass_64x64_k64_s2,2048,4096,14336,1516.3
cutlass_64x128_k64_s2,2048,4096,14336,1196.6
cutlass_128x64_k64_s2,2048,4096,14336,1193.2
cutlass_256x64_k64_s2,2048,4096,14336,1202.4
cutlass_256x128_s2,2048,4096,14336,0.0
cutlass_64x64_s2,2048,4096,14336,1566.0
cutlass_64x128_s2,2048,4096,14336,1343.6
cutlass_128x64_s2,2048,4096,14336,1313.0
cutlass_128x128_s2,2048,4096,14336,1149.9
cutlass_128x256_s2,2048,4096,14336,909.5
cutlass_256x64_s2,2048,4096,14336,1218.6
cublas,4096,4096,14336,1724.1
cutlass_32x64_s4,4096,4096,14336,4488.7
cutlass_32x64_s3,4096,4096,14336,4512.8
cutlass_32x128_s4,4096,4096,14336,3782.0
cutlass_32x128_s3,4096,4096,14336,3871.7
cutlass_32x256_s3,4096,4096,14336,3716.5
cutlass_64x64_s4,4096,4096,14336,3071.8
cutlass_64x64_s3,4096,4096,14336,3125.4
cutlass_64x128_s4,4096,4096,14336,2442.9
cutlass_64x128_s3,4096,4096,14336,2526.4
cutlass_128x64_s4,4096,4096,14336,2384.2
cutlass_128x64_s3,4096,4096,14336,2433.7
cutlass_128x128_s4,4096,4096,14336,1960.8
cutlass_128x128_s3,4096,4096,14336,2072.3
cutlass_128x256_s3,4096,4096,14336,1769.2
cutlass_256x64_s4,4096,4096,14336,2111.2
cutlass_256x64_s3,4096,4096,14336,2198.7
cutlass_64x64_s4_sk2,4096,4096,14336,3210.1
cutlass_64x64_s4_sk4,4096,4096,14336,3429.7
cutlass_64x64_s4_sk8,4096,4096,14336,3919.6
cutlass_128x128_s3_sk2,4096,4096,14336,2211.2
cutlass_128x128_s3_sk4,4096,4096,14336,2530.9
cutlass_128x128_s3_sk8,4096,4096,14336,3246.4
cutlass_64x128_s4_sk2,4096,4096,14336,2534.4
cutlass_64x128_s4_sk4,4096,4096,14336,2720.0
cutlass_64x128_s4_sk8,4096,4096,14336,3255.2
cutlass_32x64_s4_sk4,4096,4096,14336,4651.7
cutlass_32x64_s4_sk8,4096,4096,14336,5092.0
cutlass_32x64_s4_sk16,4096,4096,14336,5962.8
cutlass_128x128_s4_sk2,4096,4096,14336,2169.2
cutlass_128x128_s4_sk4,4096,4096,14336,2418.7
cutlass_128x128_s4_sk8,4096,4096,14336,3092.9
cutlass_128x64_s4_sk2,4096,4096,14336,2578.3
cutlass_128x64_s4_sk4,4096,4096,14336,2796.4
cutlass_128x64_s4_sk8,4096,4096,14336,3327.1
cutlass_256x64_s4_sk2,4096,4096,14336,2347.8
cutlass_256x64_s4_sk4,4096,4096,14336,2590.9
cutlass_64x64_s4_sk16,4096,4096,14336,4846.8
cutlass_64x128_s4_sk16,4096,4096,14336,4377.6
cutlass_64x64_k64_s4,4096,4096,14336,5198.3
cutlass_64x64_k64_s3,4096,4096,14336,2999.6
cutlass_64x128_k64_s4,4096,4096,14336,2900.1
cutlass_64x128_k64_s3,4096,4096,14336,3088.7
cutlass_128x64_k64_s4,4096,4096,14336,2869.3
cutlass_128x64_k64_s3,4096,4096,14336,2928.4
cutlass_128x128_k64_s4,4096,4096,14336,0.0
cutlass_128x128_k64_s3,4096,4096,14336,1892.5
cutlass_256x64_k64_s4,4096,4096,14336,0.0
cutlass_256x64_k64_s3,4096,4096,14336,0.0
cutlass_128x256_k64_s3,4096,4096,14336,0.0
cutlass_32x64_k64_s4,4096,4096,14336,5241.5
cutlass_32x128_k64_s4,4096,4096,14336,5382.0
cutlass_64x64_k64_s4_sk2,4096,4096,14336,3209.4
cutlass_64x64_k64_s4_sk4,4096,4096,14336,3513.2
cutlass_64x64_k64_s4_sk8,4096,4096,14336,3990.9
cutlass_128x128_k64_s3_sk2,4096,4096,14336,2126.0
cutlass_128x128_k64_s3_sk4,4096,4096,14336,2354.3
cutlass_128x128_k64_s2,4096,4096,14336,2315.1
cutlass_64x64_k64_s2,4096,4096,14336,3050.5
cutlass_64x128_k64_s2,4096,4096,14336,2454.6
cutlass_128x64_k64_s2,4096,4096,14336,2433.6
cutlass_256x64_k64_s2,4096,4096,14336,2685.0
cutlass_256x128_s2,4096,4096,14336,0.0
cutlass_64x64_s2,4096,4096,14336,3296.3
cutlass_64x128_s2,4096,4096,14336,2510.9
cutlass_128x64_s2,4096,4096,14336,2463.9
cutlass_128x128_s2,4096,4096,14336,2573.1
cutlass_128x256_s2,4096,4096,14336,1824.8
cutlass_256x64_s2,4096,4096,14336,2658.7
cublas,1,8192,8192,179.9
cutlass_32x64_s4,1,8192,8192,206.7
cutlass_32x64_s3,1,8192,8192,212.0
cutlass_32x128_s4,1,8192,8192,208.2
cutlass_32x128_s3,1,8192,8192,213.8
cutlass_32x256_s3,1,8192,8192,217.1
cutlass_64x64_s4,1,8192,8192,206.1
cutlass_64x64_s3,1,8192,8192,211.4
cutlass_64x128_s4,1,8192,8192,207.4
cutlass_64x128_s3,1,8192,8192,213.8
cutlass_128x64_s4,1,8192,8192,207.6
cutlass_128x64_s3,1,8192,8192,212.8
cutlass_128x128_s4,1,8192,8192,213.0
cutlass_128x128_s3,1,8192,8192,217.2
cutlass_128x256_s3,1,8192,8192,224.3
cutlass_256x64_s4,1,8192,8192,214.1
cutlass_256x64_s3,1,8192,8192,217.6
cutlass_64x64_s4_sk2,1,8192,8192,205.2
cutlass_64x64_s4_sk4,1,8192,8192,204.6
cutlass_64x64_s4_sk8,1,8192,8192,204.5
cutlass_128x128_s3_sk2,1,8192,8192,208.5
cutlass_128x128_s3_sk4,1,8192,8192,212.0
cutlass_128x128_s3_sk8,1,8192,8192,211.5
cutlass_64x128_s4_sk2,1,8192,8192,205.7
cutlass_64x128_s4_sk4,1,8192,8192,205.0
cutlass_64x128_s4_sk8,1,8192,8192,206.8
cutlass_32x64_s4_sk4,1,8192,8192,204.0
cutlass_32x64_s4_sk8,1,8192,8192,206.2
cutlass_32x64_s4_sk16,1,8192,8192,206.5
cutlass_128x128_s4_sk2,1,8192,8192,207.7
cutlass_128x128_s4_sk4,1,8192,8192,210.5
cutlass_128x128_s4_sk8,1,8192,8192,209.3
cutlass_128x64_s4_sk2,1,8192,8192,206.0
cutlass_128x64_s4_sk4,1,8192,8192,208.9
cutlass_128x64_s4_sk8,1,8192,8192,207.9
cutlass_256x64_s4_sk2,1,8192,8192,214.0
cutlass_256x64_s4_sk4,1,8192,8192,212.8
cutlass_64x64_s4_sk16,1,8192,8192,206.0
cutlass_64x128_s4_sk16,1,8192,8192,208.1
cutlass_64x64_k64_s4,1,8192,8192,199.1
cutlass_64x64_k64_s3,1,8192,8192,201.1
cutlass_64x128_k64_s4,1,8192,8192,203.6
cutlass_64x128_k64_s3,1,8192,8192,205.8
cutlass_128x64_k64_s4,1,8192,8192,202.5
cutlass_128x64_k64_s3,1,8192,8192,205.2
cutlass_128x128_k64_s4,1,8192,8192,0.0
cutlass_128x128_k64_s3,1,8192,8192,213.5
cutlass_256x64_k64_s4,1,8192,8192,0.0
cutlass_256x64_k64_s3,1,8192,8192,0.0
cutlass_128x256_k64_s3,1,8192,8192,0.0
cutlass_32x64_k64_s4,1,8192,8192,199.5
cutlass_32x128_k64_s4,1,8192,8192,203.4
cutlass_64x64_k64_s4_sk2,1,8192,8192,201.3
cutlass_64x64_k64_s4_sk4,1,8192,8192,200.3
cutlass_64x64_k64_s4_sk8,1,8192,8192,199.5
cutlass_128x128_k64_s3_sk2,1,8192,8192,207.3
cutlass_128x128_k64_s3_sk4,1,8192,8192,210.1
cutlass_128x128_k64_s2,1,8192,8192,217.4
cutlass_64x64_k64_s2,1,8192,8192,212.2
cutlass_64x128_k64_s2,1,8192,8192,215.2
cutlass_128x64_k64_s2,1,8192,8192,214.8
cutlass_256x64_k64_s2,1,8192,8192,218.2
cutlass_256x128_s2,1,8192,8192,0.0
cutlass_64x64_s2,1,8192,8192,215.0
cutlass_64x128_s2,1,8192,8192,217.5
cutlass_128x64_s2,1,8192,8192,216.5
cutlass_128x128_s2,1,8192,8192,222.9
cutlass_128x256_s2,1,8192,8192,249.5
cutlass_256x64_s2,1,8192,8192,220.9
cutlass_gemv,1,8192,8192,186.2
cublas,2,8192,8192,191.7
cutlass_32x64_s4,2,8192,8192,208.9
cutlass_32x64_s3,2,8192,8192,212.5
cutlass_32x128_s4,2,8192,8192,209.6
cutlass_32x128_s3,2,8192,8192,213.1
cutlass_32x256_s3,2,8192,8192,216.4
cutlass_64x64_s4,2,8192,8192,208.7
cutlass_64x64_s3,2,8192,8192,212.7
cutlass_64x128_s4,2,8192,8192,209.5
cutlass_64x128_s3,2,8192,8192,213.7
cutlass_128x64_s4,2,8192,8192,210.0
cutlass_128x64_s3,2,8192,8192,213.9
cutlass_128x128_s4,2,8192,8192,213.8
cutlass_128x128_s3,2,8192,8192,216.8
cutlass_128x256_s3,2,8192,8192,223.1
cutlass_256x64_s4,2,8192,8192,216.8
cutlass_256x64_s3,2,8192,8192,218.1
cutlass_64x64_s4_sk2,2,8192,8192,205.0
cutlass_64x64_s4_sk4,2,8192,8192,205.2
cutlass_64x64_s4_sk8,2,8192,8192,208.1
cutlass_128x128_s3_sk2,2,8192,8192,208.6
cutlass_128x128_s3_sk4,2,8192,8192,210.2
cutlass_128x128_s3_sk8,2,8192,8192,214.4
cutlass_64x128_s4_sk2,2,8192,8192,205.0
cutlass_64x128_s4_sk4,2,8192,8192,207.4
cutlass_64x128_s4_sk8,2,8192,8192,208.0
cutlass_32x64_s4_sk4,2,8192,8192,205.6
cutlass_32x64_s4_sk8,2,8192,8192,207.0
cutlass_32x64_s4_sk16,2,8192,8192,211.4
cutlass_128x128_s4_sk2,2,8192,8192,207.0
cutlass_128x128_s4_sk4,2,8192,8192,208.7
cutlass_128x128_s4_sk8,2,8192,8192,212.5
cutlass_128x64_s4_sk2,2,8192,8192,206.5
cutlass_128x64_s4_sk4,2,8192,8192,207.4
cutlass_128x64_s4_sk8,2,8192,8192,210.5
cutlass_256x64_s4_sk2,2,8192,8192,215.4
cutlass_256x64_s4_sk4,2,8192,8192,214.8
cutlass_64x64_s4_sk16,2,8192,8192,211.2
cutlass_64x128_s4_sk16,2,8192,8192,213.1
cutlass_64x64_k64_s4,2,8192,8192,200.6
cutlass_64x64_k64_s3,2,8192,8192,201.4
cutlass_64x128_k64_s4,2,8192,8192,204.7
cutlass_64x128_k64_s3,2,8192,8192,206.1
cutlass_128x64_k64_s4,2,8192,8192,205.1
cutlass_128x64_k64_s3,2,8192,8192,206.9
cutlass_128x128_k64_s4,2,8192,8192,0.0
cutlass_128x128_k64_s3,2,8192,8192,213.6
cutlass_256x64_k64_s4,2,8192,8192,0.0
cutlass_256x64_k64_s3,2,8192,8192,0.0
cutlass_128x256_k64_s3,2,8192,8192,0.0
cutlass_32x64_k64_s4,2,8192,8192,201.0
cutlass_32x128_k64_s4,2,8192,8192,204.4
cutlass_64x64_k64_s4_sk2,2,8192,8192,202.1
cutlass_64x64_k64_s4_sk4,2,8192,8192,199.5
cutlass_64x64_k64_s4_sk8,2,8192,8192,201.4
cutlass_128x128_k64_s3_sk2,2,8192,8192,206.9
cutlass_128x128_k64_s3_sk4,2,8192,8192,207.9
cutlass_128x128_k64_s2,2,8192,8192,216.8
cutlass_64x64_k64_s2,2,8192,8192,213.2
cutlass_64x128_k64_s2,2,8192,8192,214.3
cutlass_128x64_k64_s2,2,8192,8192,215.2
cutlass_256x64_k64_s2,2,8192,8192,219.9
cutlass_256x128_s2,2,8192,8192,0.0
cutlass_64x64_s2,2,8192,8192,215.3
cutlass_64x128_s2,2,8192,8192,217.1
cutlass_128x64_s2,2,8192,8192,217.0
cutlass_128x128_s2,2,8192,8192,220.8
cutlass_128x256_s2,2,8192,8192,248.9
cutlass_256x64_s2,2,8192,8192,222.9
cublas,4,8192,8192,193.7
cutlass_32x64_s4,4,8192,8192,210.2
cutlass_32x64_s3,4,8192,8192,215.0
cutlass_32x128_s4,4,8192,8192,211.2
cutlass_32x128_s3,4,8192,8192,217.1
cutlass_32x256_s3,4,8192,8192,220.5
cutlass_64x64_s4,4,8192,8192,210.0
cutlass_64x64_s3,4,8192,8192,215.4
cutlass_64x128_s4,4,8192,8192,211.0
cutlass_64x128_s3,4,8192,8192,217.9
cutlass_128x64_s4,4,8192,8192,212.2
cutlass_128x64_s3,4,8192,8192,216.9
cutlass_128x128_s4,4,8192,8192,215.6
cutlass_128x128_s3,4,8192,8192,220.4
cutlass_128x256_s3,4,8192,8192,227.0
cutlass_256x64_s4,4,8192,8192,220.3
cutlass_256x64_s3,4,8192,8192,222.6
cutlass_64x64_s4_sk2,4,8192,8192,206.7
cutlass_64x64_s4_sk4,4,8192,8192,206.6
cutlass_64x64_s4_sk8,4,8192,8192,211.8
cutlass_128x128_s3_sk2,4,8192,8192,209.3
cutlass_128x128_s3_sk4,4,8192,8192,214.2
cutlass_128x128_s3_sk8,4,8192,8192,219.2
cutlass_64x128_s4_sk2,4,8192,8192,206.8
cutlass_64x128_s4_sk4,4,8192,8192,207.2
cutlass_64x128_s4_sk8,4,8192,8192,212.4
cutlass_32x64_s4_sk4,4,8192,8192,206.5
cutlass_32x64_s4_sk8,4,8192,8192,211.0
cutlass_32x64_s4_sk16,4,8192,8192,215.1
cutlass_128x128_s4_sk2,4,8192,8192,208.3
cutlass_128x128_s4_sk4,4,8192,8192,213.1
cutlass_128x128_s4_sk8,4,8192,8192,216.4
cutlass_128x64_s4_sk2,4,8192,8192,208.4
cutlass_128x64_s4_sk4,4,8192,8192,211.3
cutlass_128x64_s4_sk8,4,8192,8192,214.8
cutlass_256x64_s4_sk2,4,8192,8192,217.9
cutlass_256x64_s4_sk4,4,8192,8192,217.5
cutlass_64x64_s4_sk16,4,8192,8192,214.6
cutlass_64x128_s4_sk16,4,8192,8192,217.2
cutlass_64x64_k64_s4,4,8192,8192,203.6
cutlass_64x64_k64_s3,4,8192,8192,204.4
cutlass_64x128_k64_s4,4,8192,8192,206.9
cutlass_64x128_k64_s3,4,8192,8192,208.6
cutlass_128x64_k64_s4,4,8192,8192,208.0
cutlass_128x64_k64_s3,4,8192,8192,209.7
cutlass_128x128_k64_s4,4,8192,8192,0.0
cutlass_128x128_k64_s3,4,8192,8192,216.0
cutlass_256x64_k64_s4,4,8192,8192,0.0
cutlass_256x64_k64_s3,4,8192,8192,0.0
cutlass_128x256_k64_s3,4,8192,8192,0.0
cutlass_32x64_k64_s4,4,8192,8192,203.9
cutlass_32x128_k64_s4,4,8192,8192,206.9
cutlass_64x64_k64_s4_sk2,4,8192,8192,204.7
cutlass_64x64_k64_s4_sk4,4,8192,8192,203.0
cutlass_64x64_k64_s4_sk8,4,8192,8192,205.7
cutlass_128x128_k64_s3_sk2,4,8192,8192,208.3
cutlass_128x128_k64_s3_sk4,4,8192,8192,212.7
cutlass_128x128_k64_s2,4,8192,8192,220.3
cutlass_64x64_k64_s2,4,8192,8192,216.6
cutlass_64x128_k64_s2,4,8192,8192,218.4
cutlass_128x64_k64_s2,4,8192,8192,219.3
cutlass_256x64_k64_s2,4,8192,8192,224.3
cutlass_256x128_s2,4,8192,8192,0.0
cutlass_64x64_s2,4,8192,8192,220.2
cutlass_64x128_s2,4,8192,8192,219.8
cutlass_128x64_s2,4,8192,8192,222.2
cutlass_128x128_s2,4,8192,8192,224.2
cutlass_128x256_s2,4,8192,8192,249.3
cutlass_256x64_s2,4,8192,8192,226.8
cublas,8,8192,8192,193.3
cutlass_32x64_s4,8,8192,8192,210.1
cutlass_32x64_s3,8,8192,8192,215.7
cutlass_32x128_s4,8,8192,8192,211.2
cutlass_32x128_s3,8,8192,8192,217.9
cutlass_32x256_s3,8,8192,8192,221.0
cutlass_64x64_s4,8,8192,8192,209.9
cutlass_64x64_s3,8,8192,8192,216.2
cutlass_64x128_s4,8,8192,8192,211.1
cutlass_64x128_s3,8,8192,8192,218.3
cutlass_128x64_s4,8,8192,8192,210.9
cutlass_128x64_s3,8,8192,8192,218.1
cutlass_128x128_s4,8,8192,8192,216.4
cutlass_128x128_s3,8,8192,8192,221.3
cutlass_128x256_s3,8,8192,8192,228.3
cutlass_256x64_s4,8,8192,8192,215.8
cutlass_256x64_s3,8,8192,8192,223.3
cutlass_64x64_s4_sk2,8,8192,8192,206.6
cutlass_64x64_s4_sk4,8,8192,8192,208.7
cutlass_64x64_s4_sk8,8,8192,8192,214.7
cutlass_128x128_s3_sk2,8,8192,8192,210.0
cutlass_128x128_s3_sk4,8,8192,8192,217.2
cutlass_128x128_s3_sk8,8,8192,8192,221.0
cutlass_64x128_s4_sk2,8,8192,8192,207.6
cutlass_64x128_s4_sk4,8,8192,8192,209.5
cutlass_64x128_s4_sk8,8,8192,8192,214.3
cutlass_32x64_s4_sk4,8,8192,8192,208.9
cutlass_32x64_s4_sk8,8,8192,8192,212.7
cutlass_32x64_s4_sk16,8,8192,8192,219.9
cutlass_128x128_s4_sk2,8,8192,8192,209.3
cutlass_128x128_s4_sk4,8,8192,8192,216.8
cutlass_128x128_s4_sk8,8,8192,8192,218.5
cutlass_128x64_s4_sk2,8,8192,8192,208.0
cutlass_128x64_s4_sk4,8,8192,8192,214.7
cutlass_128x64_s4_sk8,8,8192,8192,217.1
cutlass_256x64_s4_sk2,8,8192,8192,217.8
cutlass_256x64_s4_sk4,8,8192,8192,219.6
cutlass_64x64_s4_sk16,8,8192,8192,218.3
cutlass_64x128_s4_sk16,8,8192,8192,221.2
cutlass_64x64_k64_s4,8,8192,8192,203.4
cutlass_64x64_k64_s3,8,8192,8192,203.3
cutlass_64x128_k64_s4,8,8192,8192,207.1
cutlass_64x128_k64_s3,8,8192,8192,208.1
cutlass_128x64_k64_s4,8,8192,8192,206.8
cutlass_128x64_k64_s3,8,8192,8192,208.3
cutlass_128x128_k64_s4,8,8192,8192,0.0
cutlass_128x128_k64_s3,8,8192,8192,216.9
cutlass_256x64_k64_s4,8,8192,8192,0.0
cutlass_256x64_k64_s3,8,8192,8192,0.0
cutlass_128x256_k64_s3,8,8192,8192,0.0
cutlass_32x64_k64_s4,8,8192,8192,203.8
cutlass_32x128_k64_s4,8,8192,8192,206.8
cutlass_64x64_k64_s4_sk2,8,8192,8192,206.2
cutlass_64x64_k64_s4_sk4,8,8192,8192,206.7
cutlass_64x64_k64_s4_sk8,8,8192,8192,207.7
cutlass_128x128_k64_s3_sk2,8,8192,8192,209.0
cutlass_128x128_k64_s3_sk4,8,8192,8192,215.6
cutlass_128x128_k64_s2,8,8192,8192,221.5
cutlass_64x64_k64_s2,8,8192,8192,216.5
cutlass_64x128_k64_s2,8,8192,8192,218.9
cutlass_128x64_k64_s2,8,8192,8192,219.0
cutlass_256x64_k64_s2,8,8192,8192,223.6
cutlass_256x128_s2,8,8192,8192,0.0
cutlass_64x64_s2,8,8192,8192,219.8
cutlass_64x128_s2,8,8192,8192,223.0
cutlass_128x64_s2,8,8192,8192,222.2
cutlass_128x128_s2,8,8192,8192,226.9
cutlass_128x256_s2,8,8192,8192,247.7
cutlass_256x64_s2,8,8192,8192,229.8
cublas,16,8192,8192,194.9
cutlass_32x64_s4,16,8192,8192,211.8
cutlass_32x64_s3,16,8192,8192,217.4
cutlass_32x128_s4,16,8192,8192,212.5
cutlass_32x128_s3,16,8192,8192,219.2
cutlass_32x256_s3,16,8192,8192,222.5
cutlass_64x64_s4,16,8192,8192,211.8
cutlass_64x64_s3,16,8192,8192,217.8
cutlass_64x128_s4,16,8192,8192,212.5
cutlass_64x128_s3,16,8192,8192,219.2
cutlass_128x64_s4,16,8192,8192,213.9
cutlass_128x64_s3,16,8192,8192,219.7
cutlass_128x128_s4,16,8192,8192,217.7
cutlass_128x128_s3,16,8192,8192,222.3
cutlass_128x256_s3,16,8192,8192,228.4
cutlass_256x64_s4,16,8192,8192,222.5
cutlass_256x64_s3,16,8192,8192,226.2
cutlass_64x64_s4_sk2,16,8192,8192,210.1
cutlass_64x64_s4_sk4,16,8192,8192,211.5
cutlass_64x64_s4_sk8,16,8192,8192,219.5
cutlass_128x128_s3_sk2,16,8192,8192,213.2
cutlass_128x128_s3_sk4,16,8192,8192,219.6
cutlass_128x128_s3_sk8,16,8192,8192,225.6
cutlass_64x128_s4_sk2,16,8192,8192,210.6
cutlass_64x128_s4_sk4,16,8192,8192,211.9
cutlass_64x128_s4_sk8,16,8192,8192,219.9
cutlass_32x64_s4_sk4,16,8192,8192,211.2
cutlass_32x64_s4_sk8,16,8192,8192,219.5
cutlass_32x64_s4_sk16,16,8192,8192,226.9
cutlass_128x128_s4_sk2,16,8192,8192,212.4
cutlass_128x128_s4_sk4,16,8192,8192,218.2
cutlass_128x128_s4_sk8,16,8192,8192,223.8
cutlass_128x64_s4_sk2,16,8192,8192,212.0
cutlass_128x64_s4_sk4,16,8192,8192,216.4
cutlass_128x64_s4_sk8,16,8192,8192,222.1
cutlass_256x64_s4_sk2,16,8192,8192,222.3
cutlass_256x64_s4_sk4,16,8192,8192,222.8
cutlass_64x64_s4_sk16,16,8192,8192,226.7
cutlass_64x128_s4_sk16,16,8192,8192,228.4
cutlass_64x64_k64_s4,16,8192,8192,205.2
cutlass_64x64_k64_s3,16,8192,8192,206.1
cutlass_64x128_k64_s4,16,8192,8192,208.0
cutlass_64x128_k64_s3,16,8192,8192,210.3
cutlass_128x64_k64_s4,16,8192,8192,209.2
cutlass_128x64_k64_s3,16,8192,8192,211.3
cutlass_128x128_k64_s4,16,8192,8192,0.0
cutlass_128x128_k64_s3,16,8192,8192,217.6
cutlass_256x64_k64_s4,16,8192,8192,0.0
cutlass_256x64_k64_s3,16,8192,8192,0.0
cutlass_128x256_k64_s3,16,8192,8192,0.0
cutlass_32x64_k64_s4,16,8192,8192,205.7
cutlass_32x128_k64_s4,16,8192,8192,207.9
cutlass_64x64_k64_s4_sk2,16,8192,8192,207.9
cutlass_64x64_k64_s4_sk4,16,8192,8192,207.7
cutlass_64x64_k64_s4_sk8,16,8192,8192,211.9
cutlass_128x128_k64_s3_sk2,16,8192,8192,212.1
cutlass_128x128_k64_s3_sk4,16,8192,8192,217.4
cutlass_128x128_k64_s2,16,8192,8192,222.4
cutlass_64x64_k64_s2,16,8192,8192,219.1
cutlass_64x128_k64_s2,16,8192,8192,219.8
cutlass_128x64_k64_s2,16,8192,8192,221.6
cutlass_256x64_k64_s2,16,8192,8192,227.1
cutlass_256x128_s2,16,8192,8192,0.0
cutlass_64x64_s2,16,8192,8192,223.0
cutlass_64x128_s2,16,8192,8192,222.3
cutlass_128x64_s2,16,8192,8192,225.0
cutlass_128x128_s2,16,8192,8192,226.3
cutlass_128x256_s2,16,8192,8192,250.8
cutlass_256x64_s2,16,8192,8192,228.8
cublas,32,8192,8192,211.9
cutlass_32x64_s4,32,8192,8192,213.3
cutlass_32x64_s3,32,8192,8192,219.1
cutlass_32x128_s4,32,8192,8192,214.3
cutlass_32x128_s3,32,8192,8192,221.4
cutlass_32x256_s3,32,8192,8192,224.0
cutlass_64x64_s4,32,8192,8192,213.2
cutlass_64x64_s3,32,8192,8192,219.2
cutlass_64x128_s4,32,8192,8192,214.4
cutlass_64x128_s3,32,8192,8192,221.5
cutlass_128x64_s4,32,8192,8192,214.7
cutlass_128x64_s3,32,8192,8192,220.7
cutlass_128x128_s4,32,8192,8192,219.7
cutlass_128x128_s3,32,8192,8192,224.1
cutlass_128x256_s3,32,8192,8192,230.4
cutlass_256x64_s4,32,8192,8192,219.8
cutlass_256x64_s3,32,8192,8192,226.8
cutlass_64x64_s4_sk2,32,8192,8192,212.3
cutlass_64x64_s4_sk4,32,8192,8192,217.1
cutlass_64x64_s4_sk8,32,8192,8192,228.1
cutlass_128x128_s3_sk2,32,8192,8192,216.6
cutlass_128x128_s3_sk4,32,8192,8192,224.9
cutlass_128x128_s3_sk8,32,8192,8192,232.2
cutlass_64x128_s4_sk2,32,8192,8192,212.8
cutlass_64x128_s4_sk4,32,8192,8192,216.7
cutlass_64x128_s4_sk8,32,8192,8192,225.9
cutlass_32x64_s4_sk4,32,8192,8192,215.9
cutlass_32x64_s4_sk8,32,8192,8192,225.0
cutlass_32x64_s4_sk16,32,8192,8192,246.8
cutlass_128x128_s4_sk2,32,8192,8192,214.6
cutlass_128x128_s4_sk4,32,8192,8192,223.8
cutlass_128x128_s4_sk8,32,8192,8192,230.1
cutlass_128x64_s4_sk2,32,8192,8192,214.2
cutlass_128x64_s4_sk4,32,8192,8192,222.2
cutlass_128x64_s4_sk8,32,8192,8192,228.6
cutlass_256x64_s4_sk2,32,8192,8192,224.0
cutlass_256x64_s4_sk4,32,8192,8192,227.2
cutlass_64x64_s4_sk16,32,8192,8192,245.6
cutlass_64x128_s4_sk16,32,8192,8192,247.4
cutlass_64x64_k64_s4,32,8192,8192,206.3
cutlass_64x64_k64_s3,32,8192,8192,206.5
cutlass_64x128_k64_s4,32,8192,8192,209.8
cutlass_64x128_k64_s3,32,8192,8192,211.2
cutlass_128x64_k64_s4,32,8192,8192,209.5
cutlass_128x64_k64_s3,32,8192,8192,211.7
cutlass_128x128_k64_s4,32,8192,8192,0.0
cutlass_128x128_k64_s3,32,8192,8192,218.7
cutlass_256x64_k64_s4,32,8192,8192,0.0
cutlass_256x64_k64_s3,32,8192,8192,0.0
cutlass_128x256_k64_s3,32,8192,8192,0.0
cutlass_32x64_k64_s4,32,8192,8192,206.6
cutlass_32x128_k64_s4,32,8192,8192,209.5
cutlass_64x64_k64_s4_sk2,32,8192,8192,210.8
cutlass_64x64_k64_s4_sk4,32,8192,8192,212.6
cutlass_64x64_k64_s4_sk8,32,8192,8192,218.8
cutlass_128x128_k64_s3_sk2,32,8192,8192,214.2
cutlass_128x128_k64_s3_sk4,32,8192,8192,222.8
cutlass_128x128_k64_s2,32,8192,8192,224.7
cutlass_64x64_k64_s2,32,8192,8192,219.3
cutlass_64x128_k64_s2,32,8192,8192,221.6
cutlass_128x64_k64_s2,32,8192,8192,221.2
cutlass_256x64_k64_s2,32,8192,8192,226.1
cutlass_256x128_s2,32,8192,8192,0.0
cutlass_64x64_s2,32,8192,8192,223.2
cutlass_64x128_s2,32,8192,8192,226.7
cutlass_128x64_s2,32,8192,8192,224.9
cutlass_128x128_s2,32,8192,8192,229.8
cutlass_128x256_s2,32,8192,8192,251.9
cutlass_256x64_s2,32,8192,8192,234.7
cublas,64,8192,8192,216.8
cutlass_32x64_s4,64,8192,8192,216.9
cutlass_32x64_s3,64,8192,8192,223.8
cutlass_32x128_s4,64,8192,8192,218.2
cutlass_32x128_s3,64,8192,8192,224.5
cutlass_32x256_s3,64,8192,8192,227.6
cutlass_64x64_s4,64,8192,8192,217.9
cutlass_64x64_s3,64,8192,8192,225.1
cutlass_64x128_s4,64,8192,8192,218.0
cutlass_64x128_s3,64,8192,8192,225.4
cutlass_128x64_s4,64,8192,8192,219.8
cutlass_128x64_s3,64,8192,8192,226.5
cutlass_128x128_s4,64,8192,8192,223.0
cutlass_128x128_s3,64,8192,8192,228.3
cutlass_128x256_s3,64,8192,8192,234.8
cutlass_256x64_s4,64,8192,8192,227.9
cutlass_256x64_s3,64,8192,8192,232.9
cutlass_64x64_s4_sk2,64,8192,8192,220.1
cutlass_64x64_s4_sk4,64,8192,8192,230.6
cutlass_64x64_s4_sk8,64,8192,8192,249.6
cutlass_128x128_s3_sk2,64,8192,8192,222.9
cutlass_128x128_s3_sk4,64,8192,8192,230.6
cutlass_128x128_s3_sk8,64,8192,8192,252.9
cutlass_64x128_s4_sk2,64,8192,8192,220.6
cutlass_64x128_s4_sk4,64,8192,8192,227.7
cutlass_64x128_s4_sk8,64,8192,8192,246.8
cutlass_32x64_s4_sk4,64,8192,8192,216.2
cutlass_32x64_s4_sk8,64,8192,8192,252.1
cutlass_32x64_s4_sk16,64,8192,8192,290.9
cutlass_128x128_s4_sk2,64,8192,8192,222.4
cutlass_128x128_s4_sk4,64,8192,8192,230.2
cutlass_128x128_s4_sk8,64,8192,8192,251.0
cutlass_128x64_s4_sk2,64,8192,8192,221.8
cutlass_128x64_s4_sk4,64,8192,8192,229.2
cutlass_128x64_s4_sk8,64,8192,8192,249.7
cutlass_256x64_s4_sk2,64,8192,8192,230.7
cutlass_256x64_s4_sk4,64,8192,8192,235.9
cutlass_64x64_s4_sk16,64,8192,8192,288.3
cutlass_64x128_s4_sk16,64,8192,8192,289.1
cutlass_64x64_k64_s4,64,8192,8192,209.0
cutlass_64x64_k64_s3,64,8192,8192,210.1
cutlass_64x128_k64_s4,64,8192,8192,211.9
cutlass_64x128_k64_s3,64,8192,8192,215.3
cutlass_128x64_k64_s4,64,8192,8192,213.0
cutlass_128x64_k64_s3,64,8192,8192,216.1
cutlass_128x128_k64_s4,64,8192,8192,0.0
cutlass_128x128_k64_s3,64,8192,8192,223.0
cutlass_256x64_k64_s4,64,8192,8192,0.0
cutlass_256x64_k64_s3,64,8192,8192,0.0
cutlass_128x256_k64_s3,64,8192,8192,0.0
cutlass_32x64_k64_s4,64,8192,8192,209.4
cutlass_32x128_k64_s4,64,8192,8192,212.4
cutlass_64x64_k64_s4_sk2,64,8192,8192,216.2
cutlass_64x64_k64_s4_sk4,64,8192,8192,220.5
cutlass_64x64_k64_s4_sk8,64,8192,8192,237.8
cutlass_128x128_k64_s3_sk2,64,8192,8192,221.3
cutlass_128x128_k64_s3_sk4,64,8192,8192,228.5
cutlass_128x128_k64_s2,64,8192,8192,227.5
cutlass_64x64_k64_s2,64,8192,8192,225.2
cutlass_64x128_k64_s2,64,8192,8192,225.8
cutlass_128x64_k64_s2,64,8192,8192,227.8
cutlass_256x64_k64_s2,64,8192,8192,233.5
cutlass_256x128_s2,64,8192,8192,0.0
cutlass_64x64_s2,64,8192,8192,233.0
cutlass_64x128_s2,64,8192,8192,231.2
cutlass_128x64_s2,64,8192,8192,234.4
cutlass_128x128_s2,64,8192,8192,233.3
cutlass_128x256_s2,64,8192,8192,256.4
cutlass_256x64_s2,64,8192,8192,240.8
cublas,128,8192,8192,222.6
cutlass_32x64_s4,128,8192,8192,221.0
cutlass_32x64_s3,128,8192,8192,230.8
cutlass_32x128_s4,128,8192,8192,222.7
cutlass_32x128_s3,128,8192,8192,228.2
cutlass_32x256_s3,128,8192,8192,228.9
cutlass_64x64_s4,128,8192,8192,221.5
cutlass_64x64_s3,128,8192,8192,229.5
cutlass_64x128_s4,128,8192,8192,222.2
cutlass_64x128_s3,128,8192,8192,229.2
cutlass_128x64_s4,128,8192,8192,223.5
cutlass_128x64_s3,128,8192,8192,230.9
cutlass_128x128_s4,128,8192,8192,226.9
cutlass_128x128_s3,128,8192,8192,232.9
cutlass_128x256_s3,128,8192,8192,239.4
cutlass_256x64_s4,128,8192,8192,230.1
cutlass_256x64_s3,128,8192,8192,237.7
cutlass_64x64_s4_sk2,128,8192,8192,244.6
cutlass_64x64_s4_sk4,128,8192,8192,260.8
cutlass_64x64_s4_sk8,128,8192,8192,295.3
cutlass_128x128_s3_sk2,128,8192,8192,239.9
cutlass_128x128_s3_sk4,128,8192,8192,250.0
cutlass_128x128_s3_sk8,128,8192,8192,296.6
cutlass_64x128_s4_sk2,128,8192,8192,232.2
cutlass_64x128_s4_sk4,128,8192,8192,242.1
cutlass_64x128_s4_sk8,128,8192,8192,295.0
cutlass_32x64_s4_sk4,128,8192,8192,263.5
cutlass_32x64_s4_sk8,128,8192,8192,298.5
cutlass_32x64_s4_sk16,128,8192,8192,386.5
cutlass_128x128_s4_sk2,128,8192,8192,236.0
cutlass_128x128_s4_sk4,128,8192,8192,250.9
cutlass_128x128_s4_sk8,128,8192,8192,297.0
cutlass_128x64_s4_sk2,128,8192,8192,232.0
cutlass_128x64_s4_sk4,128,8192,8192,246.9
cutlass_128x64_s4_sk8,128,8192,8192,293.1
cutlass_256x64_s4_sk2,128,8192,8192,239.0
cutlass_256x64_s4_sk4,128,8192,8192,256.8
cutlass_64x64_s4_sk16,128,8192,8192,383.7
cutlass_64x128_s4_sk16,128,8192,8192,383.2
cutlass_64x64_k64_s4,128,8192,8192,206.3
cutlass_64x64_k64_s3,128,8192,8192,210.3
cutlass_64x128_k64_s4,128,8192,8192,216.1
cutlass_64x128_k64_s3,128,8192,8192,218.7
cutlass_128x64_k64_s4,128,8192,8192,216.2
cutlass_128x64_k64_s3,128,8192,8192,218.8
cutlass_128x128_k64_s4,128,8192,8192,0.0
cutlass_128x128_k64_s3,128,8192,8192,226.2
cutlass_256x64_k64_s4,128,8192,8192,0.0
cutlass_256x64_k64_s3,128,8192,8192,0.0
cutlass_128x256_k64_s3,128,8192,8192,0.0
cutlass_32x64_k64_s4,128,8192,8192,210.0
cutlass_32x128_k64_s4,128,8192,8192,210.9
cutlass_64x64_k64_s4_sk2,128,8192,8192,256.5
cutlass_64x64_k64_s4_sk4,128,8192,8192,260.1
cutlass_64x64_k64_s4_sk8,128,8192,8192,300.2
cutlass_128x128_k64_s3_sk2,128,8192,8192,234.7
cutlass_128x128_k64_s3_sk4,128,8192,8192,248.3
cutlass_128x128_k64_s2,128,8192,8192,232.3
cutlass_64x64_k64_s2,128,8192,8192,229.0
cutlass_64x128_k64_s2,128,8192,8192,230.4
cutlass_128x64_k64_s2,128,8192,8192,232.9
cutlass_256x64_k64_s2,128,8192,8192,238.4
cutlass_256x128_s2,128,8192,8192,0.0
cutlass_64x64_s2,128,8192,8192,233.2
cutlass_64x128_s2,128,8192,8192,236.7
cutlass_128x64_s2,128,8192,8192,240.9
cutlass_128x128_s2,128,8192,8192,239.4
cutlass_128x256_s2,128,8192,8192,259.6
cutlass_256x64_s2,128,8192,8192,253.5
cublas,256,8192,8192,233.9
cutlass_32x64_s4,256,8192,8192,320.0
cutlass_32x64_s3,256,8192,8192,391.6
cutlass_32x128_s4,256,8192,8192,263.8
cutlass_32x128_s3,256,8192,8192,319.9
cutlass_32x256_s3,256,8192,8192,260.2
cutlass_64x64_s4,256,8192,8192,250.5
cutlass_64x64_s3,256,8192,8192,238.1
cutlass_64x128_s4,256,8192,8192,230.2
cutlass_64x128_s3,256,8192,8192,236.6
cutlass_128x64_s4,256,8192,8192,231.2
cutlass_128x64_s3,256,8192,8192,242.1
cutlass_128x128_s4,256,8192,8192,237.0
cutlass_128x128_s3,256,8192,8192,244.3
cutlass_128x256_s3,256,8192,8192,245.0
cutlass_256x64_s4,256,8192,8192,239.6
cutlass_256x64_s3,256,8192,8192,246.7
cutlass_64x64_s4_sk2,256,8192,8192,334.6
cutlass_64x64_s4_sk4,256,8192,8192,332.2
cutlass_64x64_s4_sk8,256,8192,8192,404.9
cutlass_128x128_s3_sk2,256,8192,8192,266.3
cutlass_128x128_s3_sk4,256,8192,8192,332.5
cutlass_128x128_s3_sk8,256,8192,8192,418.7
cutlass_64x128_s4_sk2,256,8192,8192,269.2
cutlass_64x128_s4_sk4,256,8192,8192,314.8
cutlass_64x128_s4_sk8,256,8192,8192,395.8
cutlass_32x64_s4_sk4,256,8192,8192,397.6
cutlass_32x64_s4_sk8,256,8192,8192,475.8
cutlass_32x64_s4_sk16,256,8192,8192,660.9
cutlass_128x128_s4_sk2,256,8192,8192,255.1
cutlass_128x128_s4_sk4,256,8192,8192,314.7
cutlass_128x128_s4_sk8,256,8192,8192,397.2
cutlass_128x64_s4_sk2,256,8192,8192,260.0
cutlass_128x64_s4_sk4,256,8192,8192,312.0
cutlass_128x64_s4_sk8,256,8192,8192,394.2
cutlass_256x64_s4_sk2,256,8192,8192,262.7
cutlass_256x64_s4_sk4,256,8192,8192,310.0
cutlass_64x64_s4_sk16,256,8192,8192,609.9
cutlass_64x128_s4_sk16,256,8192,8192,592.0
cutlass_64x64_k64_s4,256,8192,8192,223.5
cutlass_64x64_k64_s3,256,8192,8192,223.8
cutlass_64x128_k64_s4,256,8192,8192,214.3
cutlass_64x128_k64_s3,256,8192,8192,217.6
cutlass_128x64_k64_s4,256,8192,8192,217.4
cutlass_128x64_k64_s3,256,8192,8192,219.2
cutlass_128x128_k64_s4,256,8192,8192,0.0
cutlass_128x128_k64_s3,256,8192,8192,234.7
cutlass_256x64_k64_s4,256,8192,8192,0.0
cutlass_256x64_k64_s3,256,8192,8192,0.0
cutlass_128x256_k64_s3,256,8192,8192,0.0
cutlass_32x64_k64_s4,256,8192,8192,317.0
cutlass_32x128_k64_s4,256,8192,8192,268.3
cutlass_64x64_k64_s4_sk2,256,8192,8192,387.8
cutlass_64x64_k64_s4_sk4,256,8192,8192,407.2
cutlass_64x64_k64_s4_sk8,256,8192,8192,481.9
cutlass_128x128_k64_s3_sk2,256,8192,8192,252.1
cutlass_128x128_k64_s3_sk4,256,8192,8192,309.6
cutlass_128x128_k64_s2,256,8192,8192,246.8
cutlass_64x64_k64_s2,256,8192,8192,293.2
cutlass_64x128_k64_s2,256,8192,8192,237.6
cutlass_128x64_k64_s2,256,8192,8192,246.4
cutlass_256x64_k64_s2,256,8192,8192,248.4
cutlass_256x128_s2,256,8192,8192,0.0
cutlass_64x64_s2,256,8192,8192,251.8
cutlass_64x128_s2,256,8192,8192,242.5
cutlass_128x64_s2,256,8192,8192,243.8
cutlass_128x128_s2,256,8192,8192,255.6
cutlass_128x256_s2,256,8192,8192,269.9
cutlass_256x64_s2,256,8192,8192,253.0
cublas,512,8192,8192,277.2
cutlass_32x64_s4,512,8192,8192,631.0
cutlass_32x64_s3,512,8192,8192,614.3
cutlass_32x128_s4,512,8192,8192,530.7
cutlass_32x128_s3,512,8192,8192,579.1
cutlass_32x256_s3,512,8192,8192,495.9
cutlass_64x64_s4,512,8192,8192,462.8
cutlass_64x64_s3,512,8192,8192,456.9
cutlass_64x128_s4,512,8192,8192,343.9
cutlass_64x128_s3,512,8192,8192,350.1
cutlass_128x64_s4,512,8192,8192,356.1
cutlass_128x64_s3,512,8192,8192,357.1
cutlass_128x128_s4,512,8192,8192,274.8
cutlass_128x128_s3,512,8192,8192,292.9
cutlass_128x256_s3,512,8192,8192,278.7
cutlass_256x64_s4,512,8192,8192,310.7
cutlass_256x64_s3,512,8192,8192,315.3
cutlass_64x64_s4_sk2,512,8192,8192,622.2
cutlass_64x64_s4_sk4,512,8192,8192,595.4
cutlass_64x64_s4_sk8,512,8192,8192,761.0
cutlass_128x128_s3_sk2,512,8192,8192,449.6
cutlass_128x128_s3_sk4,512,8192,8192,512.8
cutlass_128x128_s3_sk8,512,8192,8192,702.2
cutlass_64x128_s4_sk2,512,8192,8192,481.0
cutlass_64x128_s4_sk4,512,8192,8192,498.5
cutlass_64x128_s4_sk8,512,8192,8192,670.7
cutlass_32x64_s4_sk4,512,8192,8192,774.1
cutlass_32x64_s4_sk8,512,8192,8192,938.4
cutlass_32x64_s4_sk16,512,8192,8192,1213.1
cutlass_128x128_s4_sk2,512,8192,8192,431.4
cutlass_128x128_s4_sk4,512,8192,8192,484.7
cutlass_128x128_s4_sk8,512,8192,8192,662.1
cutlass_128x64_s4_sk2,512,8192,8192,439.2
cutlass_128x64_s4_sk4,512,8192,8192,487.9
cutlass_128x64_s4_sk8,512,8192,8192,666.3
cutlass_256x64_s4_sk2,512,8192,8192,429.7
cutlass_256x64_s4_sk4,512,8192,8192,496.5
cutlass_64x64_s4_sk16,512,8192,8192,1064.0
cutlass_64x128_s4_sk16,512,8192,8192,1049.6
cutlass_64x64_k64_s4,512,8192,8192,420.0
cutlass_64x64_k64_s3,512,8192,8192,428.7
cutlass_64x128_k64_s4,512,8192,8192,342.6
cutlass_64x128_k64_s3,512,8192,8192,336.6
cutlass_128x64_k64_s4,512,8192,8192,343.5
cutlass_128x64_k64_s3,512,8192,8192,341.5
cutlass_128x128_k64_s4,512,8192,8192,0.0
cutlass_128x128_k64_s3,512,8192,8192,271.8
cutlass_256x64_k64_s4,512,8192,8192,0.0
cutlass_256x64_k64_s3,512,8192,8192,0.0
cutlass_128x256_k64_s3,512,8192,8192,0.0
cutlass_32x64_k64_s4,512,8192,8192,641.5
cutlass_32x128_k64_s4,512,8192,8192,539.6
cutlass_64x64_k64_s4_sk2,512,8192,8192,631.5
cutlass_64x64_k64_s4_sk4,512,8192,8192,674.6
cutlass_64x64_k64_s4_sk8,512,8192,8192,843.1
cutlass_128x128_k64_s3_sk2,512,8192,8192,431.6
cutlass_128x128_k64_s3_sk4,512,8192,8192,475.3
cutlass_128x128_k64_s2,512,8192,8192,321.8
cutlass_64x64_k64_s2,512,8192,8192,459.2
cutlass_64x128_k64_s2,512,8192,8192,326.0
cutlass_128x64_k64_s2,512,8192,8192,337.5
cutlass_256x64_k64_s2,512,8192,8192,360.5
cutlass_256x128_s2,512,8192,8192,0.0
cutlass_64x64_s2,512,8192,8192,430.9
cutlass_64x128_s2,512,8192,8192,475.6
cutlass_128x64_s2,512,8192,8192,454.1
cutlass_128x128_s2,512,8192,8192,347.5
cutlass_128x256_s2,512,8192,8192,290.1
cutlass_256x64_s2,512,8192,8192,359.5
cublas,1024,8192,8192,491.5
cutlass_32x64_s4,1024,8192,8192,1243.2
cutlass_32x64_s3,1024,8192,8192,1193.6
cutlass_32x128_s4,1024,8192,8192,1017.8
cutlass_32x128_s3,1024,8192,8192,1010.1
cutlass_32x256_s3,1024,8192,8192,952.2
cutlass_64x64_s4,1024,8192,8192,862.1
cutlass_64x64_s3,1024,8192,8192,897.4
cutlass_64x128_s4,1024,8192,8192,658.9
cutlass_64x128_s3,1024,8192,8192,682.8
cutlass_128x64_s4,1024,8192,8192,674.4
cutlass_128x64_s3,1024,8192,8192,695.2
cutlass_128x128_s4,1024,8192,8192,528.1
cutlass_128x128_s3,1024,8192,8192,548.0
cutlass_128x256_s3,1024,8192,8192,564.7
cutlass_256x64_s4,1024,8192,8192,612.0
cutlass_256x64_s3,1024,8192,8192,619.5
cutlass_64x64_s4_sk2,1024,8192,8192,1078.6
cutlass_64x64_s4_sk4,1024,8192,8192,1161.7
cutlass_64x64_s4_sk8,1024,8192,8192,1419.3
cutlass_128x128_s3_sk2,1024,8192,8192,925.5
cutlass_128x128_s3_sk4,1024,8192,8192,1002.2
cutlass_128x128_s3_sk8,1024,8192,8192,1291.1
cutlass_64x128_s4_sk2,1024,8192,8192,923.7
cutlass_64x128_s4_sk4,1024,8192,8192,998.4
cutlass_64x128_s4_sk8,1024,8192,8192,1268.2
cutlass_32x64_s4_sk4,1024,8192,8192,1522.2
cutlass_32x64_s4_sk8,1024,8192,8192,1767.3
cutlass_32x64_s4_sk16,1024,8192,8192,2245.8
cutlass_128x128_s4_sk2,1024,8192,8192,906.6
cutlass_128x128_s4_sk4,1024,8192,8192,963.4
cutlass_128x128_s4_sk8,1024,8192,8192,1242.0
cutlass_128x64_s4_sk2,1024,8192,8192,915.9
cutlass_128x64_s4_sk4,1024,8192,8192,980.5
cutlass_128x64_s4_sk8,1024,8192,8192,1242.5
cutlass_256x64_s4_sk2,1024,8192,8192,830.4
cutlass_256x64_s4_sk4,1024,8192,8192,985.0
cutlass_64x64_s4_sk16,1024,8192,8192,1970.8
cutlass_64x128_s4_sk16,1024,8192,8192,1907.7
cutlass_64x64_k64_s4,1024,8192,8192,813.0
cutlass_64x64_k64_s3,1024,8192,8192,814.0
cutlass_64x128_k64_s4,1024,8192,8192,659.4
cutlass_64x128_k64_s3,1024,8192,8192,657.4
cutlass_128x64_k64_s4,1024,8192,8192,658.9
cutlass_128x64_k64_s3,1024,8192,8192,653.9
cutlass_128x128_k64_s4,1024,8192,8192,0.0
cutlass_128x128_k64_s3,1024,8192,8192,532.9
cutlass_256x64_k64_s4,1024,8192,8192,0.0
cutlass_256x64_k64_s3,1024,8192,8192,0.0
cutlass_128x256_k64_s3,1024,8192,8192,0.0
cutlass_32x64_k64_s4,1024,8192,8192,1239.0
cutlass_32x128_k64_s4,1024,8192,8192,1008.2
cutlass_64x64_k64_s4_sk2,1024,8192,8192,1108.9
cutlass_64x64_k64_s4_sk4,1024,8192,8192,1223.8
cutlass_64x64_k64_s4_sk8,1024,8192,8192,1496.6
cutlass_128x128_k64_s3_sk2,1024,8192,8192,895.6
cutlass_128x128_k64_s3_sk4,1024,8192,8192,936.9
cutlass_128x128_k64_s2,1024,8192,8192,581.5
cutlass_64x64_k64_s2,1024,8192,8192,861.4
cutlass_64x128_k64_s2,1024,8192,8192,677.4
cutlass_128x64_k64_s2,1024,8192,8192,690.1
cutlass_256x64_k64_s2,1024,8192,8192,695.7
cutlass_256x128_s2,1024,8192,8192,0.0
cutlass_64x64_s2,1024,8192,8192,880.2
cutlass_64x128_s2,1024,8192,8192,760.6
cutlass_128x64_s2,1024,8192,8192,770.9
cutlass_128x128_s2,1024,8192,8192,669.9
cutlass_128x256_s2,1024,8192,8192,519.0
cutlass_256x64_s2,1024,8192,8192,705.7
cublas,2048,8192,8192,984.4
cutlass_32x64_s4,2048,8192,8192,2441.1
cutlass_32x64_s3,2048,8192,8192,2403.7
cutlass_32x128_s4,2048,8192,8192,2053.0
cutlass_32x128_s3,2048,8192,8192,2038.8
cutlass_32x256_s3,2048,8192,8192,1865.2
cutlass_64x64_s4,2048,8192,8192,1665.2
cutlass_64x64_s3,2048,8192,8192,1688.7
cutlass_64x128_s4,2048,8192,8192,1311.4
cutlass_64x128_s3,2048,8192,8192,1321.2
cutlass_128x64_s4,2048,8192,8192,1294.7
cutlass_128x64_s3,2048,8192,8192,1299.8
cutlass_128x128_s4,2048,8192,8192,1074.3
cutlass_128x128_s3,2048,8192,8192,1100.8
cutlass_128x256_s3,2048,8192,8192,1062.7
cutlass_256x64_s4,2048,8192,8192,1167.5
cutlass_256x64_s3,2048,8192,8192,1185.2
cutlass_64x64_s4_sk2,2048,8192,8192,2026.4
cutlass_64x64_s4_sk4,2048,8192,8192,2282.6
cutlass_64x64_s4_sk8,2048,8192,8192,2737.0
cutlass_128x128_s3_sk2,2048,8192,8192,1569.3
cutlass_128x128_s3_sk4,2048,8192,8192,1871.9
cutlass_128x128_s3_sk8,2048,8192,8192,2489.0
cutlass_64x128_s4_sk2,2048,8192,8192,1642.6
cutlass_64x128_s4_sk4,2048,8192,8192,1925.6
cutlass_64x128_s4_sk8,2048,8192,8192,2393.5
cutlass_32x64_s4_sk4,2048,8192,8192,2930.3
cutlass_32x64_s4_sk8,2048,8192,8192,3395.5
cutlass_32x64_s4_sk16,2048,8192,8192,4297.6
cutlass_128x128_s4_sk2,2048,8192,8192,1539.8
cutlass_128x128_s4_sk4,2048,8192,8192,1823.8
cutlass_128x128_s4_sk8,2048,8192,8192,2363.4
cutlass_128x64_s4_sk2,2048,8192,8192,1654.8
cutlass_128x64_s4_sk4,2048,8192,8192,1931.9
cutlass_128x64_s4_sk8,2048,8192,8192,2387.7
cutlass_256x64_s4_sk2,2048,8192,8192,1593.5
cutlass_256x64_s4_sk4,2048,8192,8192,1858.0
cutlass_64x64_s4_sk16,2048,8192,8192,3797.0
cutlass_64x128_s4_sk16,2048,8192,8192,3566.4
cutlass_64x64_k64_s4,2048,8192,8192,1629.2
cutlass_64x64_k64_s3,2048,8192,8192,1604.3
cutlass_64x128_k64_s4,2048,8192,8192,1263.6
cutlass_64x128_k64_s3,2048,8192,8192,1275.2
cutlass_128x64_k64_s4,2048,8192,8192,1259.1
cutlass_128x64_k64_s3,2048,8192,8192,1250.0
cutlass_128x128_k64_s4,2048,8192,8192,0.0
cutlass_128x128_k64_s3,2048,8192,8192,1020.9
cutlass_256x64_k64_s4,2048,8192,8192,0.0
cutlass_256x64_k64_s3,2048,8192,8192,0.0
cutlass_128x256_k64_s3,2048,8192,8192,0.0
cutlass_32x64_k64_s4,2048,8192,8192,2386.9
cutlass_32x128_k64_s4,2048,8192,8192,1941.0
cutlass_64x64_k64_s4_sk2,2048,8192,8192,2021.6
cutlass_64x64_k64_s4_sk4,2048,8192,8192,2285.6
cutlass_64x64_k64_s4_sk8,2048,8192,8192,2793.0
cutlass_128x128_k64_s3_sk2,2048,8192,8192,1521.0
cutlass_128x128_k64_s3_sk4,2048,8192,8192,1774.2
cutlass_128x128_k64_s2,2048,8192,8192,1141.5
cutlass_64x64_k64_s2,2048,8192,8192,1702.3
cutlass_64x128_k64_s2,2048,8192,8192,1353.4
cutlass_128x64_k64_s2,2048,8192,8192,1340.2
cutlass_256x64_k64_s2,2048,8192,8192,1378.8
cutlass_256x128_s2,2048,8192,8192,0.0
cutlass_64x64_s2,2048,8192,8192,1758.7
cutlass_64x128_s2,2048,8192,8192,1351.8
cutlass_128x64_s2,2048,8192,8192,1369.3
cutlass_128x128_s2,2048,8192,8192,1440.1
cutlass_128x256_s2,2048,8192,8192,1022.7
cutlass_256x64_s2,2048,8192,8192,1385.7
cublas,4096,8192,8192,1970.3
cutlass_32x64_s4,4096,8192,8192,4779.8
cutlass_32x64_s3,4096,8192,8192,4819.5
cutlass_32x128_s4,4096,8192,8192,4025.4
cutlass_32x128_s3,4096,8192,8192,4102.8
cutlass_32x256_s3,4096,8192,8192,3631.2
cutlass_64x64_s4,4096,8192,8192,3321.2
cutlass_64x64_s3,4096,8192,8192,3389.6
cutlass_64x128_s4,4096,8192,8192,2589.2
cutlass_64x128_s3,4096,8192,8192,2630.7
cutlass_128x64_s4,4096,8192,8192,2550.6
cutlass_128x64_s3,4096,8192,8192,2577.0
cutlass_128x128_s4,4096,8192,8192,2170.5
cutlass_128x128_s3,4096,8192,8192,2198.3
cutlass_128x256_s3,4096,8192,8192,2065.4
cutlass_256x64_s4,4096,8192,8192,2287.5
cutlass_256x64_s3,4096,8192,8192,2337.1
cutlass_64x64_s4_sk2,4096,8192,8192,3902.8
cutlass_64x64_s4_sk4,4096,8192,8192,4397.8
cutlass_64x64_s4_sk8,4096,8192,8192,5340.7
cutlass_128x128_s3_sk2,4096,8192,8192,2958.6
cutlass_128x128_s3_sk4,4096,8192,8192,3526.5
cutlass_128x128_s3_sk8,4096,8192,8192,4717.1
cutlass_64x128_s4_sk2,4096,8192,8192,3115.0
cutlass_64x128_s4_sk4,4096,8192,8192,3650.3
cutlass_64x128_s4_sk8,4096,8192,8192,4645.8
cutlass_32x64_s4_sk4,4096,8192,8192,5700.1
cutlass_32x64_s4_sk8,4096,8192,8192,6657.3
cutlass_32x64_s4_sk16,4096,8192,8192,8383.0
cutlass_128x128_s4_sk2,4096,8192,8192,2875.1
cutlass_128x128_s4_sk4,4096,8192,8192,3438.0
cutlass_128x128_s4_sk8,4096,8192,8192,4540.9
cutlass_128x64_s4_sk2,4096,8192,8192,3154.4
cutlass_128x64_s4_sk4,4096,8192,8192,3703.0
cutlass_128x64_s4_sk8,4096,8192,8192,4630.9
cutlass_256x64_s4_sk2,4096,8192,8192,2937.4
cutlass_256x64_s4_sk4,4096,8192,8192,3524.4
cutlass_64x64_s4_sk16,4096,8192,8192,7391.4
cutlass_64x128_s4_sk16,4096,8192,8192,6800.7
cutlass_64x64_k64_s4,4096,8192,8192,3147.4
cutlass_64x64_k64_s3,4096,8192,8192,3166.0
cutlass_64x128_k64_s4,4096,8192,8192,2484.2
cutlass_64x128_k64_s3,4096,8192,8192,2477.7
cutlass_128x64_k64_s4,4096,8192,8192,2458.8
cutlass_128x64_k64_s3,4096,8192,8192,2456.8
cutlass_128x128_k64_s4,4096,8192,8192,0.0
cutlass_128x128_k64_s3,4096,8192,8192,1995.5
cutlass_256x64_k64_s4,4096,8192,8192,0.0
cutlass_256x64_k64_s3,4096,8192,8192,0.0
cutlass_128x256_k64_s3,4096,8192,8192,0.0
cutlass_32x64_k64_s4,4096,8192,8192,4639.6
cutlass_32x128_k64_s4,4096,8192,8192,3809.1
cutlass_64x64_k64_s4_sk2,4096,8192,8192,3887.2
cutlass_64x64_k64_s4_sk4,4096,8192,8192,4362.3
cutlass_64x64_k64_s4_sk8,4096,8192,8192,5409.2
cutlass_128x128_k64_s3_sk2,4096,8192,8192,2809.9
cutlass_128x128_k64_s3_sk4,4096,8192,8192,3366.8
cutlass_128x128_k64_s2,4096,8192,8192,2257.8
cutlass_64x64_k64_s2,4096,8192,8192,3364.2
cutlass_64x128_k64_s2,4096,8192,8192,2633.9
cutlass_128x64_k64_s2,4096,8192,8192,2591.1
cutlass_256x64_k64_s2,4096,8192,8192,2633.8
cutlass_256x128_s2,4096,8192,8192,0.0
cutlass_64x64_s2,4096,8192,8192,3448.1
cutlass_64x128_s2,4096,8192,8192,2738.8
cutlass_128x64_s2,4096,8192,8192,2769.3
cutlass_128x128_s2,4096,8192,8192,2587.5
cutlass_128x256_s2,4096,8192,8192,2077.3
cutlass_256x64_s2,4096,8192,8192,2638.6
cublas,1,10240,8192,225.0
cutlass_32x64_s4,1,10240,8192,259.3
cutlass_32x64_s3,1,10240,8192,262.5
cutlass_32x128_s4,1,10240,8192,258.8
cutlass_32x128_s3,1,10240,8192,264.9
cutlass_32x256_s3,1,10240,8192,267.1
cutlass_64x64_s4,1,10240,8192,258.4
cutlass_64x64_s3,1,10240,8192,262.4
cutlass_64x128_s4,1,10240,8192,258.2
cutlass_64x128_s3,1,10240,8192,265.6
cutlass_128x64_s4,1,10240,8192,260.8
cutlass_128x64_s3,1,10240,8192,264.3
cutlass_128x128_s4,1,10240,8192,262.2
cutlass_128x128_s3,1,10240,8192,268.5
cutlass_128x256_s3,1,10240,8192,277.0
cutlass_256x64_s4,1,10240,8192,330.9
cutlass_256x64_s3,1,10240,8192,333.2
cutlass_64x64_s4_sk2,1,10240,8192,254.0
cutlass_64x64_s4_sk4,1,10240,8192,256.1
cutlass_64x64_s4_sk8,1,10240,8192,258.1
cutlass_128x128_s3_sk2,1,10240,8192,281.1
cutlass_128x128_s3_sk4,1,10240,8192,267.0
cutlass_128x128_s3_sk8,1,10240,8192,265.2
cutlass_64x128_s4_sk2,1,10240,8192,254.5
cutlass_64x128_s4_sk4,1,10240,8192,256.6
cutlass_64x128_s4_sk8,1,10240,8192,261.1
cutlass_32x64_s4_sk4,1,10240,8192,254.6
cutlass_32x64_s4_sk8,1,10240,8192,258.3
cutlass_32x64_s4_sk16,1,10240,8192,261.7
cutlass_128x128_s4_sk2,1,10240,8192,281.0
cutlass_128x128_s4_sk4,1,10240,8192,263.3
cutlass_128x128_s4_sk8,1,10240,8192,263.0
cutlass_128x64_s4_sk2,1,10240,8192,277.8
cutlass_128x64_s4_sk4,1,10240,8192,262.3
cutlass_128x64_s4_sk8,1,10240,8192,261.5
cutlass_256x64_s4_sk2,1,10240,8192,284.7
cutlass_256x64_s4_sk4,1,10240,8192,266.5
cutlass_64x64_s4_sk16,1,10240,8192,260.2
cutlass_64x128_s4_sk16,1,10240,8192,263.9
cutlass_64x64_k64_s4,1,10240,8192,254.6
cutlass_64x64_k64_s3,1,10240,8192,252.6
cutlass_64x128_k64_s4,1,10240,8192,253.6
cutlass_64x128_k64_s3,1,10240,8192,256.4
cutlass_128x64_k64_s4,1,10240,8192,277.0
cutlass_128x64_k64_s3,1,10240,8192,277.0
cutlass_128x128_k64_s4,1,10240,8192,0.0
cutlass_128x128_k64_s3,1,10240,8192,263.2
cutlass_256x64_k64_s4,1,10240,8192,0.0
cutlass_256x64_k64_s3,1,10240,8192,0.0
cutlass_128x256_k64_s3,1,10240,8192,0.0
cutlass_32x64_k64_s4,1,10240,8192,250.8
cutlass_32x128_k64_s4,1,10240,8192,253.5
cutlass_64x64_k64_s4_sk2,1,10240,8192,252.1
cutlass_64x64_k64_s4_sk4,1,10240,8192,250.6
cutlass_64x64_k64_s4_sk8,1,10240,8192,251.0
cutlass_128x128_k64_s3_sk2,1,10240,8192,281.8
cutlass_128x128_k64_s3_sk4,1,10240,8192,262.2
cutlass_128x128_k64_s2,1,10240,8192,269.0
cutlass_64x64_k64_s2,1,10240,8192,263.2
cutlass_64x128_k64_s2,1,10240,8192,267.4
cutlass_128x64_k64_s2,1,10240,8192,266.0
cutlass_256x64_k64_s2,1,10240,8192,346.7
cutlass_256x128_s2,1,10240,8192,0.0
cutlass_64x64_s2,1,10240,8192,266.9
cutlass_64x128_s2,1,10240,8192,269.4
cutlass_128x64_s2,1,10240,8192,270.4
cutlass_128x128_s2,1,10240,8192,274.1
cutlass_128x256_s2,1,10240,8192,284.3
cutlass_256x64_s2,1,10240,8192,373.6
cutlass_gemv,1,10240,8192,233.6
cublas,2,10240,8192,238.9
cutlass_32x64_s4,2,10240,8192,259.5
cutlass_32x64_s3,2,10240,8192,264.4
cutlass_32x128_s4,2,10240,8192,261.5
cutlass_32x128_s3,2,10240,8192,266.3
cutlass_32x256_s3,2,10240,8192,270.3
cutlass_64x64_s4,2,10240,8192,258.8
cutlass_64x64_s3,2,10240,8192,264.2
cutlass_64x128_s4,2,10240,8192,261.6
cutlass_64x128_s3,2,10240,8192,266.8
cutlass_128x64_s4,2,10240,8192,260.6
cutlass_128x64_s3,2,10240,8192,266.8
cutlass_128x128_s4,2,10240,8192,265.5
cutlass_128x128_s3,2,10240,8192,270.5
cutlass_128x256_s3,2,10240,8192,278.9
cutlass_256x64_s4,2,10240,8192,332.2
cutlass_256x64_s3,2,10240,8192,333.2
cutlass_64x64_s4_sk2,2,10240,8192,255.3
cutlass_64x64_s4_sk4,2,10240,8192,257.0
cutlass_64x64_s4_sk8,2,10240,8192,259.5
cutlass_128x128_s3_sk2,2,10240,8192,281.2
cutlass_128x128_s3_sk4,2,10240,8192,269.5
cutlass_128x128_s3_sk8,2,10240,8192,267.0
cutlass_64x128_s4_sk2,2,10240,8192,256.6
cutlass_64x128_s4_sk4,2,10240,8192,257.8
cutlass_64x128_s4_sk8,2,10240,8192,262.0
cutlass_32x64_s4_sk4,2,10240,8192,256.1
cutlass_32x64_s4_sk8,2,10240,8192,260.5
cutlass_32x64_s4_sk16,2,10240,8192,264.4
cutlass_128x128_s4_sk2,2,10240,8192,280.1
cutlass_128x128_s4_sk4,2,10240,8192,266.6
cutlass_128x128_s4_sk8,2,10240,8192,264.3
cutlass_128x64_s4_sk2,2,10240,8192,278.2
cutlass_128x64_s4_sk4,2,10240,8192,263.5
cutlass_128x64_s4_sk8,2,10240,8192,262.7
cutlass_256x64_s4_sk2,2,10240,8192,285.3
cutlass_256x64_s4_sk4,2,10240,8192,267.3
cutlass_64x64_s4_sk16,2,10240,8192,264.2
cutlass_64x128_s4_sk16,2,10240,8192,266.3
cutlass_64x64_k64_s4,2,10240,8192,256.0
cutlass_64x64_k64_s3,2,10240,8192,253.0
cutlass_64x128_k64_s4,2,10240,8192,254.8
cutlass_64x128_k64_s3,2,10240,8192,258.7
cutlass_128x64_k64_s4,2,10240,8192,278.1
cutlass_128x64_k64_s3,2,10240,8192,279.3
cutlass_128x128_k64_s4,2,10240,8192,0.0
cutlass_128x128_k64_s3,2,10240,8192,264.5
cutlass_256x64_k64_s4,2,10240,8192,0.0
cutlass_256x64_k64_s3,2,10240,8192,0.0
cutlass_128x256_k64_s3,2,10240,8192,0.0
cutlass_32x64_k64_s4,2,10240,8192,250.9
cutlass_32x128_k64_s4,2,10240,8192,254.8
cutlass_64x64_k64_s4_sk2,2,10240,8192,254.3
cutlass_64x64_k64_s4_sk4,2,10240,8192,251.5
cutlass_64x64_k64_s4_sk8,2,10240,8192,252.0
cutlass_128x128_k64_s3_sk2,2,10240,8192,280.9
cutlass_128x128_k64_s3_sk4,2,10240,8192,265.5
cutlass_128x128_k64_s2,2,10240,8192,269.9
cutlass_64x64_k64_s2,2,10240,8192,265.1
cutlass_64x128_k64_s2,2,10240,8192,267.7
cutlass_128x64_k64_s2,2,10240,8192,268.3
cutlass_256x64_k64_s2,2,10240,8192,348.0
cutlass_256x128_s2,2,10240,8192,0.0
cutlass_64x64_s2,2,10240,8192,266.6
cutlass_64x128_s2,2,10240,8192,269.6
cutlass_128x64_s2,2,10240,8192,269.8
cutlass_128x128_s2,2,10240,8192,273.4
cutlass_128x256_s2,2,10240,8192,282.1
cutlass_256x64_s2,2,10240,8192,374.6
cublas,4,10240,8192,239.1
cutlass_32x64_s4,4,10240,8192,259.3
cutlass_32x64_s3,4,10240,8192,264.0
cutlass_32x128_s4,4,10240,8192,261.2
cutlass_32x128_s3,4,10240,8192,266.5
cutlass_32x256_s3,4,10240,8192,268.4
cutlass_64x64_s4,4,10240,8192,258.8
cutlass_64x64_s3,4,10240,8192,264.0
cutlass_64x128_s4,4,10240,8192,261.2
cutlass_64x128_s3,4,10240,8192,267.0
cutlass_128x64_s4,4,10240,8192,262.8
cutlass_128x64_s3,4,10240,8192,265.4
cutlass_128x128_s4,4,10240,8192,265.3
cutlass_128x128_s3,4,10240,8192,270.1
cutlass_128x256_s3,4,10240,8192,278.5
cutlass_256x64_s4,4,10240,8192,334.0
cutlass_256x64_s3,4,10240,8192,337.1
cutlass_64x64_s4_sk2,4,10240,8192,256.7
cutlass_64x64_s4_sk4,4,10240,8192,260.0
cutlass_64x64_s4_sk8,4,10240,8192,263.6
cutlass_128x128_s3_sk2,4,10240,8192,281.5
cutlass_128x128_s3_sk4,4,10240,8192,272.3
cutlass_128x128_s3_sk8,4,10240,8192,272.8
cutlass_64x128_s4_sk2,4,10240,8192,259.0
cutlass_64x128_s4_sk4,4,10240,8192,258.9
cutlass_64x128_s4_sk8,4,10240,8192,264.9
cutlass_32x64_s4_sk4,4,10240,8192,257.0
cutlass_32x64_s4_sk8,4,10240,8192,263.1
cutlass_32x64_s4_sk16,4,10240,8192,267.9
cutlass_128x128_s4_sk2,4,10240,8192,281.0
cutlass_128x128_s4_sk4,4,10240,8192,268.4
cutlass_128x128_s4_sk8,4,10240,8192,267.9
cutlass_128x64_s4_sk2,4,10240,8192,279.5
cutlass_128x64_s4_sk4,4,10240,8192,264.5
cutlass_128x64_s4_sk8,4,10240,8192,266.4
cutlass_256x64_s4_sk2,4,10240,8192,287.6
cutlass_256x64_s4_sk4,4,10240,8192,271.2
cutlass_64x64_s4_sk16,4,10240,8192,267.5
cutlass_64x128_s4_sk16,4,10240,8192,269.9
cutlass_64x64_k64_s4,4,10240,8192,258.3
cutlass_64x64_k64_s3,4,10240,8192,253.4
cutlass_64x128_k64_s4,4,10240,8192,255.6
cutlass_64x128_k64_s3,4,10240,8192,258.4
cutlass_128x64_k64_s4,4,10240,8192,280.5
cutlass_128x64_k64_s3,4,10240,8192,281.3
cutlass_128x128_k64_s4,4,10240,8192,0.0
cutlass_128x128_k64_s3,4,10240,8192,264.6
cutlass_256x64_k64_s4,4,10240,8192,0.0
cutlass_256x64_k64_s3,4,10240,8192,0.0
cutlass_128x256_k64_s3,4,10240,8192,0.0
cutlass_32x64_k64_s4,4,10240,8192,252.2
cutlass_32x128_k64_s4,4,10240,8192,255.5
cutlass_64x64_k64_s4_sk2,4,10240,8192,256.2
cutlass_64x64_k64_s4_sk4,4,10240,8192,252.9
cutlass_64x64_k64_s4_sk8,4,10240,8192,256.0
cutlass_128x128_k64_s3_sk2,4,10240,8192,282.2
cutlass_128x128_k64_s3_sk4,4,10240,8192,266.5
cutlass_128x128_k64_s2,4,10240,8192,270.3
cutlass_64x64_k64_s2,4,10240,8192,265.1
cutlass_64x128_k64_s2,4,10240,8192,268.2
cutlass_128x64_k64_s2,4,10240,8192,267.4
cutlass_256x64_k64_s2,4,10240,8192,351.4
cutlass_256x128_s2,4,10240,8192,0.0
cutlass_64x64_s2,4,10240,8192,268.3
cutlass_64x128_s2,4,10240,8192,271.2
cutlass_128x64_s2,4,10240,8192,271.1
cutlass_128x128_s2,4,10240,8192,274.1
cutlass_128x256_s2,4,10240,8192,280.9
cutlass_256x64_s2,4,10240,8192,375.9
cublas,8,10240,8192,241.7
cutlass_32x64_s4,8,10240,8192,262.7
cutlass_32x64_s3,8,10240,8192,267.3
cutlass_32x128_s4,8,10240,8192,263.7
cutlass_32x128_s3,8,10240,8192,267.8
cutlass_32x256_s3,8,10240,8192,268.4
cutlass_64x64_s4,8,10240,8192,262.6
cutlass_64x64_s3,8,10240,8192,267.5
cutlass_64x128_s4,8,10240,8192,263.8
cutlass_64x128_s3,8,10240,8192,268.4
cutlass_128x64_s4,8,10240,8192,264.1
cutlass_128x64_s3,8,10240,8192,268.2
cutlass_128x128_s4,8,10240,8192,267.5
cutlass_128x128_s3,8,10240,8192,270.1
cutlass_128x256_s3,8,10240,8192,276.1
cutlass_256x64_s4,8,10240,8192,334.6
cutlass_256x64_s3,8,10240,8192,335.2
cutlass_64x64_s4_sk2,8,10240,8192,258.5
cutlass_64x64_s4_sk4,8,10240,8192,262.6
cutlass_64x64_s4_sk8,8,10240,8192,271.1
cutlass_128x128_s3_sk2,8,10240,8192,284.1
cutlass_128x128_s3_sk4,8,10240,8192,275.1
cutlass_128x128_s3_sk8,8,10240,8192,278.1
cutlass_64x128_s4_sk2,8,10240,8192,259.5
cutlass_64x128_s4_sk4,8,10240,8192,263.5
cutlass_64x128_s4_sk8,8,10240,8192,272.1
cutlass_32x64_s4_sk4,8,10240,8192,261.3
cutlass_32x64_s4_sk8,8,10240,8192,270.7
cutlass_32x64_s4_sk16,8,10240,8192,277.7
cutlass_128x128_s4_sk2,8,10240,8192,284.5
cutlass_128x128_s4_sk4,8,10240,8192,272.7
cutlass_128x128_s4_sk8,8,10240,8192,274.9
cutlass_128x64_s4_sk2,8,10240,8192,283.1
cutlass_128x64_s4_sk4,8,10240,8192,269.1
cutlass_128x64_s4_sk8,8,10240,8192,273.4
cutlass_256x64_s4_sk2,8,10240,8192,287.7
cutlass_256x64_s4_sk4,8,10240,8192,275.2
cutlass_64x64_s4_sk16,8,10240,8192,277.0
cutlass_64x128_s4_sk16,8,10240,8192,279.4
cutlass_64x64_k64_s4,8,10240,8192,256.2
cutlass_64x64_k64_s3,8,10240,8192,255.6
cutlass_64x128_k64_s4,8,10240,8192,258.2
cutlass_64x128_k64_s3,8,10240,8192,261.1
cutlass_128x64_k64_s4,8,10240,8192,278.6
cutlass_128x64_k64_s3,8,10240,8192,281.8
cutlass_128x128_k64_s4,8,10240,8192,0.0
cutlass_128x128_k64_s3,8,10240,8192,267.5
cutlass_256x64_k64_s4,8,10240,8192,0.0
cutlass_256x64_k64_s3,8,10240,8192,0.0
cutlass_128x256_k64_s3,8,10240,8192,0.0
cutlass_32x64_k64_s4,8,10240,8192,253.6
cutlass_32x128_k64_s4,8,10240,8192,258.1
cutlass_64x64_k64_s4_sk2,8,10240,8192,256.5
cutlass_64x64_k64_s4_sk4,8,10240,8192,257.6
cutlass_64x64_k64_s4_sk8,8,10240,8192,260.7
cutlass_128x128_k64_s3_sk2,8,10240,8192,285.2
cutlass_128x128_k64_s3_sk4,8,10240,8192,270.9
cutlass_128x128_k64_s2,8,10240,8192,272.2
cutlass_64x64_k64_s2,8,10240,8192,267.6
cutlass_64x128_k64_s2,8,10240,8192,270.3
cutlass_128x64_k64_s2,8,10240,8192,269.6
cutlass_256x64_k64_s2,8,10240,8192,350.0
cutlass_256x128_s2,8,10240,8192,0.0
cutlass_64x64_s2,8,10240,8192,269.3
cutlass_64x128_s2,8,10240,8192,271.6
cutlass_128x64_s2,8,10240,8192,271.3
cutlass_128x128_s2,8,10240,8192,274.2
cutlass_128x256_s2,8,10240,8192,279.4
cutlass_256x64_s2,8,10240,8192,374.3
cublas,16,10240,8192,240.9
cutlass_32x64_s4,16,10240,8192,261.3
cutlass_32x64_s3,16,10240,8192,266.1
cutlass_32x128_s4,16,10240,8192,263.4
cutlass_32x128_s3,16,10240,8192,268.7
cutlass_32x256_s3,16,10240,8192,270.7
cutlass_64x64_s4,16,10240,8192,260.8
cutlass_64x64_s3,16,10240,8192,266.0
cutlass_64x128_s4,16,10240,8192,263.7
cutlass_64x128_s3,16,10240,8192,269.4
cutlass_128x64_s4,16,10240,8192,264.4
cutlass_128x64_s3,16,10240,8192,267.7
cutlass_128x128_s4,16,10240,8192,267.5
cutlass_128x128_s3,16,10240,8192,272.2
cutlass_128x256_s3,16,10240,8192,279.5
cutlass_256x64_s4,16,10240,8192,335.6
cutlass_256x64_s3,16,10240,8192,338.3
cutlass_64x64_s4_sk2,16,10240,8192,261.3
cutlass_64x64_s4_sk4,16,10240,8192,266.6
cutlass_64x64_s4_sk8,16,10240,8192,276.8
cutlass_128x128_s3_sk2,16,10240,8192,285.8
cutlass_128x128_s3_sk4,16,10240,8192,282.6
cutlass_128x128_s3_sk8,16,10240,8192,284.0
cutlass_64x128_s4_sk2,16,10240,8192,263.4
cutlass_64x128_s4_sk4,16,10240,8192,265.3
cutlass_64x128_s4_sk8,16,10240,8192,275.6
cutlass_32x64_s4_sk4,16,10240,8192,264.3
cutlass_32x64_s4_sk8,16,10240,8192,275.2
cutlass_32x64_s4_sk16,16,10240,8192,287.2
cutlass_128x128_s4_sk2,16,10240,8192,286.4
cutlass_128x128_s4_sk4,16,10240,8192,277.2
cutlass_128x128_s4_sk8,16,10240,8192,279.2
cutlass_128x64_s4_sk2,16,10240,8192,284.1
cutlass_128x64_s4_sk4,16,10240,8192,273.7
cutlass_128x64_s4_sk8,16,10240,8192,277.3
cutlass_256x64_s4_sk2,16,10240,8192,292.3
cutlass_256x64_s4_sk4,16,10240,8192,278.7
cutlass_64x64_s4_sk16,16,10240,8192,287.5
cutlass_64x128_s4_sk16,16,10240,8192,288.5
cutlass_64x64_k64_s4,16,10240,8192,260.2
cutlass_64x64_k64_s3,16,10240,8192,256.1
cutlass_64x128_k64_s4,16,10240,8192,257.7
cutlass_64x128_k64_s3,16,10240,8192,260.7
cutlass_128x64_k64_s4,16,10240,8192,281.9
cutlass_128x64_k64_s3,16,10240,8192,283.2
cutlass_128x128_k64_s4,16,10240,8192,0.0
cutlass_128x128_k64_s3,16,10240,8192,266.8
cutlass_256x64_k64_s4,16,10240,8192,0.0
cutlass_256x64_k64_s3,16,10240,8192,0.0
cutlass_128x256_k64_s3,16,10240,8192,0.0
cutlass_32x64_k64_s4,16,10240,8192,254.0
cutlass_32x128_k64_s4,16,10240,8192,257.6
cutlass_64x64_k64_s4_sk2,16,10240,8192,261.3
cutlass_64x64_k64_s4_sk4,16,10240,8192,259.9
cutlass_64x64_k64_s4_sk8,16,10240,8192,266.6
cutlass_128x128_k64_s3_sk2,16,10240,8192,287.3
cutlass_128x128_k64_s3_sk4,16,10240,8192,274.4
cutlass_128x128_k64_s2,16,10240,8192,272.9
cutlass_64x64_k64_s2,16,10240,8192,267.2
cutlass_64x128_k64_s2,16,10240,8192,271.0
cutlass_128x64_k64_s2,16,10240,8192,270.5
cutlass_256x64_k64_s2,16,10240,8192,352.4
cutlass_256x128_s2,16,10240,8192,0.0
cutlass_64x64_s2,16,10240,8192,271.0
cutlass_64x128_s2,16,10240,8192,274.3
cutlass_128x64_s2,16,10240,8192,273.7
cutlass_128x128_s2,16,10240,8192,277.0
cutlass_128x256_s2,16,10240,8192,282.9
cutlass_256x64_s2,16,10240,8192,377.3
cublas,32,10240,8192,284.9
cutlass_32x64_s4,32,10240,8192,266.9
cutlass_32x64_s3,32,10240,8192,271.9
cutlass_32x128_s4,32,10240,8192,268.3
cutlass_32x128_s3,32,10240,8192,272.6
cutlass_32x256_s3,32,10240,8192,272.5
cutlass_64x64_s4,32,10240,8192,266.9
cutlass_64x64_s3,32,10240,8192,272.1
cutlass_64x128_s4,32,10240,8192,268.0
cutlass_64x128_s3,32,10240,8192,272.7
cutlass_128x64_s4,32,10240,8192,268.3
cutlass_128x64_s3,32,10240,8192,272.7
cutlass_128x128_s4,32,10240,8192,272.1
cutlass_128x128_s3,32,10240,8192,274.5
cutlass_128x256_s3,32,10240,8192,278.4
cutlass_256x64_s4,32,10240,8192,337.9
cutlass_256x64_s3,32,10240,8192,338.9
cutlass_64x64_s4_sk2,32,10240,8192,266.8
cutlass_64x64_s4_sk4,32,10240,8192,274.0
cutlass_64x64_s4_sk8,32,10240,8192,293.5
cutlass_128x128_s3_sk2,32,10240,8192,291.3
cutlass_128x128_s3_sk4,32,10240,8192,286.5
cutlass_128x128_s3_sk8,32,10240,8192,298.1
cutlass_64x128_s4_sk2,32,10240,8192,267.2
cutlass_64x128_s4_sk4,32,10240,8192,274.3
cutlass_64x128_s4_sk8,32,10240,8192,292.8
cutlass_32x64_s4_sk4,32,10240,8192,269.8
cutlass_32x64_s4_sk8,32,10240,8192,292.4
cutlass_32x64_s4_sk16,32,10240,8192,319.9
cutlass_128x128_s4_sk2,32,10240,8192,291.0
cutlass_128x128_s4_sk4,32,10240,8192,283.6
cutlass_128x128_s4_sk8,32,10240,8192,294.9
cutlass_128x64_s4_sk2,32,10240,8192,288.9
cutlass_128x64_s4_sk4,32,10240,8192,279.1
cutlass_128x64_s4_sk8,32,10240,8192,293.4
cutlass_256x64_s4_sk2,32,10240,8192,294.5
cutlass_256x64_s4_sk4,32,10240,8192,286.5
cutlass_64x64_s4_sk16,32,10240,8192,321.4
cutlass_64x128_s4_sk16,32,10240,8192,320.9
cutlass_64x64_k64_s4,32,10240,8192,260.3
cutlass_64x64_k64_s3,32,10240,8192,259.5
cutlass_64x128_k64_s4,32,10240,8192,262.4
cutlass_64x128_k64_s3,32,10240,8192,265.5
cutlass_128x64_k64_s4,32,10240,8192,282.7
cutlass_128x64_k64_s3,32,10240,8192,285.8
cutlass_128x128_k64_s4,32,10240,8192,0.0
cutlass_128x128_k64_s3,32,10240,8192,272.1
cutlass_256x64_k64_s4,32,10240,8192,0.0
cutlass_256x64_k64_s3,32,10240,8192,0.0
cutlass_128x256_k64_s3,32,10240,8192,0.0
cutlass_32x64_k64_s4,32,10240,8192,258.0
cutlass_32x128_k64_s4,32,10240,8192,262.3
cutlass_64x64_k64_s4_sk2,32,10240,8192,263.9
cutlass_64x64_k64_s4_sk4,32,10240,8192,267.9
cutlass_64x64_k64_s4_sk8,32,10240,8192,279.6
cutlass_128x128_k64_s3_sk2,32,10240,8192,290.9
cutlass_128x128_k64_s3_sk4,32,10240,8192,280.6
cutlass_128x128_k64_s2,32,10240,8192,275.6
cutlass_64x64_k64_s2,32,10240,8192,272.7
cutlass_64x128_k64_s2,32,10240,8192,274.0
cutlass_128x64_k64_s2,32,10240,8192,274.4
cutlass_256x64_k64_s2,32,10240,8192,354.0
cutlass_256x128_s2,32,10240,8192,0.0
cutlass_64x64_s2,32,10240,8192,274.9
cutlass_64x128_s2,32,10240,8192,275.6
cutlass_128x64_s2,32,10240,8192,276.7
cutlass_128x128_s2,32,10240,8192,278.0
cutlass_128x256_s2,32,10240,8192,284.0
cutlass_256x64_s2,32,10240,8192,378.1
cublas,64,10240,8192,265.6
cutlass_32x64_s4,64,10240,8192,268.3
cutlass_32x64_s3,64,10240,8192,273.8
cutlass_32x128_s4,64,10240,8192,269.9
cutlass_32x128_s3,64,10240,8192,274.9
cutlass_32x256_s3,64,10240,8192,276.0
cutlass_64x64_s4,64,10240,8192,267.3
cutlass_64x64_s3,64,10240,8192,274.6
cutlass_64x128_s4,64,10240,8192,268.2
cutlass_64x128_s3,64,10240,8192,277.6
cutlass_128x64_s4,64,10240,8192,270.5
cutlass_128x64_s3,64,10240,8192,276.1
cutlass_128x128_s4,64,10240,8192,272.4
cutlass_128x128_s3,64,10240,8192,280.7
cutlass_128x256_s3,64,10240,8192,285.8
cutlass_256x64_s4,64,10240,8192,342.9
cutlass_256x64_s3,64,10240,8192,344.6
cutlass_64x64_s4_sk2,64,10240,8192,271.8
cutlass_64x64_s4_sk4,64,10240,8192,291.8
cutlass_64x64_s4_sk8,64,10240,8192,316.7
cutlass_128x128_s3_sk2,64,10240,8192,296.8
cutlass_128x128_s3_sk4,64,10240,8192,301.4
cutlass_128x128_s3_sk8,64,10240,8192,325.1
cutlass_64x128_s4_sk2,64,10240,8192,275.6
cutlass_64x128_s4_sk4,64,10240,8192,288.4
cutlass_64x128_s4_sk8,64,10240,8192,321.1
cutlass_32x64_s4_sk4,64,10240,8192,315.5
cutlass_32x64_s4_sk8,64,10240,8192,322.6
cutlass_32x64_s4_sk16,64,10240,8192,372.6
cutlass_128x128_s4_sk2,64,10240,8192,295.3
cutlass_128x128_s4_sk4,64,10240,8192,295.9
cutlass_128x128_s4_sk8,64,10240,8192,320.3
cutlass_128x64_s4_sk2,64,10240,8192,295.3
cutlass_128x64_s4_sk4,64,10240,8192,293.9
cutlass_128x64_s4_sk8,64,10240,8192,319.3
cutlass_256x64_s4_sk2,64,10240,8192,304.0
cutlass_256x64_s4_sk4,64,10240,8192,301.7
cutlass_64x64_s4_sk16,64,10240,8192,368.4
cutlass_64x128_s4_sk16,64,10240,8192,369.6
cutlass_64x64_k64_s4,64,10240,8192,269.2
cutlass_64x64_k64_s3,64,10240,8192,261.3
cutlass_64x128_k64_s4,64,10240,8192,262.4
cutlass_64x128_k64_s3,64,10240,8192,265.5
cutlass_128x64_k64_s4,64,10240,8192,286.4
cutlass_128x64_k64_s3,64,10240,8192,288.5
cutlass_128x128_k64_s4,64,10240,8192,0.0
cutlass_128x128_k64_s3,64,10240,8192,271.4
cutlass_256x64_k64_s4,64,10240,8192,0.0
cutlass_256x64_k64_s3,64,10240,8192,0.0
cutlass_128x256_k64_s3,64,10240,8192,0.0
cutlass_32x64_k64_s4,64,10240,8192,281.3
cutlass_32x128_k64_s4,64,10240,8192,286.0
cutlass_64x64_k64_s4_sk2,64,10240,8192,274.4
cutlass_64x64_k64_s4_sk4,64,10240,8192,280.7
cutlass_64x64_k64_s4_sk8,64,10240,8192,307.2
cutlass_128x128_k64_s3_sk2,64,10240,8192,297.3
cutlass_128x128_k64_s3_sk4,64,10240,8192,291.8
cutlass_128x128_k64_s2,64,10240,8192,279.3
cutlass_64x64_k64_s2,64,10240,8192,277.6
cutlass_64x128_k64_s2,64,10240,8192,277.4
cutlass_128x64_k64_s2,64,10240,8192,281.4
cutlass_256x64_k64_s2,64,10240,8192,359.0
cutlass_256x128_s2,64,10240,8192,0.0
cutlass_64x64_s2,64,10240,8192,285.9
cutlass_64x128_s2,64,10240,8192,281.9
cutlass_128x64_s2,64,10240,8192,290.0
cutlass_128x128_s2,64,10240,8192,282.9
cutlass_128x256_s2,64,10240,8192,290.0
cutlass_256x64_s2,64,10240,8192,383.8
cublas,128,10240,8192,281.2
cutlass_32x64_s4,128,10240,8192,310.2
cutlass_32x64_s3,128,10240,8192,279.0
cutlass_32x128_s4,128,10240,8192,306.7
cutlass_32x128_s3,128,10240,8192,279.4
cutlass_32x256_s3,128,10240,8192,343.8
cutlass_64x64_s4,128,10240,8192,277.0
cutlass_64x64_s3,128,10240,8192,279.2
cutlass_64x128_s4,128,10240,8192,285.8
cutlass_64x128_s3,128,10240,8192,281.3
cutlass_128x64_s4,128,10240,8192,287.4
cutlass_128x64_s3,128,10240,8192,284.2
cutlass_128x128_s4,128,10240,8192,278.8
cutlass_128x128_s3,128,10240,8192,282.4
cutlass_128x256_s3,128,10240,8192,291.3
cutlass_256x64_s4,128,10240,8192,345.3
cutlass_256x64_s3,128,10240,8192,349.9
cutlass_64x64_s4_sk2,128,10240,8192,346.1
cutlass_64x64_s4_sk4,128,10240,8192,335.5
cutlass_64x64_s4_sk8,128,10240,8192,378.4
cutlass_128x128_s3_sk2,128,10240,8192,315.3
cutlass_128x128_s3_sk4,128,10240,8192,333.5
cutlass_128x128_s3_sk8,128,10240,8192,379.8
cutlass_64x128_s4_sk2,128,10240,8192,309.1
cutlass_64x128_s4_sk4,128,10240,8192,355.7
cutlass_64x128_s4_sk8,128,10240,8192,380.2
cutlass_32x64_s4_sk4,128,10240,8192,349.1
cutlass_32x64_s4_sk8,128,10240,8192,391.0
cutlass_32x64_s4_sk16,128,10240,8192,505.2
cutlass_128x128_s4_sk2,128,10240,8192,313.6
cutlass_128x128_s4_sk4,128,10240,8192,328.0
cutlass_128x128_s4_sk8,128,10240,8192,378.4
cutlass_128x64_s4_sk2,128,10240,8192,293.4
cutlass_128x64_s4_sk4,128,10240,8192,326.3
cutlass_128x64_s4_sk8,128,10240,8192,376.4
cutlass_256x64_s4_sk2,128,10240,8192,316.4
cutlass_256x64_s4_sk4,128,10240,8192,330.4
cutlass_64x64_s4_sk16,128,10240,8192,493.6
cutlass_64x128_s4_sk16,128,10240,8192,493.6
cutlass_64x64_k64_s4,128,10240,8192,264.2
cutlass_64x64_k64_s3,128,10240,8192,297.3
cutlass_64x128_k64_s4,128,10240,8192,289.8
cutlass_64x128_k64_s3,128,10240,8192,291.2
cutlass_128x64_k64_s4,128,10240,8192,295.9
cutlass_128x64_k64_s3,128,10240,8192,292.1
cutlass_128x128_k64_s4,128,10240,8192,0.0
cutlass_128x128_k64_s3,128,10240,8192,278.4
cutlass_256x64_k64_s4,128,10240,8192,0.0
cutlass_256x64_k64_s3,128,10240,8192,0.0
cutlass_128x256_k64_s3,128,10240,8192,0.0
cutlass_32x64_k64_s4,128,10240,8192,276.5
cutlass_32x128_k64_s4,128,10240,8192,282.2
cutlass_64x64_k64_s4_sk2,128,10240,8192,346.3
cutlass_64x64_k64_s4_sk4,128,10240,8192,339.8
cutlass_64x64_k64_s4_sk8,128,10240,8192,388.5
cutlass_128x128_k64_s3_sk2,128,10240,8192,314.9
cutlass_128x128_k64_s3_sk4,128,10240,8192,322.7
cutlass_128x128_k64_s2,128,10240,8192,284.0
cutlass_64x64_k64_s2,128,10240,8192,280.3
cutlass_64x128_k64_s2,128,10240,8192,285.8
cutlass_128x64_k64_s2,128,10240,8192,285.3
cutlass_256x64_k64_s2,128,10240,8192,362.4
cutlass_256x128_s2,128,10240,8192,0.0
cutlass_64x64_s2,128,10240,8192,283.5
cutlass_64x128_s2,128,10240,8192,289.3
cutlass_128x64_s2,128,10240,8192,292.9
cutlass_128x128_s2,128,10240,8192,286.9
cutlass_128x256_s2,128,10240,8192,298.7
cutlass_256x64_s2,128,10240,8192,391.0
cublas,256,10240,8192,287.3
cutlass_32x64_s4,256,10240,8192,430.4
cutlass_32x64_s3,256,10240,8192,397.6
cutlass_32x128_s4,256,10240,8192,369.5
cutlass_32x128_s3,256,10240,8192,362.6
cutlass_32x256_s3,256,10240,8192,377.3
cutlass_64x64_s4,256,10240,8192,304.3
cutlass_64x64_s3,256,10240,8192,364.0
cutlass_64x128_s4,256,10240,8192,307.0
cutlass_64x128_s3,256,10240,8192,357.6
cutlass_128x64_s4,256,10240,8192,324.5
cutlass_128x64_s3,256,10240,8192,353.5
cutlass_128x128_s4,256,10240,8192,350.9
cutlass_128x128_s3,256,10240,8192,356.1
cutlass_128x256_s3,256,10240,8192,298.4
cutlass_256x64_s4,256,10240,8192,355.1
cutlass_256x64_s3,256,10240,8192,359.4
cutlass_64x64_s4_sk2,256,10240,8192,544.0
cutlass_64x64_s4_sk4,256,10240,8192,445.8
cutlass_64x64_s4_sk8,256,10240,8192,535.2
cutlass_128x128_s3_sk2,256,10240,8192,408.9
cutlass_128x128_s3_sk4,256,10240,8192,439.3
cutlass_128x128_s3_sk8,256,10240,8192,539.6
cutlass_64x128_s4_sk2,256,10240,8192,434.4
cutlass_64x128_s4_sk4,256,10240,8192,411.6
cutlass_64x128_s4_sk8,256,10240,8192,506.0
cutlass_32x64_s4_sk4,256,10240,8192,573.9
cutlass_32x64_s4_sk8,256,10240,8192,666.7
cutlass_32x64_s4_sk16,256,10240,8192,873.7
cutlass_128x128_s4_sk2,256,10240,8192,397.8
cutlass_128x128_s4_sk4,256,10240,8192,417.4
cutlass_128x128_s4_sk8,256,10240,8192,517.2
cutlass_128x64_s4_sk2,256,10240,8192,370.4
cutlass_128x64_s4_sk4,256,10240,8192,397.4
cutlass_128x64_s4_sk8,256,10240,8192,497.7
cutlass_256x64_s4_sk2,256,10240,8192,357.6
cutlass_256x64_s4_sk4,256,10240,8192,396.2
cutlass_64x64_s4_sk16,256,10240,8192,781.0
cutlass_64x128_s4_sk16,256,10240,8192,767.9
cutlass_64x64_k64_s4,256,10240,8192,279.5
cutlass_64x64_k64_s3,256,10240,8192,306.0
cutlass_64x128_k64_s4,256,10240,8192,289.5
cutlass_64x128_k64_s3,256,10240,8192,290.6
cutlass_128x64_k64_s4,256,10240,8192,291.5
cutlass_128x64_k64_s3,256,10240,8192,287.5
cutlass_128x128_k64_s4,256,10240,8192,0.0
cutlass_128x128_k64_s3,256,10240,8192,352.2
cutlass_256x64_k64_s4,256,10240,8192,0.0
cutlass_256x64_k64_s3,256,10240,8192,0.0
cutlass_128x256_k64_s3,256,10240,8192,0.0
cutlass_32x64_k64_s4,256,10240,8192,393.1
cutlass_32x128_k64_s4,256,10240,8192,331.5
cutlass_64x64_k64_s4_sk2,256,10240,8192,502.9
cutlass_64x64_k64_s4_sk4,256,10240,8192,514.7
cutlass_64x64_k64_s4_sk8,256,10240,8192,618.1
cutlass_128x128_k64_s3_sk2,256,10240,8192,396.5
cutlass_128x128_k64_s3_sk4,256,10240,8192,406.4
cutlass_128x128_k64_s2,256,10240,8192,365.8
cutlass_64x64_k64_s2,256,10240,8192,313.4
cutlass_64x128_k64_s2,256,10240,8192,372.1
cutlass_128x64_k64_s2,256,10240,8192,371.9
cutlass_256x64_k64_s2,256,10240,8192,379.1
cutlass_256x128_s2,256,10240,8192,0.0
cutlass_64x64_s2,256,10240,8192,396.8
cutlass_64x128_s2,256,10240,8192,310.3
cutlass_128x64_s2,256,10240,8192,307.9
cutlass_128x128_s2,256,10240,8192,401.3
cutlass_128x256_s2,256,10240,8192,304.7
cutlass_256x64_s2,256,10240,8192,411.8
cublas,512,10240,8192,394.8
cutlass_32x64_s4,512,10240,8192,772.9
cutlass_32x64_s3,512,10240,8192,791.9
cutlass_32x128_s4,512,10240,8192,661.3
cutlass_32x128_s3,512,10240,8192,651.4
cutlass_32x256_s3,512,10240,8192,612.8
cutlass_64x64_s4,512,10240,8192,524.7
cutlass_64x64_s3,512,10240,8192,628.1
cutlass_64x128_s4,512,10240,8192,464.2
cutlass_64x128_s3,512,10240,8192,480.5
cutlass_128x64_s4,512,10240,8192,467.1
cutlass_128x64_s3,512,10240,8192,484.0
cutlass_128x128_s4,512,10240,8192,412.1
cutlass_128x128_s3,512,10240,8192,421.2
cutlass_128x256_s3,512,10240,8192,516.5
cutlass_256x64_s4,512,10240,8192,449.1
cutlass_256x64_s3,512,10240,8192,452.9
cutlass_64x64_s4_sk2,512,10240,8192,733.2
cutlass_64x64_s4_sk4,512,10240,8192,811.3
cutlass_64x64_s4_sk8,512,10240,8192,1001.1
cutlass_128x128_s3_sk2,512,10240,8192,699.9
cutlass_128x128_s3_sk4,512,10240,8192,724.3
cutlass_128x128_s3_sk8,512,10240,8192,936.8
cutlass_64x128_s4_sk2,512,10240,8192,731.7
cutlass_64x128_s4_sk4,512,10240,8192,700.9
cutlass_64x128_s4_sk8,512,10240,8192,902.9
cutlass_32x64_s4_sk4,512,10240,8192,1026.9
cutlass_32x64_s4_sk8,512,10240,8192,1210.2
cutlass_32x64_s4_sk16,512,10240,8192,1536.1
cutlass_128x128_s4_sk2,512,10240,8192,676.0
cutlass_128x128_s4_sk4,512,10240,8192,697.0
cutlass_128x128_s4_sk8,512,10240,8192,910.7
cutlass_128x64_s4_sk2,512,10240,8192,656.3
cutlass_128x64_s4_sk4,512,10240,8192,691.0
cutlass_128x64_s4_sk8,512,10240,8192,898.6
cutlass_256x64_s4_sk2,512,10240,8192,576.5
cutlass_256x64_s4_sk4,512,10240,8192,647.6
cutlass_64x64_s4_sk16,512,10240,8192,1362.2
cutlass_64x128_s4_sk16,512,10240,8192,1326.3
cutlass_64x64_k64_s4,512,10240,8192,508.5
cutlass_64x64_k64_s3,512,10240,8192,536.1
cutlass_64x128_k64_s4,512,10240,8192,430.8
cutlass_64x128_k64_s3,512,10240,8192,421.4
cutlass_128x64_k64_s4,512,10240,8192,424.3
cutlass_128x64_k64_s3,512,10240,8192,420.5
cutlass_128x128_k64_s4,512,10240,8192,0.0
cutlass_128x128_k64_s3,512,10240,8192,405.2
cutlass_256x64_k64_s4,512,10240,8192,0.0
cutlass_256x64_k64_s3,512,10240,8192,0.0
cutlass_128x256_k64_s3,512,10240,8192,0.0
cutlass_32x64_k64_s4,512,10240,8192,760.5
cutlass_32x128_k64_s4,512,10240,8192,622.4
cutlass_64x64_k64_s4_sk2,512,10240,8192,823.1
cutlass_64x64_k64_s4_sk4,512,10240,8192,870.1
cutlass_64x64_k64_s4_sk8,512,10240,8192,1062.8
cutlass_128x128_k64_s3_sk2,512,10240,8192,669.2
cutlass_128x128_k64_s3_sk4,512,10240,8192,677.5
cutlass_128x128_k64_s2,512,10240,8192,446.7
cutlass_64x64_k64_s2,512,10240,8192,528.7
cutlass_64x128_k64_s2,512,10240,8192,487.7
cutlass_128x64_k64_s2,512,10240,8192,494.4
cutlass_256x64_k64_s2,512,10240,8192,483.0
cutlass_256x128_s2,512,10240,8192,0.0
cutlass_64x64_s2,512,10240,8192,636.8
cutlass_64x128_s2,512,10240,8192,423.4
cutlass_128x64_s2,512,10240,8192,532.6
cutlass_128x128_s2,512,10240,8192,531.2
cutlass_128x256_s2,512,10240,8192,549.1
cutlass_256x64_s2,512,10240,8192,552.2
cublas,1024,10240,8192,638.0
cutlass_32x64_s4,1024,10240,8192,1523.5
cutlass_32x64_s3,1024,10240,8192,1493.5
cutlass_32x128_s4,1024,10240,8192,1238.7
cutlass_32x128_s3,1024,10240,8192,1236.2
cutlass_32x256_s3,1024,10240,8192,1150.9
cutlass_64x64_s4,1024,10240,8192,1030.0
cutlass_64x64_s3,1024,10240,8192,1121.9
cutlass_64x128_s4,1024,10240,8192,785.2
cutlass_64x128_s3,1024,10240,8192,858.4
cutlass_128x64_s4,1024,10240,8192,806.0
cutlass_128x64_s3,1024,10240,8192,865.7
cutlass_128x128_s4,1024,10240,8192,679.9
cutlass_128x128_s3,1024,10240,8192,688.9
cutlass_128x256_s3,1024,10240,8192,798.3
cutlass_256x64_s4,1024,10240,8192,754.7
cutlass_256x64_s3,1024,10240,8192,763.7
cutlass_64x64_s4_sk2,1024,10240,8192,1364.8
cutlass_64x64_s4_sk4,1024,10240,8192,1519.0
cutlass_64x64_s4_sk8,1024,10240,8192,1819.0
cutlass_128x128_s3_sk2,1024,10240,8192,1207.8
cutlass_128x128_s3_sk4,1024,10240,8192,1267.4
cutlass_128x128_s3_sk8,1024,10240,8192,1665.7
cutlass_64x128_s4_sk2,1024,10240,8192,1218.4
cutlass_64x128_s4_sk4,1024,10240,8192,1339.9
cutlass_64x128_s4_sk8,1024,10240,8192,1606.7
cutlass_32x64_s4_sk4,1024,10240,8192,1930.8
cutlass_32x64_s4_sk8,1024,10240,8192,2238.9
cutlass_32x64_s4_sk16,1024,10240,8192,2837.7
cutlass_128x128_s4_sk2,1024,10240,8192,1188.5
cutlass_128x128_s4_sk4,1024,10240,8192,1258.9
cutlass_128x128_s4_sk8,1024,10240,8192,1599.9
cutlass_128x64_s4_sk2,1024,10240,8192,1209.0
cutlass_128x64_s4_sk4,1024,10240,8192,1318.8
cutlass_128x64_s4_sk8,1024,10240,8192,1601.0
cutlass_256x64_s4_sk2,1024,10240,8192,1065.4
cutlass_256x64_s4_sk4,1024,10240,8192,1241.4
cutlass_64x64_s4_sk16,1024,10240,8192,2507.0
cutlass_64x128_s4_sk16,1024,10240,8192,2373.1
cutlass_64x64_k64_s4,1024,10240,8192,1015.6
cutlass_64x64_k64_s3,1024,10240,8192,994.0
cutlass_64x128_k64_s4,1024,10240,8192,768.0
cutlass_64x128_k64_s3,1024,10240,8192,786.4
cutlass_128x64_k64_s4,1024,10240,8192,774.6
cutlass_128x64_k64_s3,1024,10240,8192,784.8
cutlass_128x128_k64_s4,1024,10240,8192,0.0
cutlass_128x128_k64_s3,1024,10240,8192,641.9
cutlass_256x64_k64_s4,1024,10240,8192,0.0
cutlass_256x64_k64_s3,1024,10240,8192,0.0
cutlass_128x256_k64_s3,1024,10240,8192,0.0
cutlass_32x64_k64_s4,1024,10240,8192,1505.5
cutlass_32x128_k64_s4,1024,10240,8192,1231.7
cutlass_64x64_k64_s4_sk2,1024,10240,8192,1537.9
cutlass_64x64_k64_s4_sk4,1024,10240,8192,1544.3
cutlass_64x64_k64_s4_sk8,1024,10240,8192,1878.1
cutlass_128x128_k64_s3_sk2,1024,10240,8192,1156.2
cutlass_128x128_k64_s3_sk4,1024,10240,8192,1227.6
cutlass_128x128_k64_s2,1024,10240,8192,726.6
cutlass_64x64_k64_s2,1024,10240,8192,1061.6
cutlass_64x128_k64_s2,1024,10240,8192,846.5
cutlass_128x64_k64_s2,1024,10240,8192,854.0
cutlass_256x64_k64_s2,1024,10240,8192,867.4
cutlass_256x128_s2,1024,10240,8192,0.0
cutlass_64x64_s2,1024,10240,8192,1097.5
cutlass_64x128_s2,1024,10240,8192,827.4
cutlass_128x64_s2,1024,10240,8192,864.5
cutlass_128x128_s2,1024,10240,8192,920.1
cutlass_128x256_s2,1024,10240,8192,780.0
cutlass_256x64_s2,1024,10240,8192,858.5
cublas,2048,10240,8192,1242.2
cutlass_32x64_s4,2048,10240,8192,3043.9
cutlass_32x64_s3,2048,10240,8192,3026.2
cutlass_32x128_s4,2048,10240,8192,2519.4
cutlass_32x128_s3,2048,10240,8192,2521.4
cutlass_32x256_s3,2048,10240,8192,2318.3
cutlass_64x64_s4,2048,10240,8192,2086.7
cutlass_64x64_s3,2048,10240,8192,2100.3
cutlass_64x128_s4,2048,10240,8192,1609.7
cutlass_64x128_s3,2048,10240,8192,1638.5
cutlass_128x64_s4,2048,10240,8192,1599.7
cutlass_128x64_s3,2048,10240,8192,1614.1
cutlass_128x128_s4,2048,10240,8192,1334.1
cutlass_128x128_s3,2048,10240,8192,1367.8
cutlass_128x256_s3,2048,10240,8192,1306.7
cutlass_256x64_s4,2048,10240,8192,1432.7
cutlass_256x64_s3,2048,10240,8192,1459.1
cutlass_64x64_s4_sk2,2048,10240,8192,2592.8
cutlass_64x64_s4_sk4,2048,10240,8192,2916.6
cutlass_64x64_s4_sk8,2048,10240,8192,3485.3
cutlass_128x128_s3_sk2,2048,10240,8192,2084.3
cutlass_128x128_s3_sk4,2048,10240,8192,2409.7
cutlass_128x128_s3_sk8,2048,10240,8192,3149.5
cutlass_64x128_s4_sk2,2048,10240,8192,2070.1
cutlass_64x128_s4_sk4,2048,10240,8192,2466.3
cutlass_64x128_s4_sk8,2048,10240,8192,3046.1
cutlass_32x64_s4_sk4,2048,10240,8192,3724.5
cutlass_32x64_s4_sk8,2048,10240,8192,4318.5
cutlass_32x64_s4_sk16,2048,10240,8192,5454.0
cutlass_128x128_s4_sk2,2048,10240,8192,1963.9
cutlass_128x128_s4_sk4,2048,10240,8192,2287.1
cutlass_128x128_s4_sk8,2048,10240,8192,2969.5
cutlass_128x64_s4_sk2,2048,10240,8192,2091.3
cutlass_128x64_s4_sk4,2048,10240,8192,2465.8
cutlass_128x64_s4_sk8,2048,10240,8192,3041.9
cutlass_256x64_s4_sk2,2048,10240,8192,1971.7
cutlass_256x64_s4_sk4,2048,10240,8192,2365.2
cutlass_64x64_s4_sk16,2048,10240,8192,4801.3
cutlass_64x128_s4_sk16,2048,10240,8192,4411.4
cutlass_64x64_k64_s4,2048,10240,8192,1993.8
cutlass_64x64_k64_s3,2048,10240,8192,1988.7
cutlass_64x128_k64_s4,2048,10240,8192,1548.4
cutlass_64x128_k64_s3,2048,10240,8192,1567.7
cutlass_128x64_k64_s4,2048,10240,8192,1547.8
cutlass_128x64_k64_s3,2048,10240,8192,1544.5
cutlass_128x128_k64_s4,2048,10240,8192,0.0
cutlass_128x128_k64_s3,2048,10240,8192,1277.5
cutlass_256x64_k64_s4,2048,10240,8192,0.0
cutlass_256x64_k64_s3,2048,10240,8192,0.0
cutlass_128x256_k64_s3,2048,10240,8192,0.0
cutlass_32x64_k64_s4,2048,10240,8192,2939.6
cutlass_32x128_k64_s4,2048,10240,8192,2422.8
cutlass_64x64_k64_s4_sk2,2048,10240,8192,2753.0
cutlass_64x64_k64_s4_sk4,2048,10240,8192,2913.1
cutlass_64x64_k64_s4_sk8,2048,10240,8192,3528.0
cutlass_128x128_k64_s3_sk2,2048,10240,8192,1918.0
cutlass_128x128_k64_s3_sk4,2048,10240,8192,2223.1
cutlass_128x128_k64_s2,2048,10240,8192,1424.4
cutlass_64x64_k64_s2,2048,10240,8192,2111.6
cutlass_64x128_k64_s2,2048,10240,8192,1616.3
cutlass_128x64_k64_s2,2048,10240,8192,1618.2
cutlass_256x64_k64_s2,2048,10240,8192,1636.9
cutlass_256x128_s2,2048,10240,8192,0.0
cutlass_64x64_s2,2048,10240,8192,2145.4
cutlass_64x128_s2,2048,10240,8192,1679.8
cutlass_128x64_s2,2048,10240,8192,1744.9
cutlass_128x128_s2,2048,10240,8192,1710.5
cutlass_128x256_s2,2048,10240,8192,1286.3
cutlass_256x64_s2,2048,10240,8192,1674.0
cublas,4096,10240,8192,2457.8
cutlass_32x64_s4,4096,10240,8192,5945.9
cutlass_32x64_s3,4096,10240,8192,6018.9
cutlass_32x128_s4,4096,10240,8192,4991.3
cutlass_32x128_s3,4096,10240,8192,5064.1
cutlass_32x256_s3,4096,10240,8192,4519.8
cutlass_64x64_s4,4096,10240,8192,4141.6
cutlass_64x64_s3,4096,10240,8192,4192.9
cutlass_64x128_s4,4096,10240,8192,3225.8
cutlass_64x128_s3,4096,10240,8192,3261.1
cutlass_128x64_s4,4096,10240,8192,3174.2
cutlass_128x64_s3,4096,10240,8192,3200.1
cutlass_128x128_s4,4096,10240,8192,2698.5
cutlass_128x128_s3,4096,10240,8192,2736.8
cutlass_128x256_s3,4096,10240,8192,2552.4
cutlass_256x64_s4,4096,10240,8192,2912.2
cutlass_256x64_s3,4096,10240,8192,2928.1
cutlass_64x64_s4_sk2,4096,10240,8192,4996.8
cutlass_64x64_s4_sk4,4096,10240,8192,5595.5
cutlass_64x64_s4_sk8,4096,10240,8192,6769.7
cutlass_128x128_s3_sk2,4096,10240,8192,3971.8
cutlass_128x128_s3_sk4,4096,10240,8192,4468.3
cutlass_128x128_s3_sk8,4096,10240,8192,6035.4
cutlass_64x128_s4_sk2,4096,10240,8192,4092.9
cutlass_64x128_s4_sk4,4096,10240,8192,4718.6
cutlass_64x128_s4_sk8,4096,10240,8192,5879.7
cutlass_32x64_s4_sk4,4096,10240,8192,7248.8
cutlass_32x64_s4_sk8,4096,10240,8192,8425.5
cutlass_32x64_s4_sk16,4096,10240,8192,10619.7
cutlass_128x128_s4_sk2,4096,10240,8192,3701.0
cutlass_128x128_s4_sk4,4096,10240,8192,4347.1
cutlass_128x128_s4_sk8,4096,10240,8192,5738.2
cutlass_128x64_s4_sk2,4096,10240,8192,4063.0
cutlass_128x64_s4_sk4,4096,10240,8192,4705.8
cutlass_128x64_s4_sk8,4096,10240,8192,5880.9
cutlass_256x64_s4_sk2,4096,10240,8192,3758.6
cutlass_256x64_s4_sk4,4096,10240,8192,4450.2
cutlass_64x64_s4_sk16,4096,10240,8192,9342.6
cutlass_64x128_s4_sk16,4096,10240,8192,8564.0
cutlass_64x64_k64_s4,4096,10240,8192,3935.7
cutlass_64x64_k64_s3,4096,10240,8192,3952.9
cutlass_64x128_k64_s4,4096,10240,8192,3092.2
cutlass_64x128_k64_s3,4096,10240,8192,3079.8
cutlass_128x64_k64_s4,4096,10240,8192,3074.0
cutlass_128x64_k64_s3,4096,10240,8192,3067.5
cutlass_128x128_k64_s4,4096,10240,8192,0.0
cutlass_128x128_k64_s3,4096,10240,8192,2512.6
cutlass_256x64_k64_s4,4096,10240,8192,0.0
cutlass_256x64_k64_s3,4096,10240,8192,0.0
cutlass_128x256_k64_s3,4096,10240,8192,0.0
cutlass_32x64_k64_s4,4096,10240,8192,5753.3
cutlass_32x128_k64_s4,4096,10240,8192,4741.6
cutlass_64x64_k64_s4_sk2,4096,10240,8192,5886.7
cutlass_64x64_k64_s4_sk4,4096,10240,8192,5437.1
cutlass_64x64_k64_s4_sk8,4096,10240,8192,6768.0
cutlass_128x128_k64_s3_sk2,4096,10240,8192,3573.3
cutlass_128x128_k64_s3_sk4,4096,10240,8192,4267.5
cutlass_128x128_k64_s2,4096,10240,8192,2808.8
cutlass_64x64_k64_s2,4096,10240,8192,4165.4
cutlass_64x128_k64_s2,4096,10240,8192,3264.2
cutlass_128x64_k64_s2,4096,10240,8192,3219.7
cutlass_256x64_k64_s2,4096,10240,8192,3243.4
cutlass_256x128_s2,4096,10240,8192,0.0
cutlass_64x64_s2,4096,10240,8192,4315.4
cutlass_64x128_s2,4096,10240,8192,3415.9
cutlass_128x64_s2,4096,10240,8192,3533.3
cutlass_128x128_s2,4096,10240,8192,3145.9
cutlass_128x256_s2,4096,10240,8192,2599.6
cutlass_256x64_s2,4096,10240,8192,3282.0
cublas,1,28672,8192,627.0
cutlass_32x64_s4,1,28672,8192,699.5
cutlass_32x64_s3,1,28672,8192,702.4
cutlass_32x128_s4,1,28672,8192,700.0
cutlass_32x128_s3,1,28672,8192,703.3
cutlass_32x256_s3,1,28672,8192,703.5
cutlass_64x64_s4,1,28672,8192,727.9
cutlass_64x64_s3,1,28672,8192,702.5
cutlass_64x128_s4,1,28672,8192,700.9
cutlass_64x128_s3,1,28672,8192,703.6
cutlass_128x64_s4,1,28672,8192,715.8
cutlass_128x64_s3,1,28672,8192,719.7
cutlass_128x128_s4,1,28672,8192,715.5
cutlass_128x128_s3,1,28672,8192,723.7
cutlass_128x256_s3,1,28672,8192,713.3
cutlass_256x64_s4,1,28672,8192,780.1
cutlass_256x64_s3,1,28672,8192,789.3
cutlass_64x64_s4_sk2,1,28672,8192,709.0
cutlass_64x64_s4_sk4,1,28672,8192,706.3
cutlass_64x64_s4_sk8,1,28672,8192,709.3
cutlass_128x128_s3_sk2,1,28672,8192,731.8
cutlass_128x128_s3_sk4,1,28672,8192,726.6
cutlass_128x128_s3_sk8,1,28672,8192,723.9
cutlass_64x128_s4_sk2,1,28672,8192,705.0
cutlass_64x128_s4_sk4,1,28672,8192,708.6
cutlass_64x128_s4_sk8,1,28672,8192,712.1
cutlass_32x64_s4_sk4,1,28672,8192,705.7
cutlass_32x64_s4_sk8,1,28672,8192,710.4
cutlass_32x64_s4_sk16,1,28672,8192,715.8
cutlass_128x128_s4_sk2,1,28672,8192,731.8
cutlass_128x128_s4_sk4,1,28672,8192,717.9
cutlass_128x128_s4_sk8,1,28672,8192,714.8
cutlass_128x64_s4_sk2,1,28672,8192,723.6
cutlass_128x64_s4_sk4,1,28672,8192,714.3
cutlass_128x64_s4_sk8,1,28672,8192,710.7
cutlass_256x64_s4_sk2,1,28672,8192,738.7
cutlass_256x64_s4_sk4,1,28672,8192,728.0
cutlass_64x64_s4_sk16,1,28672,8192,710.1
cutlass_64x128_s4_sk16,1,28672,8192,718.9
cutlass_64x64_k64_s4,1,28672,8192,700.1
cutlass_64x64_k64_s3,1,28672,8192,687.1
cutlass_64x128_k64_s4,1,28672,8192,696.3
cutlass_64x128_k64_s3,1,28672,8192,703.2
cutlass_128x64_k64_s4,1,28672,8192,725.1
cutlass_128x64_k64_s3,1,28672,8192,722.4
cutlass_128x128_k64_s4,1,28672,8192,0.0
cutlass_128x128_k64_s3,1,28672,8192,713.9
cutlass_256x64_k64_s4,1,28672,8192,0.0
cutlass_256x64_k64_s3,1,28672,8192,0.0
cutlass_128x256_k64_s3,1,28672,8192,0.0
cutlass_32x64_k64_s4,1,28672,8192,691.0
cutlass_32x128_k64_s4,1,28672,8192,696.0
cutlass_64x64_k64_s4_sk2,1,28672,8192,695.8
cutlass_64x64_k64_s4_sk4,1,28672,8192,687.0
cutlass_64x64_k64_s4_sk8,1,28672,8192,686.2
cutlass_128x128_k64_s3_sk2,1,28672,8192,729.5
cutlass_128x128_k64_s3_sk4,1,28672,8192,715.2
cutlass_128x128_k64_s2,1,28672,8192,724.0
cutlass_64x64_k64_s2,1,28672,8192,753.3
cutlass_64x128_k64_s2,1,28672,8192,704.8
cutlass_128x64_k64_s2,1,28672,8192,721.9
cutlass_256x64_k64_s2,1,28672,8192,804.9
cutlass_256x128_s2,1,28672,8192,0.0
cutlass_64x64_s2,1,28672,8192,708.7
cutlass_64x128_s2,1,28672,8192,708.3
cutlass_128x64_s2,1,28672,8192,826.7
cutlass_128x128_s2,1,28672,8192,728.8
cutlass_128x256_s2,1,28672,8192,713.0
cutlass_256x64_s2,1,28672,8192,835.8
cutlass_gemv,1,28672,8192,647.9
cublas,2,28672,8192,677.3
cutlass_32x64_s4,2,28672,8192,699.5
cutlass_32x64_s3,2,28672,8192,699.8
cutlass_32x128_s4,2,28672,8192,699.2
cutlass_32x128_s3,2,28672,8192,701.3
cutlass_32x256_s3,2,28672,8192,703.7
cutlass_64x64_s4,2,28672,8192,720.2
cutlass_64x64_s3,2,28672,8192,700.0
cutlass_64x128_s4,2,28672,8192,700.5
cutlass_64x128_s3,2,28672,8192,701.6
cutlass_128x64_s4,2,28672,8192,714.0
cutlass_128x64_s3,2,28672,8192,718.5
cutlass_128x128_s4,2,28672,8192,719.3
cutlass_128x128_s3,2,28672,8192,721.2
cutlass_128x256_s3,2,28672,8192,711.1
cutlass_256x64_s4,2,28672,8192,783.6
cutlass_256x64_s3,2,28672,8192,792.5
cutlass_64x64_s4_sk2,2,28672,8192,711.8
cutlass_64x64_s4_sk4,2,28672,8192,710.8
cutlass_64x64_s4_sk8,2,28672,8192,715.5
cutlass_128x128_s3_sk2,2,28672,8192,734.1
cutlass_128x128_s3_sk4,2,28672,8192,729.0
cutlass_128x128_s3_sk8,2,28672,8192,729.0
cutlass_64x128_s4_sk2,2,28672,8192,707.8
cutlass_64x128_s4_sk4,2,28672,8192,714.7
cutlass_64x128_s4_sk8,2,28672,8192,719.1
cutlass_32x64_s4_sk4,2,28672,8192,711.6
cutlass_32x64_s4_sk8,2,28672,8192,717.8
cutlass_32x64_s4_sk16,2,28672,8192,725.8
cutlass_128x128_s4_sk2,2,28672,8192,733.6
cutlass_128x128_s4_sk4,2,28672,8192,720.3
cutlass_128x128_s4_sk8,2,28672,8192,718.4
cutlass_128x64_s4_sk2,2,28672,8192,725.5
cutlass_128x64_s4_sk4,2,28672,8192,715.7
cutlass_128x64_s4_sk8,2,28672,8192,715.3
cutlass_256x64_s4_sk2,2,28672,8192,741.2
cutlass_256x64_s4_sk4,2,28672,8192,731.0
cutlass_64x64_s4_sk16,2,28672,8192,721.3
cutlass_64x128_s4_sk16,2,28672,8192,729.4
cutlass_64x64_k64_s4,2,28672,8192,700.6
cutlass_64x64_k64_s3,2,28672,8192,686.2
cutlass_64x128_k64_s4,2,28672,8192,696.9
cutlass_64x128_k64_s3,2,28672,8192,704.1
cutlass_128x64_k64_s4,2,28672,8192,725.6
cutlass_128x64_k64_s3,2,28672,8192,725.6
cutlass_128x128_k64_s4,2,28672,8192,0.0
cutlass_128x128_k64_s3,2,28672,8192,714.2
cutlass_256x64_k64_s4,2,28672,8192,0.0
cutlass_256x64_k64_s3,2,28672,8192,0.0
cutlass_128x256_k64_s3,2,28672,8192,0.0
cutlass_32x64_k64_s4,2,28672,8192,691.7
cutlass_32x128_k64_s4,2,28672,8192,697.2
cutlass_64x64_k64_s4_sk2,2,28672,8192,695.8
cutlass_64x64_k64_s4_sk4,2,28672,8192,687.2
cutlass_64x64_k64_s4_sk8,2,28672,8192,688.6
cutlass_128x128_k64_s3_sk2,2,28672,8192,733.0
cutlass_128x128_k64_s3_sk4,2,28672,8192,715.5
cutlass_128x128_k64_s2,2,28672,8192,721.5
cutlass_64x64_k64_s2,2,28672,8192,753.9
cutlass_64x128_k64_s2,2,28672,8192,703.0
cutlass_128x64_k64_s2,2,28672,8192,719.5
cutlass_256x64_k64_s2,2,28672,8192,808.2
cutlass_256x128_s2,2,28672,8192,0.0
cutlass_64x64_s2,2,28672,8192,706.4
cutlass_64x128_s2,2,28672,8192,706.1
cutlass_128x64_s2,2,28672,8192,836.0
cutlass_128x128_s2,2,28672,8192,725.8
cutlass_128x256_s2,2,28672,8192,712.0
cutlass_256x64_s2,2,28672,8192,838.9
cublas,4,28672,8192,673.2
cutlass_32x64_s4,4,28672,8192,700.0
cutlass_32x64_s3,4,28672,8192,703.7
cutlass_32x128_s4,4,28672,8192,700.5
cutlass_32x128_s3,4,28672,8192,704.5
cutlass_32x256_s3,4,28672,8192,705.2
cutlass_64x64_s4,4,28672,8192,721.5
cutlass_64x64_s3,4,28672,8192,703.7
cutlass_64x128_s4,4,28672,8192,702.0
cutlass_64x128_s3,4,28672,8192,704.9
cutlass_128x64_s4,4,28672,8192,719.5
cutlass_128x64_s3,4,28672,8192,725.0
cutlass_128x128_s4,4,28672,8192,720.0
cutlass_128x128_s3,4,28672,8192,728.1
cutlass_128x256_s3,4,28672,8192,713.6
cutlass_256x64_s4,4,28672,8192,782.4
cutlass_256x64_s3,4,28672,8192,794.6
cutlass_64x64_s4_sk2,4,28672,8192,717.2
cutlass_64x64_s4_sk4,4,28672,8192,719.1
cutlass_64x64_s4_sk8,4,28672,8192,729.6
cutlass_128x128_s3_sk2,4,28672,8192,739.1
cutlass_128x128_s3_sk4,4,28672,8192,736.5
cutlass_128x128_s3_sk8,4,28672,8192,745.4
cutlass_64x128_s4_sk2,4,28672,8192,711.5
cutlass_64x128_s4_sk4,4,28672,8192,719.7
cutlass_64x128_s4_sk8,4,28672,8192,731.9
cutlass_32x64_s4_sk4,4,28672,8192,717.9
cutlass_32x64_s4_sk8,4,28672,8192,730.6
cutlass_32x64_s4_sk16,4,28672,8192,743.4
cutlass_128x128_s4_sk2,4,28672,8192,736.6
cutlass_128x128_s4_sk4,4,28672,8192,724.4
cutlass_128x128_s4_sk8,4,28672,8192,732.6
cutlass_128x64_s4_sk2,4,28672,8192,731.6
cutlass_128x64_s4_sk4,4,28672,8192,721.0
cutlass_128x64_s4_sk8,4,28672,8192,728.4
cutlass_256x64_s4_sk2,4,28672,8192,746.9
cutlass_256x64_s4_sk4,4,28672,8192,738.3
cutlass_64x64_s4_sk16,4,28672,8192,739.6
cutlass_64x128_s4_sk16,4,28672,8192,746.4
cutlass_64x64_k64_s4,4,28672,8192,697.6
cutlass_64x64_k64_s3,4,28672,8192,688.0
cutlass_64x128_k64_s4,4,28672,8192,699.5
cutlass_64x128_k64_s3,4,28672,8192,705.3
cutlass_128x64_k64_s4,4,28672,8192,722.6
cutlass_128x64_k64_s3,4,28672,8192,722.3
cutlass_128x128_k64_s4,4,28672,8192,0.0
cutlass_128x128_k64_s3,4,28672,8192,717.6
cutlass_256x64_k64_s4,4,28672,8192,0.0
cutlass_256x64_k64_s3,4,28672,8192,0.0
cutlass_128x256_k64_s3,4,28672,8192,0.0
cutlass_32x64_k64_s4,4,28672,8192,693.3
cutlass_32x128_k64_s4,4,28672,8192,699.4
cutlass_64x64_k64_s4_sk2,4,28672,8192,703.9
cutlass_64x64_k64_s4_sk4,4,28672,8192,694.0
cutlass_64x64_k64_s4_sk8,4,28672,8192,699.7
cutlass_128x128_k64_s3_sk2,4,28672,8192,735.3
cutlass_128x128_k64_s3_sk4,4,28672,8192,720.7
cutlass_128x128_k64_s2,4,28672,8192,728.3
cutlass_64x64_k64_s2,4,28672,8192,755.9
cutlass_64x128_k64_s2,4,28672,8192,704.6
cutlass_128x64_k64_s2,4,28672,8192,728.4
cutlass_256x64_k64_s2,4,28672,8192,810.1
cutlass_256x128_s2,4,28672,8192,0.0
cutlass_64x64_s2,4,28672,8192,707.7
cutlass_64x128_s2,4,28672,8192,707.8
cutlass_128x64_s2,4,28672,8192,837.8
cutlass_128x128_s2,4,28672,8192,733.7
cutlass_128x256_s2,4,28672,8192,712.8
cutlass_256x64_s2,4,28672,8192,839.8
cublas,8,28672,8192,672.3
cutlass_32x64_s4,8,28672,8192,703.7
cutlass_32x64_s3,8,28672,8192,707.0
cutlass_32x128_s4,8,28672,8192,705.2
cutlass_32x128_s3,8,28672,8192,706.8
cutlass_32x256_s3,8,28672,8192,707.1
cutlass_64x64_s4,8,28672,8192,724.0
cutlass_64x64_s3,8,28672,8192,706.9
cutlass_64x128_s4,8,28672,8192,705.9
cutlass_64x128_s3,8,28672,8192,706.9
cutlass_128x64_s4,8,28672,8192,720.8
cutlass_128x64_s3,8,28672,8192,720.8
cutlass_128x128_s4,8,28672,8192,722.9
cutlass_128x128_s3,8,28672,8192,725.1
cutlass_128x256_s3,8,28672,8192,713.6
cutlass_256x64_s4,8,28672,8192,785.6
cutlass_256x64_s3,8,28672,8192,795.6
cutlass_64x64_s4_sk2,8,28672,8192,722.5
cutlass_64x64_s4_sk4,8,28672,8192,731.8
cutlass_64x64_s4_sk8,8,28672,8192,745.2
cutlass_128x128_s3_sk2,8,28672,8192,748.2
cutlass_128x128_s3_sk4,8,28672,8192,747.3
cutlass_128x128_s3_sk8,8,28672,8192,759.4
cutlass_64x128_s4_sk2,8,28672,8192,717.7
cutlass_64x128_s4_sk4,8,28672,8192,729.8
cutlass_64x128_s4_sk8,8,28672,8192,747.1
cutlass_32x64_s4_sk4,8,28672,8192,728.1
cutlass_32x64_s4_sk8,8,28672,8192,745.4
cutlass_32x64_s4_sk16,8,28672,8192,769.8
cutlass_128x128_s4_sk2,8,28672,8192,745.5
cutlass_128x128_s4_sk4,8,28672,8192,737.0
cutlass_128x128_s4_sk8,8,28672,8192,748.2
cutlass_128x64_s4_sk2,8,28672,8192,738.8
cutlass_128x64_s4_sk4,8,28672,8192,733.9
cutlass_128x64_s4_sk8,8,28672,8192,744.2
cutlass_256x64_s4_sk2,8,28672,8192,756.3
cutlass_256x64_s4_sk4,8,28672,8192,753.9
cutlass_64x64_s4_sk16,8,28672,8192,764.9
cutlass_64x128_s4_sk16,8,28672,8192,771.9
cutlass_64x64_k64_s4,8,28672,8192,702.3
cutlass_64x64_k64_s3,8,28672,8192,690.5
cutlass_64x128_k64_s4,8,28672,8192,703.0
cutlass_64x128_k64_s3,8,28672,8192,710.0
cutlass_128x64_k64_s4,8,28672,8192,726.2
cutlass_128x64_k64_s3,8,28672,8192,727.4
cutlass_128x128_k64_s4,8,28672,8192,0.0
cutlass_128x128_k64_s3,8,28672,8192,720.7
cutlass_256x64_k64_s4,8,28672,8192,0.0
cutlass_256x64_k64_s3,8,28672,8192,0.0
cutlass_128x256_k64_s3,8,28672,8192,0.0
cutlass_32x64_k64_s4,8,28672,8192,697.7
cutlass_32x128_k64_s4,8,28672,8192,703.0
cutlass_64x64_k64_s4_sk2,8,28672,8192,711.7
cutlass_64x64_k64_s4_sk4,8,28672,8192,708.9
cutlass_64x64_k64_s4_sk8,8,28672,8192,715.5
cutlass_128x128_k64_s3_sk2,8,28672,8192,744.4
cutlass_128x128_k64_s3_sk4,8,28672,8192,732.6
cutlass_128x128_k64_s2,8,28672,8192,725.3
cutlass_64x64_k64_s2,8,28672,8192,757.5
cutlass_64x128_k64_s2,8,28672,8192,707.6
cutlass_128x64_k64_s2,8,28672,8192,722.3
cutlass_256x64_k64_s2,8,28672,8192,810.8
cutlass_256x128_s2,8,28672,8192,0.0
cutlass_64x64_s2,8,28672,8192,711.3
cutlass_64x128_s2,8,28672,8192,711.3
cutlass_128x64_s2,8,28672,8192,840.8
cutlass_128x128_s2,8,28672,8192,730.4
cutlass_128x256_s2,8,28672,8192,716.6
cutlass_256x64_s2,8,28672,8192,842.4
cublas,16,28672,8192,675.1
cutlass_32x64_s4,16,28672,8192,705.2
cutlass_32x64_s3,16,28672,8192,708.6
cutlass_32x128_s4,16,28672,8192,705.0
cutlass_32x128_s3,16,28672,8192,708.7
cutlass_32x256_s3,16,28672,8192,709.0
cutlass_64x64_s4,16,28672,8192,731.1
cutlass_64x64_s3,16,28672,8192,708.6
cutlass_64x128_s4,16,28672,8192,706.8
cutlass_64x128_s3,16,28672,8192,709.0
cutlass_128x64_s4,16,28672,8192,723.5
cutlass_128x64_s3,16,28672,8192,730.5
cutlass_128x128_s4,16,28672,8192,725.4
cutlass_128x128_s3,16,28672,8192,733.1
cutlass_128x256_s3,16,28672,8192,716.5
cutlass_256x64_s4,16,28672,8192,789.3
cutlass_256x64_s3,16,28672,8192,802.5
cutlass_64x64_s4_sk2,16,28672,8192,731.6
cutlass_64x64_s4_sk4,16,28672,8192,747.0
cutlass_64x64_s4_sk8,16,28672,8192,772.8
cutlass_128x128_s3_sk2,16,28672,8192,756.3
cutlass_128x128_s3_sk4,16,28672,8192,765.4
cutlass_128x128_s3_sk8,16,28672,8192,787.9
cutlass_64x128_s4_sk2,16,28672,8192,726.0
cutlass_64x128_s4_sk4,16,28672,8192,745.8
cutlass_64x128_s4_sk8,16,28672,8192,772.5
cutlass_32x64_s4_sk4,16,28672,8192,744.1
cutlass_32x64_s4_sk8,16,28672,8192,772.3
cutlass_32x64_s4_sk16,16,28672,8192,813.7
cutlass_128x128_s4_sk2,16,28672,8192,753.5
cutlass_128x128_s4_sk4,16,28672,8192,752.9
cutlass_128x128_s4_sk8,16,28672,8192,774.3
cutlass_128x64_s4_sk2,16,28672,8192,747.6
cutlass_128x64_s4_sk4,16,28672,8192,748.5
cutlass_128x64_s4_sk8,16,28672,8192,770.3
cutlass_256x64_s4_sk2,16,28672,8192,768.6
cutlass_256x64_s4_sk4,16,28672,8192,765.3
cutlass_64x64_s4_sk16,16,28672,8192,811.8
cutlass_64x128_s4_sk16,16,28672,8192,814.6
cutlass_64x64_k64_s4,16,28672,8192,703.7
cutlass_64x64_k64_s3,16,28672,8192,693.7
cutlass_64x128_k64_s4,16,28672,8192,705.4
cutlass_64x128_k64_s3,16,28672,8192,710.1
cutlass_128x64_k64_s4,16,28672,8192,728.2
cutlass_128x64_k64_s3,16,28672,8192,730.1
cutlass_128x128_k64_s4,16,28672,8192,0.0
cutlass_128x128_k64_s3,16,28672,8192,723.3
cutlass_256x64_k64_s4,16,28672,8192,0.0
cutlass_256x64_k64_s3,16,28672,8192,0.0
cutlass_128x256_k64_s3,16,28672,8192,0.0
cutlass_32x64_k64_s4,16,28672,8192,700.6
cutlass_32x128_k64_s4,16,28672,8192,704.8
cutlass_64x64_k64_s4_sk2,16,28672,8192,724.8
cutlass_64x64_k64_s4_sk4,16,28672,8192,720.1
cutlass_64x64_k64_s4_sk8,16,28672,8192,737.9
cutlass_128x128_k64_s3_sk2,16,28672,8192,753.1
cutlass_128x128_k64_s3_sk4,16,28672,8192,747.9
cutlass_128x128_k64_s2,16,28672,8192,733.0
cutlass_64x64_k64_s2,16,28672,8192,761.7
cutlass_64x128_k64_s2,16,28672,8192,710.2
cutlass_128x64_k64_s2,16,28672,8192,733.5
cutlass_256x64_k64_s2,16,28672,8192,816.9
cutlass_256x128_s2,16,28672,8192,0.0
cutlass_64x64_s2,16,28672,8192,713.2
cutlass_64x128_s2,16,28672,8192,713.6
cutlass_128x64_s2,16,28672,8192,842.7
cutlass_128x128_s2,16,28672,8192,737.5
cutlass_128x256_s2,16,28672,8192,717.7
cutlass_256x64_s2,16,28672,8192,846.3
cublas,32,28672,8192,744.8
cutlass_32x64_s4,32,28672,8192,712.2
cutlass_32x64_s3,32,28672,8192,714.7
cutlass_32x128_s4,32,28672,8192,711.4
cutlass_32x128_s3,32,28672,8192,715.2
cutlass_32x256_s3,32,28672,8192,714.4
cutlass_64x64_s4,32,28672,8192,735.0
cutlass_64x64_s3,32,28672,8192,714.7
cutlass_64x128_s4,32,28672,8192,713.5
cutlass_64x128_s3,32,28672,8192,715.4
cutlass_128x64_s4,32,28672,8192,728.8
cutlass_128x64_s3,32,28672,8192,731.2
cutlass_128x128_s4,32,28672,8192,732.9
cutlass_128x128_s3,32,28672,8192,734.8
cutlass_128x256_s3,32,28672,8192,719.8
cutlass_256x64_s4,32,28672,8192,796.4
cutlass_256x64_s3,32,28672,8192,807.1
cutlass_64x64_s4_sk2,32,28672,8192,746.4
cutlass_64x64_s4_sk4,32,28672,8192,775.8
cutlass_64x64_s4_sk8,32,28672,8192,817.5
cutlass_128x128_s3_sk2,32,28672,8192,774.0
cutlass_128x128_s3_sk4,32,28672,8192,789.7
cutlass_128x128_s3_sk8,32,28672,8192,828.6
cutlass_64x128_s4_sk2,32,28672,8192,741.7
cutlass_64x128_s4_sk4,32,28672,8192,770.9
cutlass_64x128_s4_sk8,32,28672,8192,817.2
cutlass_32x64_s4_sk4,32,28672,8192,769.5
cutlass_32x64_s4_sk8,32,28672,8192,816.1
cutlass_32x64_s4_sk16,32,28672,8192,899.4
cutlass_128x128_s4_sk2,32,28672,8192,770.2
cutlass_128x128_s4_sk4,32,28672,8192,779.9
cutlass_128x128_s4_sk8,32,28672,8192,817.1
cutlass_128x64_s4_sk2,32,28672,8192,764.2
cutlass_128x64_s4_sk4,32,28672,8192,776.3
cutlass_128x64_s4_sk8,32,28672,8192,814.3
cutlass_256x64_s4_sk2,32,28672,8192,786.5
cutlass_256x64_s4_sk4,32,28672,8192,797.8
cutlass_64x64_s4_sk16,32,28672,8192,898.4
cutlass_64x128_s4_sk16,32,28672,8192,900.5
cutlass_64x64_k64_s4,32,28672,8192,710.8
cutlass_64x64_k64_s3,32,28672,8192,699.3
cutlass_64x128_k64_s4,32,28672,8192,714.1
cutlass_64x128_k64_s3,32,28672,8192,718.7
cutlass_128x64_k64_s4,32,28672,8192,732.7
cutlass_128x64_k64_s3,32,28672,8192,737.8
cutlass_128x128_k64_s4,32,28672,8192,0.0
cutlass_128x128_k64_s3,32,28672,8192,730.0
cutlass_256x64_k64_s4,32,28672,8192,0.0
cutlass_256x64_k64_s3,32,28672,8192,0.0
cutlass_128x256_k64_s3,32,28672,8192,0.0
cutlass_32x64_k64_s4,32,28672,8192,710.7
cutlass_32x128_k64_s4,32,28672,8192,713.8
cutlass_64x64_k64_s4_sk2,32,28672,8192,739.9
cutlass_64x64_k64_s4_sk4,32,28672,8192,748.7
cutlass_64x64_k64_s4_sk8,32,28672,8192,781.9
cutlass_128x128_k64_s3_sk2,32,28672,8192,769.5
cutlass_128x128_k64_s3_sk4,32,28672,8192,774.3
cutlass_128x128_k64_s2,32,28672,8192,735.1
cutlass_64x64_k64_s2,32,28672,8192,767.9
cutlass_64x128_k64_s2,32,28672,8192,716.4
cutlass_128x64_k64_s2,32,28672,8192,732.3
cutlass_256x64_k64_s2,32,28672,8192,821.8
cutlass_256x128_s2,32,28672,8192,0.0
cutlass_64x64_s2,32,28672,8192,722.8
cutlass_64x128_s2,32,28672,8192,720.8
cutlass_128x64_s2,32,28672,8192,847.0
cutlass_128x128_s2,32,28672,8192,740.1
cutlass_128x256_s2,32,28672,8192,723.8
cutlass_256x64_s2,32,28672,8192,853.6
cublas,64,28672,8192,756.9
cutlass_32x64_s4,64,28672,8192,739.8
cutlass_32x64_s3,64,28672,8192,734.7
cutlass_32x128_s4,64,28672,8192,736.1
cutlass_32x128_s3,64,28672,8192,761.1
cutlass_32x256_s3,64,28672,8192,747.9
cutlass_64x64_s4,64,28672,8192,727.7
cutlass_64x64_s3,64,28672,8192,719.5
cutlass_64x128_s4,64,28672,8192,721.2
cutlass_64x128_s3,64,28672,8192,720.1
cutlass_128x64_s4,64,28672,8192,735.8
cutlass_128x64_s3,64,28672,8192,746.4
cutlass_128x128_s4,64,28672,8192,740.2
cutlass_128x128_s3,64,28672,8192,748.2
cutlass_128x256_s3,64,28672,8192,726.1
cutlass_256x64_s4,64,28672,8192,805.3
cutlass_256x64_s3,64,28672,8192,824.6
cutlass_64x64_s4_sk2,64,28672,8192,764.8
cutlass_64x64_s4_sk4,64,28672,8192,818.0
cutlass_64x64_s4_sk8,64,28672,8192,902.5
cutlass_128x128_s3_sk2,64,28672,8192,798.9
cutlass_128x128_s3_sk4,64,28672,8192,838.7
cutlass_128x128_s3_sk8,64,28672,8192,918.1
cutlass_64x128_s4_sk2,64,28672,8192,768.7
cutlass_64x128_s4_sk4,64,28672,8192,818.9
cutlass_64x128_s4_sk8,64,28672,8192,904.0
cutlass_32x64_s4_sk4,64,28672,8192,1301.7
cutlass_32x64_s4_sk8,64,28672,8192,964.4
cutlass_32x64_s4_sk16,64,28672,8192,1131.1
cutlass_128x128_s4_sk2,64,28672,8192,792.0
cutlass_128x128_s4_sk4,64,28672,8192,825.8
cutlass_128x128_s4_sk8,64,28672,8192,904.8
cutlass_128x64_s4_sk2,64,28672,8192,788.3
cutlass_128x64_s4_sk4,64,28672,8192,822.5
cutlass_128x64_s4_sk8,64,28672,8192,903.5
cutlass_256x64_s4_sk2,64,28672,8192,816.2
cutlass_256x64_s4_sk4,64,28672,8192,840.4
cutlass_64x64_s4_sk16,64,28672,8192,1098.7
cutlass_64x128_s4_sk16,64,28672,8192,1100.0
cutlass_64x64_k64_s4,64,28672,8192,715.4
cutlass_64x64_k64_s3,64,28672,8192,709.7
cutlass_64x128_k64_s4,64,28672,8192,721.9
cutlass_64x128_k64_s3,64,28672,8192,724.9
cutlass_128x64_k64_s4,64,28672,8192,738.8
cutlass_128x64_k64_s3,64,28672,8192,743.6
cutlass_128x128_k64_s4,64,28672,8192,0.0
cutlass_128x128_k64_s3,64,28672,8192,738.2
cutlass_256x64_k64_s4,64,28672,8192,0.0
cutlass_256x64_k64_s3,64,28672,8192,0.0
cutlass_128x256_k64_s3,64,28672,8192,0.0
cutlass_32x64_k64_s4,64,28672,8192,732.7
cutlass_32x128_k64_s4,64,28672,8192,741.4
cutlass_64x64_k64_s4_sk2,64,28672,8192,770.5
cutlass_64x64_k64_s4_sk4,64,28672,8192,793.9
cutlass_64x64_k64_s4_sk8,64,28672,8192,864.6
cutlass_128x128_k64_s3_sk2,64,28672,8192,792.8
cutlass_128x128_k64_s3_sk4,64,28672,8192,819.5
cutlass_128x128_k64_s2,64,28672,8192,747.2
cutlass_64x64_k64_s2,64,28672,8192,778.0
cutlass_64x128_k64_s2,64,28672,8192,722.8
cutlass_128x64_k64_s2,64,28672,8192,749.6
cutlass_256x64_k64_s2,64,28672,8192,838.4
cutlass_256x128_s2,64,28672,8192,0.0
cutlass_64x64_s2,64,28672,8192,732.0
cutlass_64x128_s2,64,28672,8192,726.3
cutlass_128x64_s2,64,28672,8192,850.1
cutlass_128x128_s2,64,28672,8192,752.8
cutlass_128x256_s2,64,28672,8192,728.2
cutlass_256x64_s2,64,28672,8192,873.2
cublas,128,28672,8192,763.9
cutlass_32x64_s4,128,28672,8192,777.7
cutlass_32x64_s3,128,28672,8192,771.9
cutlass_32x128_s4,128,28672,8192,797.2
cutlass_32x128_s3,128,28672,8192,821.1
cutlass_32x256_s3,128,28672,8192,845.6
cutlass_64x64_s4,128,28672,8192,764.8
cutlass_64x64_s3,128,28672,8192,757.6
cutlass_64x128_s4,128,28672,8192,757.6
cutlass_64x128_s3,128,28672,8192,756.7
cutlass_128x64_s4,128,28672,8192,757.6
cutlass_128x64_s3,128,28672,8192,754.3
cutlass_128x128_s4,128,28672,8192,750.5
cutlass_128x128_s3,128,28672,8192,753.8
cutlass_128x256_s3,128,28672,8192,733.8
cutlass_256x64_s4,128,28672,8192,830.0
cutlass_256x64_s3,128,28672,8192,852.6
cutlass_64x64_s4_sk2,128,28672,8192,1549.6
cutlass_64x64_s4_sk4,128,28672,8192,1494.6
cutlass_64x64_s4_sk8,128,28672,8192,1227.0
cutlass_128x128_s3_sk2,128,28672,8192,852.8
cutlass_128x128_s3_sk4,128,28672,8192,930.0
cutlass_128x128_s3_sk8,128,28672,8192,1116.2
cutlass_64x128_s4_sk2,128,28672,8192,1360.0
cutlass_64x128_s4_sk4,128,28672,8192,1417.2
cutlass_64x128_s4_sk8,128,28672,8192,1212.1
cutlass_32x64_s4_sk4,128,28672,8192,2323.2
cutlass_32x64_s4_sk8,128,28672,8192,1433.0
cutlass_32x64_s4_sk16,128,28672,8192,1656.5
cutlass_128x128_s4_sk2,128,28672,8192,846.6
cutlass_128x128_s4_sk4,128,28672,8192,917.4
cutlass_128x128_s4_sk8,128,28672,8192,1104.7
cutlass_128x64_s4_sk2,128,28672,8192,832.5
cutlass_128x64_s4_sk4,128,28672,8192,913.1
cutlass_128x64_s4_sk8,128,28672,8192,1103.0
cutlass_256x64_s4_sk2,128,28672,8192,862.9
cutlass_256x64_s4_sk4,128,28672,8192,926.8
cutlass_64x64_s4_sk16,128,28672,8192,1483.2
cutlass_64x128_s4_sk16,128,28672,8192,1490.1
cutlass_64x64_k64_s4,128,28672,8192,715.8
cutlass_64x64_k64_s3,128,28672,8192,744.7
cutlass_64x128_k64_s4,128,28672,8192,759.8
cutlass_64x128_k64_s3,128,28672,8192,763.2
cutlass_128x64_k64_s4,128,28672,8192,759.9
cutlass_128x64_k64_s3,128,28672,8192,761.9
cutlass_128x128_k64_s4,128,28672,8192,0.0
cutlass_128x128_k64_s3,128,28672,8192,748.7
cutlass_256x64_k64_s4,128,28672,8192,0.0
cutlass_256x64_k64_s3,128,28672,8192,0.0
cutlass_128x256_k64_s3,128,28672,8192,0.0
cutlass_32x64_k64_s4,128,28672,8192,723.7
cutlass_32x128_k64_s4,128,28672,8192,748.2
cutlass_64x64_k64_s4_sk2,128,28672,8192,1543.4
cutlass_64x64_k64_s4_sk4,128,28672,8192,1466.2
cutlass_64x64_k64_s4_sk8,128,28672,8192,1208.4
cutlass_128x128_k64_s3_sk2,128,28672,8192,847.5
cutlass_128x128_k64_s3_sk4,128,28672,8192,908.3
cutlass_128x128_k64_s2,128,28672,8192,755.7
cutlass_64x64_k64_s2,128,28672,8192,797.0
cutlass_64x128_k64_s2,128,28672,8192,754.1
cutlass_128x64_k64_s2,128,28672,8192,754.4
cutlass_256x64_k64_s2,128,28672,8192,867.1
cutlass_256x128_s2,128,28672,8192,0.0
cutlass_64x64_s2,128,28672,8192,761.4
cutlass_64x128_s2,128,28672,8192,832.1
cutlass_128x64_s2,128,28672,8192,845.2
cutlass_128x128_s2,128,28672,8192,759.2
cutlass_128x256_s2,128,28672,8192,736.8
cutlass_256x64_s2,128,28672,8192,913.0
cublas,256,28672,8192,806.1
cutlass_32x64_s4,256,28672,8192,1040.4
cutlass_32x64_s3,256,28672,8192,1075.1
cutlass_32x128_s4,256,28672,8192,916.0
cutlass_32x128_s3,256,28672,8192,956.2
cutlass_32x256_s3,256,28672,8192,941.6
cutlass_64x64_s4,256,28672,8192,807.0
cutlass_64x64_s3,256,28672,8192,864.7
cutlass_64x128_s4,256,28672,8192,806.3
cutlass_64x128_s3,256,28672,8192,858.8
cutlass_128x64_s4,256,28672,8192,795.8
cutlass_128x64_s3,256,28672,8192,862.4
cutlass_128x128_s4,256,28672,8192,845.5
cutlass_128x128_s3,256,28672,8192,861.9
cutlass_128x256_s3,256,28672,8192,795.4
cutlass_256x64_s4,256,28672,8192,861.2
cutlass_256x64_s3,256,28672,8192,881.1
cutlass_64x64_s4_sk2,256,28672,8192,3128.4
cutlass_64x64_s4_sk4,256,28672,8192,2894.5
cutlass_64x64_s4_sk8,256,28672,8192,1880.9
cutlass_128x128_s3_sk2,256,28672,8192,1695.9
cutlass_128x128_s3_sk4,256,28672,8192,1702.9
cutlass_128x128_s3_sk8,256,28672,8192,1679.1
cutlass_64x128_s4_sk2,256,28672,8192,2665.7
cutlass_64x128_s4_sk4,256,28672,8192,2570.9
cutlass_64x128_s4_sk8,256,28672,8192,1793.6
cutlass_32x64_s4_sk4,256,28672,8192,4523.8
cutlass_32x64_s4_sk8,256,28672,8192,2250.4
cutlass_32x64_s4_sk16,256,28672,8192,2636.0
cutlass_128x128_s4_sk2,256,28672,8192,1681.8
cutlass_128x128_s4_sk4,256,28672,8192,1692.2
cutlass_128x128_s4_sk8,256,28672,8192,1648.2
cutlass_128x64_s4_sk2,256,28672,8192,1674.2
cutlass_128x64_s4_sk4,256,28672,8192,1717.7
cutlass_128x64_s4_sk8,256,28672,8192,1661.3
cutlass_256x64_s4_sk2,256,28672,8192,970.1
cutlass_256x64_s4_sk4,256,28672,8192,1148.1
cutlass_64x64_s4_sk16,256,28672,8192,2334.3
cutlass_64x128_s4_sk16,256,28672,8192,2252.3
cutlass_64x64_k64_s4,256,28672,8192,757.1
cutlass_64x64_k64_s3,256,28672,8192,750.5
cutlass_64x128_k64_s4,256,28672,8192,763.5
cutlass_64x128_k64_s3,256,28672,8192,756.3
cutlass_128x64_k64_s4,256,28672,8192,755.8
cutlass_128x64_k64_s3,256,28672,8192,748.4
cutlass_128x128_k64_s4,256,28672,8192,0.0
cutlass_128x128_k64_s3,256,28672,8192,843.1
cutlass_256x64_k64_s4,256,28672,8192,0.0
cutlass_256x64_k64_s3,256,28672,8192,0.0
cutlass_128x256_k64_s3,256,28672,8192,0.0
cutlass_32x64_k64_s4,256,28672,8192,1016.6
cutlass_32x128_k64_s4,256,28672,8192,862.1
cutlass_64x64_k64_s4_sk2,256,28672,8192,3086.8
cutlass_64x64_k64_s4_sk4,256,28672,8192,2839.6
cutlass_64x64_k64_s4_sk8,256,28672,8192,1855.0
cutlass_128x128_k64_s3_sk2,256,28672,8192,1678.0
cutlass_128x128_k64_s3_sk4,256,28672,8192,1685.3
cutlass_128x128_k64_s2,256,28672,8192,890.0
cutlass_64x64_k64_s2,256,28672,8192,859.3
cutlass_64x128_k64_s2,256,28672,8192,881.2
cutlass_128x64_k64_s2,256,28672,8192,888.1
cutlass_256x64_k64_s2,256,28672,8192,927.1
cutlass_256x128_s2,256,28672,8192,0.0
cutlass_64x64_s2,256,28672,8192,897.0
cutlass_64x128_s2,256,28672,8192,899.0
cutlass_128x64_s2,256,28672,8192,861.6
cutlass_128x128_s2,256,28672,8192,915.7
cutlass_128x256_s2,256,28672,8192,803.6
cutlass_256x64_s2,256,28672,8192,971.7
cublas,512,28672,8192,1167.4
cutlass_32x64_s4,512,28672,8192,2055.9
cutlass_32x64_s3,512,28672,8192,2092.2
cutlass_32x128_s4,512,28672,8192,1766.6
cutlass_32x128_s3,512,28672,8192,1768.1
cutlass_32x256_s3,512,28672,8192,1624.3
cutlass_64x64_s4,512,28672,8192,1468.7
cutlass_64x64_s3,512,28672,8192,1533.6
cutlass_64x128_s4,512,28672,8192,1138.5
cutlass_64x128_s3,512,28672,8192,1184.9
cutlass_128x64_s4,512,28672,8192,1153.6
cutlass_128x64_s3,512,28672,8192,1231.2
cutlass_128x128_s4,512,28672,8192,979.2
cutlass_128x128_s3,512,28672,8192,1042.5
cutlass_128x256_s3,512,28672,8192,1093.7
cutlass_256x64_s4,512,28672,8192,1094.3
cutlass_256x64_s3,512,28672,8192,1104.4
cutlass_64x64_s4_sk2,512,28672,8192,6280.3
cutlass_64x64_s4_sk4,512,28672,8192,5676.9
cutlass_64x64_s4_sk8,512,28672,8192,3318.1
cutlass_128x128_s3_sk2,512,28672,8192,3401.0
cutlass_128x128_s3_sk4,512,28672,8192,3220.5
cutlass_128x128_s3_sk8,512,28672,8192,2873.8
cutlass_64x128_s4_sk2,512,28672,8192,5592.1
cutlass_64x128_s4_sk4,512,28672,8192,4875.7
cutlass_64x128_s4_sk8,512,28672,8192,3277.7
cutlass_32x64_s4_sk4,512,28672,8192,9129.4
cutlass_32x64_s4_sk8,512,28672,8192,3907.0
cutlass_32x64_s4_sk16,512,28672,8192,4554.8
cutlass_128x128_s4_sk2,512,28672,8192,3377.2
cutlass_128x128_s4_sk4,512,28672,8192,3271.5
cutlass_128x128_s4_sk8,512,28672,8192,2903.2
cutlass_128x64_s4_sk2,512,28672,8192,3375.9
cutlass_128x64_s4_sk4,512,28672,8192,3375.6
cutlass_128x64_s4_sk8,512,28672,8192,3024.9
cutlass_256x64_s4_sk2,512,28672,8192,1945.5
cutlass_256x64_s4_sk4,512,28672,8192,2267.8
cutlass_64x64_s4_sk16,512,28672,8192,3964.8
cutlass_64x128_s4_sk16,512,28672,8192,4036.8
cutlass_64x64_k64_s4,512,28672,8192,1434.3
cutlass_64x64_k64_s3,512,28672,8192,1408.9
cutlass_64x128_k64_s4,512,28672,8192,1100.9
cutlass_64x128_k64_s3,512,28672,8192,1114.2
cutlass_128x64_k64_s4,512,28672,8192,1115.2
cutlass_128x64_k64_s3,512,28672,8192,1114.9
cutlass_128x128_k64_s4,512,28672,8192,0.0
cutlass_128x128_k64_s3,512,28672,8192,942.7
cutlass_256x64_k64_s4,512,28672,8192,0.0
cutlass_256x64_k64_s3,512,28672,8192,0.0
cutlass_128x256_k64_s3,512,28672,8192,0.0
cutlass_32x64_k64_s4,512,28672,8192,2047.0
cutlass_32x128_k64_s4,512,28672,8192,1691.8
cutlass_64x64_k64_s4_sk2,512,28672,8192,6176.0
cutlass_64x64_k64_s4_sk4,512,28672,8192,5556.4
cutlass_64x64_k64_s4_sk8,512,28672,8192,3145.0
cutlass_128x128_k64_s3_sk2,512,28672,8192,3359.7
cutlass_128x128_k64_s3_sk4,512,28672,8192,3310.7
cutlass_128x128_k64_s2,512,28672,8192,1076.9
cutlass_64x64_k64_s2,512,28672,8192,1492.8
cutlass_64x128_k64_s2,512,28672,8192,1177.8
cutlass_128x64_k64_s2,512,28672,8192,1195.0
cutlass_256x64_k64_s2,512,28672,8192,1191.4
cutlass_256x128_s2,512,28672,8192,0.0
cutlass_64x64_s2,512,28672,8192,1549.6
cutlass_64x128_s2,512,28672,8192,1285.9
cutlass_128x64_s2,512,28672,8192,1314.3
cutlass_128x128_s2,512,28672,8192,1242.3
cutlass_128x256_s2,512,28672,8192,1156.5
cutlass_256x64_s2,512,28672,8192,1264.7
cublas,1024,28672,8192,1774.0
cutlass_32x64_s4,1024,28672,8192,4145.2
cutlass_32x64_s3,1024,28672,8192,4132.7
cutlass_32x128_s4,1024,28672,8192,3474.2
cutlass_32x128_s3,1024,28672,8192,3445.9
cutlass_32x256_s3,1024,28672,8192,3185.4
cutlass_64x64_s4,1024,28672,8192,2901.8
cutlass_64x64_s3,1024,28672,8192,2917.0
cutlass_64x128_s4,1024,28672,8192,2249.8
cutlass_64x128_s3,1024,28672,8192,2275.5
cutlass_128x64_s4,1024,28672,8192,2244.9
cutlass_128x64_s3,1024,28672,8192,2271.7
cutlass_128x128_s4,1024,28672,8192,1919.8
cutlass_128x128_s3,1024,28672,8192,1954.0
cutlass_128x256_s3,1024,28672,8192,1831.6
cutlass_256x64_s4,1024,28672,8192,2009.9
cutlass_256x64_s3,1024,28672,8192,2072.0
cutlass_64x64_s4_sk2,1024,28672,8192,12571.6
cutlass_64x64_s4_sk4,1024,28672,8192,11345.8
cutlass_64x64_s4_sk8,1024,28672,8192,5621.7
cutlass_128x128_s3_sk2,1024,28672,8192,6775.3
cutlass_128x128_s3_sk4,1024,28672,8192,6328.5
cutlass_128x128_s3_sk8,1024,28672,8192,5047.3
cutlass_64x128_s4_sk2,1024,28672,8192,11829.3
cutlass_64x128_s4_sk4,1024,28672,8192,9920.3
cutlass_64x128_s4_sk8,1024,28672,8192,5389.6
cutlass_32x64_s4_sk4,1024,28672,8192,19212.2
cutlass_32x64_s4_sk8,1024,28672,8192,6863.1
cutlass_32x64_s4_sk16,1024,28672,8192,8315.2
cutlass_128x128_s4_sk2,1024,28672,8192,6719.2
cutlass_128x128_s4_sk4,1024,28672,8192,6575.5
cutlass_128x128_s4_sk8,1024,28672,8192,4881.8
cutlass_128x64_s4_sk2,1024,28672,8192,6733.1
cutlass_128x64_s4_sk4,1024,28672,8192,6762.9
cutlass_128x64_s4_sk8,1024,28672,8192,5336.8
cutlass_256x64_s4_sk2,1024,28672,8192,3872.1
cutlass_256x64_s4_sk4,1024,28672,8192,4485.7
cutlass_64x64_s4_sk16,1024,28672,8192,7168.8
cutlass_64x128_s4_sk16,1024,28672,8192,6930.8
cutlass_64x64_k64_s4,1024,28672,8192,2778.4
cutlass_64x64_k64_s3,1024,28672,8192,2745.1
cutlass_64x128_k64_s4,1024,28672,8192,2157.3
cutlass_64x128_k64_s3,1024,28672,8192,2163.9
cutlass_128x64_k64_s4,1024,28672,8192,2166.5
cutlass_128x64_k64_s3,1024,28672,8192,2152.0
cutlass_128x128_k64_s4,1024,28672,8192,0.0
cutlass_128x128_k64_s3,1024,28672,8192,1774.5
cutlass_256x64_k64_s4,1024,28672,8192,0.0
cutlass_256x64_k64_s3,1024,28672,8192,0.0
cutlass_128x256_k64_s3,1024,28672,8192,0.0
cutlass_32x64_k64_s4,1024,28672,8192,4028.6
cutlass_32x128_k64_s4,1024,28672,8192,3350.4
cutlass_64x64_k64_s4_sk2,1024,28672,8192,12321.2
cutlass_64x64_k64_s4_sk4,1024,28672,8192,11080.1
cutlass_64x64_k64_s4_sk8,1024,28672,8192,5462.7
cutlass_128x128_k64_s3_sk2,1024,28672,8192,6690.4
cutlass_128x128_k64_s3_sk4,1024,28672,8192,6616.3
cutlass_128x128_k64_s2,1024,28672,8192,1991.6
cutlass_64x64_k64_s2,1024,28672,8192,2917.2
cutlass_64x128_k64_s2,1024,28672,8192,2260.0
cutlass_128x64_k64_s2,1024,28672,8192,2268.0
cutlass_256x64_k64_s2,1024,28672,8192,2304.6
cutlass_256x128_s2,1024,28672,8192,0.0
cutlass_64x64_s2,1024,28672,8192,2983.9
cutlass_64x128_s2,1024,28672,8192,2473.3
cutlass_128x64_s2,1024,28672,8192,2517.2
cutlass_128x128_s2,1024,28672,8192,2351.0
cutlass_128x256_s2,1024,28672,8192,1835.0
cutlass_256x64_s2,1024,28672,8192,2340.5
cublas,2048,28672,8192,3365.4
cutlass_32x64_s4,2048,28672,8192,8192.7
cutlass_32x64_s3,2048,28672,8192,8313.6
cutlass_32x128_s4,2048,28672,8192,6920.2
cutlass_32x128_s3,2048,28672,8192,6949.7
cutlass_32x256_s3,2048,28672,8192,6293.8
cutlass_64x64_s4,2048,28672,8192,5798.7
cutlass_64x64_s3,2048,28672,8192,5817.0
cutlass_64x128_s4,2048,28672,8192,4466.1
cutlass_64x128_s3,2048,28672,8192,4530.6
cutlass_128x64_s4,2048,28672,8192,4392.2
cutlass_128x64_s3,2048,28672,8192,4462.3
cutlass_128x128_s4,2048,28672,8192,3861.6
cutlass_128x128_s3,2048,28672,8192,3872.3
cutlass_128x256_s3,2048,28672,8192,3389.1
cutlass_256x64_s4,2048,28672,8192,4105.3
cutlass_256x64_s3,2048,28672,8192,4145.9
cutlass_64x64_s4_sk2,2048,28672,8192,25157.6
cutlass_64x64_s4_sk4,2048,28672,8192,22409.5
cutlass_64x64_s4_sk8,2048,28672,8192,11416.3
cutlass_128x128_s3_sk2,2048,28672,8192,13602.4
cutlass_128x128_s3_sk4,2048,28672,8192,12462.9
cutlass_128x128_s3_sk8,2048,28672,8192,9566.0
cutlass_64x128_s4_sk2,2048,28672,8192,24327.1
cutlass_64x128_s4_sk4,2048,28672,8192,19679.1
cutlass_64x128_s4_sk8,2048,28672,8192,10695.3
cutlass_32x64_s4_sk4,2048,28672,8192,38988.4
cutlass_32x64_s4_sk8,2048,28672,8192,13081.6
cutlass_32x64_s4_sk16,2048,28672,8192,15852.8
cutlass_128x128_s4_sk2,2048,28672,8192,13469.1
cutlass_128x128_s4_sk4,2048,28672,8192,13188.2
cutlass_128x128_s4_sk8,2048,28672,8192,9237.9
cutlass_128x64_s4_sk2,2048,28672,8192,13486.0
cutlass_128x64_s4_sk4,2048,28672,8192,13406.7
cutlass_128x64_s4_sk8,2048,28672,8192,10355.5
cutlass_256x64_s4_sk2,2048,28672,8192,7691.1
cutlass_256x64_s4_sk4,2048,28672,8192,8956.8
cutlass_64x64_s4_sk16,2048,28672,8192,13600.5
cutlass_64x128_s4_sk16,2048,28672,8192,13129.1
cutlass_64x64_k64_s4,2048,28672,8192,5500.8
cutlass_64x64_k64_s3,2048,28672,8192,5498.6
cutlass_64x128_k64_s4,2048,28672,8192,4320.6
cutlass_64x128_k64_s3,2048,28672,8192,4292.1
cutlass_128x64_k64_s4,2048,28672,8192,4288.3
cutlass_128x64_k64_s3,2048,28672,8192,4274.8
cutlass_128x128_k64_s4,2048,28672,8192,0.0
cutlass_128x128_k64_s3,2048,28672,8192,3549.0
cutlass_256x64_k64_s4,2048,28672,8192,0.0
cutlass_256x64_k64_s3,2048,28672,8192,0.0
cutlass_128x256_k64_s3,2048,28672,8192,0.0
cutlass_32x64_k64_s4,2048,28672,8192,7979.5
cutlass_32x128_k64_s4,2048,28672,8192,6620.6
cutlass_64x64_k64_s4_sk2,2048,28672,8192,24652.2
cutlass_64x64_k64_s4_sk4,2048,28672,8192,21913.0
cutlass_64x64_k64_s4_sk8,2048,28672,8192,11531.3
cutlass_128x128_k64_s3_sk2,2048,28672,8192,13397.7
cutlass_128x128_k64_s3_sk4,2048,28672,8192,13211.9
cutlass_128x128_k64_s2,2048,28672,8192,4003.8
cutlass_64x64_k64_s2,2048,28672,8192,5798.8
cutlass_64x128_k64_s2,2048,28672,8192,4565.2
cutlass_128x64_k64_s2,2048,28672,8192,4520.6
cutlass_256x64_k64_s2,2048,28672,8192,4553.2
cutlass_256x128_s2,2048,28672,8192,0.0
cutlass_64x64_s2,2048,28672,8192,6092.1
cutlass_64x128_s2,2048,28672,8192,4984.3
cutlass_128x64_s2,2048,28672,8192,4999.9
cutlass_128x128_s2,2048,28672,8192,4421.0
cutlass_128x256_s2,2048,28672,8192,3611.9
cutlass_256x64_s2,2048,28672,8192,4690.0
cublas,4096,28672,8192,6782.2
cutlass_32x64_s4,4096,28672,8192,16563.8
cutlass_32x64_s3,4096,28672,8192,16543.2
cutlass_32x128_s4,4096,28672,8192,13743.2
cutlass_32x128_s3,4096,28672,8192,13838.1
cutlass_32x256_s3,4096,28672,8192,12409.0
cutlass_64x64_s4,4096,28672,8192,11533.2
cutlass_64x64_s3,4096,28672,8192,11629.2
cutlass_64x128_s4,4096,28672,8192,8944.8
cutlass_64x128_s3,4096,28672,8192,8970.4
cutlass_128x64_s4,4096,28672,8192,8781.1
cutlass_128x64_s3,4096,28672,8192,8868.2
cutlass_128x128_s4,4096,28672,8192,7656.0
cutlass_128x128_s3,4096,28672,8192,7658.5
cutlass_128x256_s3,4096,28672,8192,6719.5
cutlass_256x64_s4,4096,28672,8192,8179.3
cutlass_256x64_s3,4096,28672,8192,8212.1
cutlass_64x64_s4_sk2,4096,28672,8192,50332.9
cutlass_64x64_s4_sk4,4096,28672,8192,45111.4
cutlass_64x64_s4_sk8,4096,28672,8192,20242.3
cutlass_128x128_s3_sk2,4096,28672,8192,27165.6
cutlass_128x128_s3_sk4,4096,28672,8192,24715.9
cutlass_128x128_s3_sk8,4096,28672,8192,18170.3
cutlass_64x128_s4_sk2,4096,28672,8192,49574.3
cutlass_64x128_s4_sk4,4096,28672,8192,39635.3
cutlass_64x128_s4_sk8,4096,28672,8192,18457.2
cutlass_32x64_s4_sk4,4096,28672,8192,79267.9
cutlass_32x64_s4_sk8,4096,28672,8192,24829.4
cutlass_32x64_s4_sk16,4096,28672,8192,30930.4
cutlass_128x128_s4_sk2,4096,28672,8192,26898.0
cutlass_128x128_s4_sk4,4096,28672,8192,26431.8
cutlass_128x128_s4_sk8,4096,28672,8192,17569.2
cutlass_128x64_s4_sk2,4096,28672,8192,26943.7
cutlass_128x64_s4_sk4,4096,28672,8192,27030.5
cutlass_128x64_s4_sk8,4096,28672,8192,19421.5
cutlass_256x64_s4_sk2,4096,28672,8192,15356.7
cutlass_256x64_s4_sk4,4096,28672,8192,17838.2
cutlass_64x64_s4_sk16,4096,28672,8192,26408.3
cutlass_64x128_s4_sk16,4096,28672,8192,24567.9
cutlass_64x64_k64_s4,4096,28672,8192,10900.9
cutlass_64x64_k64_s3,4096,28672,8192,10967.1
cutlass_64x128_k64_s4,4096,28672,8192,8563.4
cutlass_64x128_k64_s3,4096,28672,8192,8540.6
cutlass_128x64_k64_s4,4096,28672,8192,8522.6
cutlass_128x64_k64_s3,4096,28672,8192,8524.9
cutlass_128x128_k64_s4,4096,28672,8192,0.0
cutlass_128x128_k64_s3,4096,28672,8192,7016.7
cutlass_256x64_k64_s4,4096,28672,8192,0.0
cutlass_256x64_k64_s3,4096,28672,8192,0.0
cutlass_128x256_k64_s3,4096,28672,8192,0.0
cutlass_32x64_k64_s4,4096,28672,8192,15807.0
cutlass_32x128_k64_s4,4096,28672,8192,13078.3
cutlass_64x64_k64_s4_sk2,4096,28672,8192,49197.1
cutlass_64x64_k64_s4_sk4,4096,28672,8192,44024.0
cutlass_64x64_k64_s4_sk8,4096,28672,8192,20122.7
cutlass_128x128_k64_s3_sk2,4096,28672,8192,26772.7
cutlass_128x128_k64_s3_sk4,4096,28672,8192,26600.0
cutlass_128x128_k64_s2,4096,28672,8192,7735.4
cutlass_64x64_k64_s2,4096,28672,8192,11468.3
cutlass_64x128_k64_s2,4096,28672,8192,9012.1
cutlass_128x64_k64_s2,4096,28672,8192,8927.3
cutlass_256x64_k64_s2,4096,28672,8192,9002.3
cutlass_256x128_s2,4096,28672,8192,0.0
cutlass_64x64_s2,4096,28672,8192,12080.6
cutlass_64x128_s2,4096,28672,8192,9790.2
cutlass_128x64_s2,4096,28672,8192,9782.1
cutlass_128x128_s2,4096,28672,8192,8498.5
cutlass_128x256_s2,4096,28672,8192,7186.0
cutlass_256x64_s2,4096,28672,8192,9180.4
cublas,1,8192,28672,639.2
cutlass_32x64_s4,1,8192,28672,698.0
cutlass_32x64_s3,1,8192,28672,715.3
cutlass_32x128_s4,1,8192,28672,700.9
cutlass_32x128_s3,1,8192,28672,720.7
cutlass_32x256_s3,1,8192,28672,729.7
cutlass_64x64_s4,1,8192,28672,697.9
cutlass_64x64_s3,1,8192,28672,715.2
cutlass_64x128_s4,1,8192,28672,700.3
cutlass_64x128_s3,1,8192,28672,721.2
cutlass_128x64_s4,1,8192,28672,700.1
cutlass_128x64_s3,1,8192,28672,718.5
cutlass_128x128_s4,1,8192,28672,711.8
cutlass_128x128_s3,1,8192,28672,726.9
cutlass_128x256_s3,1,8192,28672,752.7
cutlass_256x64_s4,1,8192,28672,713.2
cutlass_256x64_s3,1,8192,28672,726.8
cutlass_64x64_s4_sk2,1,8192,28672,699.3
cutlass_64x64_s4_sk4,1,8192,28672,699.9
cutlass_64x64_s4_sk8,1,8192,28672,703.0
cutlass_128x128_s3_sk2,1,8192,28672,703.9
cutlass_128x128_s3_sk4,1,8192,28672,707.6
cutlass_128x128_s3_sk8,1,8192,28672,708.8
cutlass_64x128_s4_sk2,1,8192,28672,700.8
cutlass_64x128_s4_sk4,1,8192,28672,701.7
cutlass_64x128_s4_sk8,1,8192,28672,703.8
cutlass_32x64_s4_sk4,1,8192,28672,701.1
cutlass_32x64_s4_sk8,1,8192,28672,702.7
cutlass_32x64_s4_sk16,1,8192,28672,705.3
cutlass_128x128_s4_sk2,1,8192,28672,704.8
cutlass_128x128_s4_sk4,1,8192,28672,705.4
cutlass_128x128_s4_sk8,1,8192,28672,705.7
cutlass_128x64_s4_sk2,1,8192,28672,702.2
cutlass_128x64_s4_sk4,1,8192,28672,704.0
cutlass_128x64_s4_sk8,1,8192,28672,705.0
cutlass_256x64_s4_sk2,1,8192,28672,707.8
cutlass_256x64_s4_sk4,1,8192,28672,711.1
cutlass_64x64_s4_sk16,1,8192,28672,704.7
cutlass_64x128_s4_sk16,1,8192,28672,706.9
cutlass_64x64_k64_s4,1,8192,28672,682.8
cutlass_64x64_k64_s3,1,8192,28672,683.0
cutlass_64x128_k64_s4,1,8192,28672,692.6
cutlass_64x128_k64_s3,1,8192,28672,693.9
cutlass_128x64_k64_s4,1,8192,28672,691.3
cutlass_128x64_k64_s3,1,8192,28672,693.7
cutlass_128x128_k64_s4,1,8192,28672,0.0
cutlass_128x128_k64_s3,1,8192,28672,711.0
cutlass_256x64_k64_s4,1,8192,28672,0.0
cutlass_256x64_k64_s3,1,8192,28672,0.0
cutlass_128x256_k64_s3,1,8192,28672,0.0
cutlass_32x64_k64_s4,1,8192,28672,684.2
cutlass_32x128_k64_s4,1,8192,28672,692.7
cutlass_64x64_k64_s4_sk2,1,8192,28672,685.8
cutlass_64x64_k64_s4_sk4,1,8192,28672,685.0
cutlass_64x64_k64_s4_sk8,1,8192,28672,686.4
cutlass_128x128_k64_s3_sk2,1,8192,28672,705.1
cutlass_128x128_k64_s3_sk4,1,8192,28672,704.9
cutlass_128x128_k64_s2,1,8192,28672,728.7
cutlass_64x64_k64_s2,1,8192,28672,717.6
cutlass_64x128_k64_s2,1,8192,28672,724.7
cutlass_128x64_k64_s2,1,8192,28672,722.2
cutlass_256x64_k64_s2,1,8192,28672,731.3
cutlass_256x128_s2,1,8192,28672,0.0
cutlass_64x64_s2,1,8192,28672,725.4
cutlass_64x128_s2,1,8192,28672,735.7
cutlass_128x64_s2,1,8192,28672,729.3
cutlass_128x128_s2,1,8192,28672,745.9
cutlass_128x256_s2,1,8192,28672,854.9
cutlass_256x64_s2,1,8192,28672,741.7
cutlass_gemv,1,8192,28672,647.0
cublas,2,8192,28672,656.3
cutlass_32x64_s4,2,8192,28672,699.0
cutlass_32x64_s3,2,8192,28672,714.9
cutlass_32x128_s4,2,8192,28672,701.3
cutlass_32x128_s3,2,8192,28672,722.2
cutlass_32x256_s3,2,8192,28672,730.1
cutlass_64x64_s4,2,8192,28672,698.8
cutlass_64x64_s3,2,8192,28672,714.5
cutlass_64x128_s4,2,8192,28672,700.8
cutlass_64x128_s3,2,8192,28672,722.5
cutlass_128x64_s4,2,8192,28672,701.1
cutlass_128x64_s3,2,8192,28672,717.0
cutlass_128x128_s4,2,8192,28672,711.4
cutlass_128x128_s3,2,8192,28672,728.3
cutlass_128x256_s3,2,8192,28672,753.3
cutlass_256x64_s4,2,8192,28672,710.7
cutlass_256x64_s3,2,8192,28672,724.7
cutlass_64x64_s4_sk2,2,8192,28672,701.2
cutlass_64x64_s4_sk4,2,8192,28672,701.5
cutlass_64x64_s4_sk8,2,8192,28672,705.7
cutlass_128x128_s3_sk2,2,8192,28672,708.2
cutlass_128x128_s3_sk4,2,8192,28672,709.0
cutlass_128x128_s3_sk8,2,8192,28672,712.1
cutlass_64x128_s4_sk2,2,8192,28672,702.1
cutlass_64x128_s4_sk4,2,8192,28672,703.6
cutlass_64x128_s4_sk8,2,8192,28672,706.5
cutlass_32x64_s4_sk4,2,8192,28672,701.8
cutlass_32x64_s4_sk8,2,8192,28672,705.2
cutlass_32x64_s4_sk16,2,8192,28672,709.8
cutlass_128x128_s4_sk2,2,8192,28672,706.2
cutlass_128x128_s4_sk4,2,8192,28672,707.4
cutlass_128x128_s4_sk8,2,8192,28672,708.5
cutlass_128x64_s4_sk2,2,8192,28672,703.8
cutlass_128x64_s4_sk4,2,8192,28672,706.3
cutlass_128x64_s4_sk8,2,8192,28672,708.3
cutlass_256x64_s4_sk2,2,8192,28672,710.3
cutlass_256x64_s4_sk4,2,8192,28672,713.0
cutlass_64x64_s4_sk16,2,8192,28672,710.0
cutlass_64x128_s4_sk16,2,8192,28672,711.6
cutlass_64x64_k64_s4,2,8192,28672,682.6
cutlass_64x64_k64_s3,2,8192,28672,681.8
cutlass_64x128_k64_s4,2,8192,28672,692.2
cutlass_64x128_k64_s3,2,8192,28672,693.4
cutlass_128x64_k64_s4,2,8192,28672,691.1
cutlass_128x64_k64_s3,2,8192,28672,693.7
cutlass_128x128_k64_s4,2,8192,28672,0.0
cutlass_128x128_k64_s3,2,8192,28672,711.4
cutlass_256x64_k64_s4,2,8192,28672,0.0
cutlass_256x64_k64_s3,2,8192,28672,0.0
cutlass_128x256_k64_s3,2,8192,28672,0.0
cutlass_32x64_k64_s4,2,8192,28672,683.9
cutlass_32x128_k64_s4,2,8192,28672,692.1
cutlass_64x64_k64_s4_sk2,2,8192,28672,686.8
cutlass_64x64_k64_s4_sk4,2,8192,28672,687.4
cutlass_64x64_k64_s4_sk8,2,8192,28672,689.1
cutlass_128x128_k64_s3_sk2,2,8192,28672,705.9
cutlass_128x128_k64_s3_sk4,2,8192,28672,706.9
cutlass_128x128_k64_s2,2,8192,28672,729.4
cutlass_64x64_k64_s2,2,8192,28672,716.6
cutlass_64x128_k64_s2,2,8192,28672,726.1
cutlass_128x64_k64_s2,2,8192,28672,720.4
cutlass_256x64_k64_s2,2,8192,28672,728.2
cutlass_256x128_s2,2,8192,28672,0.0
cutlass_64x64_s2,2,8192,28672,723.3
cutlass_64x128_s2,2,8192,28672,739.4
cutlass_128x64_s2,2,8192,28672,726.6
cutlass_128x128_s2,2,8192,28672,746.6
cutlass_128x256_s2,2,8192,28672,854.1
cutlass_256x64_s2,2,8192,28672,739.6
cublas,4,8192,28672,647.4
cutlass_32x64_s4,4,8192,28672,699.0
cutlass_32x64_s3,4,8192,28672,717.2
cutlass_32x128_s4,4,8192,28672,701.6
cutlass_32x128_s3,4,8192,28672,722.1
cutlass_32x256_s3,4,8192,28672,731.0
cutlass_64x64_s4,4,8192,28672,699.0
cutlass_64x64_s3,4,8192,28672,717.2
cutlass_64x128_s4,4,8192,28672,701.4
cutlass_64x128_s3,4,8192,28672,722.9
cutlass_128x64_s4,4,8192,28672,701.5
cutlass_128x64_s3,4,8192,28672,720.3
cutlass_128x128_s4,4,8192,28672,712.1
cutlass_128x128_s3,4,8192,28672,728.4
cutlass_128x256_s3,4,8192,28672,753.7
cutlass_256x64_s4,4,8192,28672,713.3
cutlass_256x64_s3,4,8192,28672,729.2
cutlass_64x64_s4_sk2,4,8192,28672,702.6
cutlass_64x64_s4_sk4,4,8192,28672,704.5
cutlass_64x64_s4_sk8,4,8192,28672,710.1
cutlass_128x128_s3_sk2,4,8192,28672,706.9
cutlass_128x128_s3_sk4,4,8192,28672,712.0
cutlass_128x128_s3_sk8,4,8192,28672,717.4
cutlass_64x128_s4_sk2,4,8192,28672,703.4
cutlass_64x128_s4_sk4,4,8192,28672,705.7
cutlass_64x128_s4_sk8,4,8192,28672,711.1
cutlass_32x64_s4_sk4,4,8192,28672,704.1
cutlass_32x64_s4_sk8,4,8192,28672,709.6
cutlass_32x64_s4_sk16,4,8192,28672,716.6
cutlass_128x128_s4_sk2,4,8192,28672,707.1
cutlass_128x128_s4_sk4,4,8192,28672,710.3
cutlass_128x128_s4_sk8,4,8192,28672,714.4
cutlass_128x64_s4_sk2,4,8192,28672,706.3
cutlass_128x64_s4_sk4,4,8192,28672,708.6
cutlass_128x64_s4_sk8,4,8192,28672,713.3
cutlass_256x64_s4_sk2,4,8192,28672,711.2
cutlass_256x64_s4_sk4,4,8192,28672,715.9
cutlass_64x64_s4_sk16,4,8192,28672,718.2
cutlass_64x128_s4_sk16,4,8192,28672,718.3
cutlass_64x64_k64_s4,4,8192,28672,684.0
cutlass_64x64_k64_s3,4,8192,28672,684.0
cutlass_64x128_k64_s4,4,8192,28672,693.4
cutlass_64x128_k64_s3,4,8192,28672,694.4
cutlass_128x64_k64_s4,4,8192,28672,693.7
cutlass_128x64_k64_s3,4,8192,28672,695.1
cutlass_128x128_k64_s4,4,8192,28672,0.0
cutlass_128x128_k64_s3,4,8192,28672,712.0
cutlass_256x64_k64_s4,4,8192,28672,0.0
cutlass_256x64_k64_s3,4,8192,28672,0.0
cutlass_128x256_k64_s3,4,8192,28672,0.0
cutlass_32x64_k64_s4,4,8192,28672,685.4
cutlass_32x128_k64_s4,4,8192,28672,693.5
cutlass_64x64_k64_s4_sk2,4,8192,28672,688.9
cutlass_64x64_k64_s4_sk4,4,8192,28672,690.3
cutlass_64x64_k64_s4_sk8,4,8192,28672,695.0
cutlass_128x128_k64_s3_sk2,4,8192,28672,707.4
cutlass_128x128_k64_s3_sk4,4,8192,28672,709.5
cutlass_128x128_k64_s2,4,8192,28672,730.8
cutlass_64x64_k64_s2,4,8192,28672,719.5
cutlass_64x128_k64_s2,4,8192,28672,726.5
cutlass_128x64_k64_s2,4,8192,28672,724.1
cutlass_256x64_k64_s2,4,8192,28672,732.6
cutlass_256x128_s2,4,8192,28672,0.0
cutlass_64x64_s2,4,8192,28672,727.8
cutlass_64x128_s2,4,8192,28672,738.1
cutlass_128x64_s2,4,8192,28672,732.4
cutlass_128x128_s2,4,8192,28672,747.5
cutlass_128x256_s2,4,8192,28672,854.6
cutlass_256x64_s2,4,8192,28672,743.5
cublas,8,8192,28672,648.5
cutlass_32x64_s4,8,8192,28672,700.6
cutlass_32x64_s3,8,8192,28672,716.6
cutlass_32x128_s4,8,8192,28672,702.8
cutlass_32x128_s3,8,8192,28672,724.8
cutlass_32x256_s3,8,8192,28672,731.5
cutlass_64x64_s4,8,8192,28672,699.9
cutlass_64x64_s3,8,8192,28672,716.2
cutlass_64x128_s4,8,8192,28672,702.3
cutlass_64x128_s3,8,8192,28672,724.7
cutlass_128x64_s4,8,8192,28672,702.6
cutlass_128x64_s3,8,8192,28672,718.7
cutlass_128x128_s4,8,8192,28672,713.4
cutlass_128x128_s3,8,8192,28672,729.9
cutlass_128x256_s3,8,8192,28672,754.3
cutlass_256x64_s4,8,8192,28672,713.7
cutlass_256x64_s3,8,8192,28672,726.1
cutlass_64x64_s4_sk2,8,8192,28672,705.0
cutlass_64x64_s4_sk4,8,8192,28672,707.7
cutlass_64x64_s4_sk8,8,8192,28672,717.2
cutlass_128x128_s3_sk2,8,8192,28672,711.8
cutlass_128x128_s3_sk4,8,8192,28672,717.0
cutlass_128x128_s3_sk8,8,8192,28672,724.9
cutlass_64x128_s4_sk2,8,8192,28672,705.8
cutlass_64x128_s4_sk4,8,8192,28672,708.6
cutlass_64x128_s4_sk8,8,8192,28672,717.7
cutlass_32x64_s4_sk4,8,8192,28672,706.7
cutlass_32x64_s4_sk8,8,8192,28672,716.5
cutlass_32x64_s4_sk16,8,8192,28672,728.2
cutlass_128x128_s4_sk2,8,8192,28672,710.3
cutlass_128x128_s4_sk4,8,8192,28672,715.9
cutlass_128x128_s4_sk8,8,8192,28672,721.6
cutlass_128x64_s4_sk2,8,8192,28672,707.6
cutlass_128x64_s4_sk4,8,8192,28672,714.1
cutlass_128x64_s4_sk8,8,8192,28672,721.0
cutlass_256x64_s4_sk2,8,8192,28672,716.3
cutlass_256x64_s4_sk4,8,8192,28672,722.9
cutlass_64x64_s4_sk16,8,8192,28672,729.8
cutlass_64x128_s4_sk16,8,8192,28672,729.4
cutlass_64x64_k64_s4,8,8192,28672,684.9
cutlass_64x64_k64_s3,8,8192,28672,683.6
cutlass_64x128_k64_s4,8,8192,28672,693.5
cutlass_64x128_k64_s3,8,8192,28672,695.2
cutlass_128x64_k64_s4,8,8192,28672,693.8
cutlass_128x64_k64_s3,8,8192,28672,695.7
cutlass_128x128_k64_s4,8,8192,28672,0.0
cutlass_128x128_k64_s3,8,8192,28672,713.6
cutlass_256x64_k64_s4,8,8192,28672,0.0
cutlass_256x64_k64_s3,8,8192,28672,0.0
cutlass_128x256_k64_s3,8,8192,28672,0.0
cutlass_32x64_k64_s4,8,8192,28672,686.2
cutlass_32x128_k64_s4,8,8192,28672,693.7
cutlass_64x64_k64_s4_sk2,8,8192,28672,692.0
cutlass_64x64_k64_s4_sk4,8,8192,28672,695.5
cutlass_64x64_k64_s4_sk8,8,8192,28672,701.9
cutlass_128x128_k64_s3_sk2,8,8192,28672,709.5
cutlass_128x128_k64_s3_sk4,8,8192,28672,715.6
cutlass_128x128_k64_s2,8,8192,28672,731.2
cutlass_64x64_k64_s2,8,8192,28672,718.6
cutlass_64x128_k64_s2,8,8192,28672,727.8
cutlass_128x64_k64_s2,8,8192,28672,721.6
cutlass_256x64_k64_s2,8,8192,28672,729.3
cutlass_256x128_s2,8,8192,28672,0.0
cutlass_64x64_s2,8,8192,28672,725.0
cutlass_64x128_s2,8,8192,28672,741.5
cutlass_128x64_s2,8,8192,28672,728.7
cutlass_128x128_s2,8,8192,28672,748.2
cutlass_128x256_s2,8,8192,28672,855.2
cutlass_256x64_s2,8,8192,28672,742.6
cublas,16,8192,28672,650.0
cutlass_32x64_s4,16,8192,28672,702.3
cutlass_32x64_s3,16,8192,28672,719.8
cutlass_32x128_s4,16,8192,28672,704.6
cutlass_32x128_s3,16,8192,28672,725.5
cutlass_32x256_s3,16,8192,28672,733.5
cutlass_64x64_s4,16,8192,28672,702.4
cutlass_64x64_s3,16,8192,28672,719.3
cutlass_64x128_s4,16,8192,28672,704.1
cutlass_64x128_s3,16,8192,28672,725.9
cutlass_128x64_s4,16,8192,28672,704.3
cutlass_128x64_s3,16,8192,28672,722.6
cutlass_128x128_s4,16,8192,28672,714.6
cutlass_128x128_s3,16,8192,28672,731.6
cutlass_128x256_s3,16,8192,28672,755.6
cutlass_256x64_s4,16,8192,28672,716.4
cutlass_256x64_s3,16,8192,28672,731.0
cutlass_64x64_s4_sk2,16,8192,28672,707.8
cutlass_64x64_s4_sk4,16,8192,28672,713.2
cutlass_64x64_s4_sk8,16,8192,28672,726.0
cutlass_128x128_s3_sk2,16,8192,28672,712.5
cutlass_128x128_s3_sk4,16,8192,28672,723.5
cutlass_128x128_s3_sk8,16,8192,28672,735.0
cutlass_64x128_s4_sk2,16,8192,28672,708.7
cutlass_64x128_s4_sk4,16,8192,28672,713.4
cutlass_64x128_s4_sk8,16,8192,28672,726.5
cutlass_32x64_s4_sk4,16,8192,28672,711.4
cutlass_32x64_s4_sk8,16,8192,28672,724.9
cutlass_32x64_s4_sk16,16,8192,28672,744.6
cutlass_128x128_s4_sk2,16,8192,28672,713.0
cutlass_128x128_s4_sk4,16,8192,28672,721.6
cutlass_128x128_s4_sk8,16,8192,28672,732.0
cutlass_128x64_s4_sk2,16,8192,28672,710.6
cutlass_128x64_s4_sk4,16,8192,28672,720.4
cutlass_128x64_s4_sk8,16,8192,28672,731.2
cutlass_256x64_s4_sk2,16,8192,28672,720.3
cutlass_256x64_s4_sk4,16,8192,28672,729.8
cutlass_64x64_s4_sk16,16,8192,28672,748.0
cutlass_64x128_s4_sk16,16,8192,28672,745.9
cutlass_64x64_k64_s4,16,8192,28672,687.4
cutlass_64x64_k64_s3,16,8192,28672,687.2
cutlass_64x128_k64_s4,16,8192,28672,696.8
cutlass_64x128_k64_s3,16,8192,28672,697.8
cutlass_128x64_k64_s4,16,8192,28672,697.5
cutlass_128x64_k64_s3,16,8192,28672,698.5
cutlass_128x128_k64_s4,16,8192,28672,0.0
cutlass_128x128_k64_s3,16,8192,28672,714.4
cutlass_256x64_k64_s4,16,8192,28672,0.0
cutlass_256x64_k64_s3,16,8192,28672,0.0
cutlass_128x256_k64_s3,16,8192,28672,0.0
cutlass_32x64_k64_s4,16,8192,28672,688.2
cutlass_32x128_k64_s4,16,8192,28672,696.6
cutlass_64x64_k64_s4_sk2,16,8192,28672,696.6
cutlass_64x64_k64_s4_sk4,16,8192,28672,702.7
cutlass_64x64_k64_s4_sk8,16,8192,28672,714.0
cutlass_128x128_k64_s3_sk2,16,8192,28672,713.5
cutlass_128x128_k64_s3_sk4,16,8192,28672,721.2
cutlass_128x128_k64_s2,16,8192,28672,733.0
cutlass_64x64_k64_s2,16,8192,28672,721.7
cutlass_64x128_k64_s2,16,8192,28672,729.3
cutlass_128x64_k64_s2,16,8192,28672,725.7
cutlass_256x64_k64_s2,16,8192,28672,735.1
cutlass_256x128_s2,16,8192,28672,0.0
cutlass_64x64_s2,16,8192,28672,730.5
cutlass_64x128_s2,16,8192,28672,743.3
cutlass_128x64_s2,16,8192,28672,734.9
cutlass_128x128_s2,16,8192,28672,750.5
cutlass_128x256_s2,16,8192,28672,857.8
cutlass_256x64_s2,16,8192,28672,746.2
cublas,32,8192,28672,702.7
cutlass_32x64_s4,32,8192,28672,705.8
cutlass_32x64_s3,32,8192,28672,721.6
cutlass_32x128_s4,32,8192,28672,707.9
cutlass_32x128_s3,32,8192,28672,729.0
cutlass_32x256_s3,32,8192,28672,736.5
cutlass_64x64_s4,32,8192,28672,706.1
cutlass_64x64_s3,32,8192,28672,721.0
cutlass_64x128_s4,32,8192,28672,707.9
cutlass_64x128_s3,32,8192,28672,729.5
cutlass_128x64_s4,32,8192,28672,708.2
cutlass_128x64_s3,32,8192,28672,724.0
cutlass_128x128_s4,32,8192,28672,717.9
cutlass_128x128_s3,32,8192,28672,734.3
cutlass_128x256_s3,32,8192,28672,757.0
cutlass_256x64_s4,32,8192,28672,719.1
cutlass_256x64_s3,32,8192,28672,732.6
cutlass_64x64_s4_sk2,32,8192,28672,714.2
cutlass_64x64_s4_sk4,32,8192,28672,724.9
cutlass_64x64_s4_sk8,32,8192,28672,744.2
cutlass_128x128_s3_sk2,32,8192,28672,721.1
cutlass_128x128_s3_sk4,32,8192,28672,733.5
cutlass_128x128_s3_sk8,32,8192,28672,753.4
cutlass_64x128_s4_sk2,32,8192,28672,714.1
cutlass_64x128_s4_sk4,32,8192,28672,719.9
cutlass_64x128_s4_sk8,32,8192,28672,742.5
cutlass_32x64_s4_sk4,32,8192,28672,718.9
cutlass_32x64_s4_sk8,32,8192,28672,741.9
cutlass_32x64_s4_sk16,32,8192,28672,774.2
cutlass_128x128_s4_sk2,32,8192,28672,718.6
cutlass_128x128_s4_sk4,32,8192,28672,732.1
cutlass_128x128_s4_sk8,32,8192,28672,752.0
cutlass_128x64_s4_sk2,32,8192,28672,718.8
cutlass_128x64_s4_sk4,32,8192,28672,730.5
cutlass_128x64_s4_sk8,32,8192,28672,750.3
cutlass_256x64_s4_sk2,32,8192,28672,730.4
cutlass_256x64_s4_sk4,32,8192,28672,745.0
cutlass_64x64_s4_sk16,32,8192,28672,775.9
cutlass_64x128_s4_sk16,32,8192,28672,772.9
cutlass_64x64_k64_s4,32,8192,28672,691.6
cutlass_64x64_k64_s3,32,8192,28672,689.4
cutlass_64x128_k64_s4,32,8192,28672,698.7
cutlass_64x128_k64_s3,32,8192,28672,701.5
cutlass_128x64_k64_s4,32,8192,28672,700.9
cutlass_128x64_k64_s3,32,8192,28672,702.7
cutlass_128x128_k64_s4,32,8192,28672,0.0
cutlass_128x128_k64_s3,32,8192,28672,717.8
cutlass_256x64_k64_s4,32,8192,28672,0.0
cutlass_256x64_k64_s3,32,8192,28672,0.0
cutlass_128x256_k64_s3,32,8192,28672,0.0
cutlass_32x64_k64_s4,32,8192,28672,693.2
cutlass_32x128_k64_s4,32,8192,28672,698.5
cutlass_64x64_k64_s4_sk2,32,8192,28672,705.9
cutlass_64x64_k64_s4_sk4,32,8192,28672,715.9
cutlass_64x64_k64_s4_sk8,32,8192,28672,730.1
cutlass_128x128_k64_s3_sk2,32,8192,28672,717.5
cutlass_128x128_k64_s3_sk4,32,8192,28672,732.6
cutlass_128x128_k64_s2,32,8192,28672,735.8
cutlass_64x64_k64_s2,32,8192,28672,722.2
cutlass_64x128_k64_s2,32,8192,28672,732.4
cutlass_128x64_k64_s2,32,8192,28672,726.7
cutlass_256x64_k64_s2,32,8192,28672,734.1
cutlass_256x128_s2,32,8192,28672,0.0
cutlass_64x64_s2,32,8192,28672,732.5
cutlass_64x128_s2,32,8192,28672,754.1
cutlass_128x64_s2,32,8192,28672,735.4
cutlass_128x128_s2,32,8192,28672,752.8
cutlass_128x256_s2,32,8192,28672,861.1
cutlass_256x64_s2,32,8192,28672,747.5
cublas,64,8192,28672,707.8
cutlass_32x64_s4,64,8192,28672,710.4
cutlass_32x64_s3,64,8192,28672,726.0
cutlass_32x128_s4,64,8192,28672,713.8
cutlass_32x128_s3,64,8192,28672,732.2
cutlass_32x256_s3,64,8192,28672,740.9
cutlass_64x64_s4,64,8192,28672,710.6
cutlass_64x64_s3,64,8192,28672,729.0
cutlass_64x128_s4,64,8192,28672,712.2
cutlass_64x128_s3,64,8192,28672,733.4
cutlass_128x64_s4,64,8192,28672,713.2
cutlass_128x64_s3,64,8192,28672,731.3
cutlass_128x128_s4,64,8192,28672,722.6
cutlass_128x128_s3,64,8192,28672,739.1
cutlass_128x256_s3,64,8192,28672,760.6
cutlass_256x64_s4,64,8192,28672,726.8
cutlass_256x64_s3,64,8192,28672,742.8
cutlass_64x64_s4_sk2,64,8192,28672,724.3
cutlass_64x64_s4_sk4,64,8192,28672,735.8
cutlass_64x64_s4_sk8,64,8192,28672,775.9
cutlass_128x128_s3_sk2,64,8192,28672,726.2
cutlass_128x128_s3_sk4,64,8192,28672,749.5
cutlass_128x128_s3_sk8,64,8192,28672,780.8
cutlass_64x128_s4_sk2,64,8192,28672,723.2
cutlass_64x128_s4_sk4,64,8192,28672,734.0
cutlass_64x128_s4_sk8,64,8192,28672,767.6
cutlass_32x64_s4_sk4,64,8192,28672,821.3
cutlass_32x64_s4_sk8,64,8192,28672,939.0
cutlass_32x64_s4_sk16,64,8192,28672,834.3
cutlass_128x128_s4_sk2,64,8192,28672,727.5
cutlass_128x128_s4_sk4,64,8192,28672,748.1
cutlass_128x128_s4_sk8,64,8192,28672,779.0
cutlass_128x64_s4_sk2,64,8192,28672,727.5
cutlass_128x64_s4_sk4,64,8192,28672,746.4
cutlass_128x64_s4_sk8,64,8192,28672,777.5
cutlass_256x64_s4_sk2,64,8192,28672,741.9
cutlass_256x64_s4_sk4,64,8192,28672,763.8
cutlass_64x64_s4_sk16,64,8192,28672,824.8
cutlass_64x128_s4_sk16,64,8192,28672,823.9
cutlass_64x64_k64_s4,64,8192,28672,699.2
cutlass_64x64_k64_s3,64,8192,28672,696.3
cutlass_64x128_k64_s4,64,8192,28672,706.1
cutlass_64x128_k64_s3,64,8192,28672,706.6
cutlass_128x64_k64_s4,64,8192,28672,710.8
cutlass_128x64_k64_s3,64,8192,28672,707.2
cutlass_128x128_k64_s4,64,8192,28672,0.0
cutlass_128x128_k64_s3,64,8192,28672,721.1
cutlass_256x64_k64_s4,64,8192,28672,0.0
cutlass_256x64_k64_s3,64,8192,28672,0.0
cutlass_128x256_k64_s3,64,8192,28672,0.0
cutlass_32x64_k64_s4,64,8192,28672,699.0
cutlass_32x128_k64_s4,64,8192,28672,704.7
cutlass_64x64_k64_s4_sk2,64,8192,28672,718.8
cutlass_64x64_k64_s4_sk4,64,8192,28672,734.9
cutlass_64x64_k64_s4_sk8,64,8192,28672,760.1
cutlass_128x128_k64_s3_sk2,64,8192,28672,728.6
cutlass_128x128_k64_s3_sk4,64,8192,28672,748.0
cutlass_128x128_k64_s2,64,8192,28672,740.0
cutlass_64x64_k64_s2,64,8192,28672,730.1
cutlass_64x128_k64_s2,64,8192,28672,735.8
cutlass_128x64_k64_s2,64,8192,28672,734.3
cutlass_256x64_k64_s2,64,8192,28672,743.4
cutlass_256x128_s2,64,8192,28672,0.0
cutlass_64x64_s2,64,8192,28672,742.2
cutlass_64x128_s2,64,8192,28672,762.0
cutlass_128x64_s2,64,8192,28672,745.6
cutlass_128x128_s2,64,8192,28672,757.9
cutlass_128x256_s2,64,8192,28672,874.3
cutlass_256x64_s2,64,8192,28672,757.1
cublas,128,8192,28672,751.0
cutlass_32x64_s4,128,8192,28672,729.0
cutlass_32x64_s3,128,8192,28672,738.6
cutlass_32x128_s4,128,8192,28672,725.0
cutlass_32x128_s3,128,8192,28672,737.9
cutlass_32x256_s3,128,8192,28672,747.2
cutlass_64x64_s4,128,8192,28672,723.6
cutlass_64x64_s3,128,8192,28672,742.0
cutlass_64x128_s4,128,8192,28672,723.7
cutlass_64x128_s3,128,8192,28672,741.3
cutlass_128x64_s4,128,8192,28672,735.2
cutlass_128x64_s3,128,8192,28672,753.0
cutlass_128x128_s4,128,8192,28672,734.3
cutlass_128x128_s3,128,8192,28672,751.0
cutlass_128x256_s3,128,8192,28672,767.5
cutlass_256x64_s4,128,8192,28672,749.5
cutlass_256x64_s3,128,8192,28672,771.2
cutlass_64x64_s4_sk2,128,8192,28672,993.3
cutlass_64x64_s4_sk4,128,8192,28672,1010.9
cutlass_64x64_s4_sk8,128,8192,28672,940.1
cutlass_128x128_s3_sk2,128,8192,28672,748.8
cutlass_128x128_s3_sk4,128,8192,28672,785.5
cutlass_128x128_s3_sk8,128,8192,28672,843.0
cutlass_64x128_s4_sk2,128,8192,28672,742.0
cutlass_64x128_s4_sk4,128,8192,28672,856.8
cutlass_64x128_s4_sk8,128,8192,28672,996.5
cutlass_32x64_s4_sk4,128,8192,28672,1180.3
cutlass_32x64_s4_sk8,128,8192,28672,914.5
cutlass_32x64_s4_sk16,128,8192,28672,933.7
cutlass_128x128_s4_sk2,128,8192,28672,744.2
cutlass_128x128_s4_sk4,128,8192,28672,782.2
cutlass_128x128_s4_sk8,128,8192,28672,837.6
cutlass_128x64_s4_sk2,128,8192,28672,743.5
cutlass_128x64_s4_sk4,128,8192,28672,779.8
cutlass_128x64_s4_sk8,128,8192,28672,836.9
cutlass_256x64_s4_sk2,128,8192,28672,780.2
cutlass_256x64_s4_sk4,128,8192,28672,808.8
cutlass_64x64_s4_sk16,128,8192,28672,932.6
cutlass_64x128_s4_sk16,128,8192,28672,941.7
cutlass_64x64_k64_s4,128,8192,28672,704.5
cutlass_64x64_k64_s3,128,8192,28672,691.6
cutlass_64x128_k64_s4,128,8192,28672,712.2
cutlass_64x128_k64_s3,128,8192,28672,716.4
cutlass_128x64_k64_s4,128,8192,28672,717.4
cutlass_128x64_k64_s3,128,8192,28672,724.0
cutlass_128x128_k64_s4,128,8192,28672,0.0
cutlass_128x128_k64_s3,128,8192,28672,732.5
cutlass_256x64_k64_s4,128,8192,28672,0.0
cutlass_256x64_k64_s3,128,8192,28672,0.0
cutlass_128x256_k64_s3,128,8192,28672,0.0
cutlass_32x64_k64_s4,128,8192,28672,722.1
cutlass_32x128_k64_s4,128,8192,28672,726.4
cutlass_64x64_k64_s4_sk2,128,8192,28672,1376.3
cutlass_64x64_k64_s4_sk4,128,8192,28672,1278.5
cutlass_64x64_k64_s4_sk8,128,8192,28672,857.1
cutlass_128x128_k64_s3_sk2,128,8192,28672,743.6
cutlass_128x128_k64_s3_sk4,128,8192,28672,781.6
cutlass_128x128_k64_s2,128,8192,28672,763.9
cutlass_64x64_k64_s2,128,8192,28672,742.7
cutlass_64x128_k64_s2,128,8192,28672,743.4
cutlass_128x64_k64_s2,128,8192,28672,757.0
cutlass_256x64_k64_s2,128,8192,28672,763.8
cutlass_256x128_s2,128,8192,28672,0.0
cutlass_64x64_s2,128,8192,28672,748.6
cutlass_64x128_s2,128,8192,28672,764.6
cutlass_128x64_s2,128,8192,28672,824.3
cutlass_128x128_s2,128,8192,28672,772.2
cutlass_128x256_s2,128,8192,28672,896.5
cutlass_256x64_s2,128,8192,28672,806.4
cublas,256,8192,28672,808.4
cutlass_32x64_s4,256,8192,28672,1227.4
cutlass_32x64_s3,256,8192,28672,1400.1
cutlass_32x128_s4,256,8192,28672,931.6
cutlass_32x128_s3,256,8192,28672,1243.3
cutlass_32x256_s3,256,8192,28672,1123.3
cutlass_64x64_s4,256,8192,28672,878.2
cutlass_64x64_s3,256,8192,28672,782.8
cutlass_64x128_s4,256,8192,28672,753.7
cutlass_64x128_s3,256,8192,28672,758.4
cutlass_128x64_s4,256,8192,28672,748.9
cutlass_128x64_s3,256,8192,28672,768.2
cutlass_128x128_s4,256,8192,28672,751.3
cutlass_128x128_s3,256,8192,28672,767.1
cutlass_128x256_s3,256,8192,28672,782.6
cutlass_256x64_s4,256,8192,28672,762.2
cutlass_256x64_s3,256,8192,28672,780.3
cutlass_64x64_s4_sk2,256,8192,28672,1629.2
cutlass_64x64_s4_sk4,256,8192,28672,1515.8
cutlass_64x64_s4_sk8,256,8192,28672,1110.0
cutlass_128x128_s3_sk2,256,8192,28672,905.6
cutlass_128x128_s3_sk4,256,8192,28672,1115.3
cutlass_128x128_s3_sk8,256,8192,28672,1122.8
cutlass_64x128_s4_sk2,256,8192,28672,1010.6
cutlass_64x128_s4_sk4,256,8192,28672,1269.7
cutlass_64x128_s4_sk8,256,8192,28672,1000.1
cutlass_32x64_s4_sk4,256,8192,28672,1997.5
cutlass_32x64_s4_sk8,256,8192,28672,1331.0
cutlass_32x64_s4_sk16,256,8192,28672,1465.7
cutlass_128x128_s4_sk2,256,8192,28672,887.4
cutlass_128x128_s4_sk4,256,8192,28672,1090.9
cutlass_128x128_s4_sk8,256,8192,28672,1090.6
cutlass_128x64_s4_sk2,256,8192,28672,913.5
cutlass_128x64_s4_sk4,256,8192,28672,1077.6
cutlass_128x64_s4_sk8,256,8192,28672,979.4
cutlass_256x64_s4_sk2,256,8192,28672,825.9
cutlass_256x64_s4_sk4,256,8192,28672,881.1
cutlass_64x64_s4_sk16,256,8192,28672,1211.3
cutlass_64x128_s4_sk16,256,8192,28672,1170.1
cutlass_64x64_k64_s4,256,8192,28672,794.1
cutlass_64x64_k64_s3,256,8192,28672,774.3
cutlass_64x128_k64_s4,256,8192,28672,757.6
cutlass_64x128_k64_s3,256,8192,28672,771.0
cutlass_128x64_k64_s4,256,8192,28672,746.6
cutlass_128x64_k64_s3,256,8192,28672,797.4
cutlass_128x128_k64_s4,256,8192,28672,0.0
cutlass_128x128_k64_s3,256,8192,28672,747.8
cutlass_256x64_k64_s4,256,8192,28672,0.0
cutlass_256x64_k64_s3,256,8192,28672,0.0
cutlass_128x256_k64_s3,256,8192,28672,0.0
cutlass_32x64_k64_s4,256,8192,28672,1108.6
cutlass_32x128_k64_s4,256,8192,28672,927.6
cutlass_64x64_k64_s4_sk2,256,8192,28672,2745.9
cutlass_64x64_k64_s4_sk4,256,8192,28672,2325.3
cutlass_64x64_k64_s4_sk8,256,8192,28672,1313.7
cutlass_128x128_k64_s3_sk2,256,8192,28672,881.9
cutlass_128x128_k64_s3_sk4,256,8192,28672,1085.7
cutlass_128x128_k64_s2,256,8192,28672,775.0
cutlass_64x64_k64_s2,256,8192,28672,1001.7
cutlass_64x128_k64_s2,256,8192,28672,763.2
cutlass_128x64_k64_s2,256,8192,28672,772.6
cutlass_256x64_k64_s2,256,8192,28672,797.6
cutlass_256x128_s2,256,8192,28672,0.0
cutlass_64x64_s2,256,8192,28672,824.8
cutlass_64x128_s2,256,8192,28672,803.2
cutlass_128x64_s2,256,8192,28672,786.2
cutlass_128x128_s2,256,8192,28672,793.3
cutlass_128x256_s2,256,8192,28672,909.4
cutlass_256x64_s2,256,8192,28672,816.1
cublas,512,8192,28672,1001.0
cutlass_32x64_s4,512,8192,28672,2189.7
cutlass_32x64_s3,512,8192,28672,2168.4
cutlass_32x128_s4,512,8192,28672,1864.9
cutlass_32x128_s3,512,8192,28672,1948.6
cutlass_32x256_s3,512,8192,28672,1918.6
cutlass_64x64_s4,512,8192,28672,1587.0
cutlass_64x64_s3,512,8192,28672,1791.3
cutlass_64x128_s4,512,8192,28672,1337.2
cutlass_64x128_s3,512,8192,28672,1295.5
cutlass_128x64_s4,512,8192,28672,1247.1
cutlass_128x64_s3,512,8192,28672,1261.9
cutlass_128x128_s4,512,8192,28672,955.1
cutlass_128x128_s3,512,8192,28672,1048.9
cutlass_128x256_s3,512,8192,28672,941.9
cutlass_256x64_s4,512,8192,28672,1090.2
cutlass_256x64_s3,512,8192,28672,1105.0
cutlass_64x64_s4_sk2,512,8192,28672,3513.0
cutlass_64x64_s4_sk4,512,8192,28672,2899.3
cutlass_64x64_s4_sk8,512,8192,28672,2046.3
cutlass_128x128_s3_sk2,512,8192,28672,1818.7
cutlass_128x128_s3_sk4,512,8192,28672,2064.4
cutlass_128x128_s3_sk8,512,8192,28672,1740.4
cutlass_64x128_s4_sk2,512,8192,28672,2591.5
cutlass_64x128_s4_sk4,512,8192,28672,2277.5
cutlass_64x128_s4_sk8,512,8192,28672,1642.3
cutlass_32x64_s4_sk4,512,8192,28672,3176.9
cutlass_32x64_s4_sk8,512,8192,28672,2649.9
cutlass_32x64_s4_sk16,512,8192,28672,2843.5
cutlass_128x128_s4_sk2,512,8192,28672,1782.3
cutlass_128x128_s4_sk4,512,8192,28672,2024.0
cutlass_128x128_s4_sk8,512,8192,28672,1674.5
cutlass_128x64_s4_sk2,512,8192,28672,2005.2
cutlass_128x64_s4_sk4,512,8192,28672,1998.2
cutlass_128x64_s4_sk8,512,8192,28672,1605.5
cutlass_256x64_s4_sk2,512,8192,28672,1599.0
cutlass_256x64_s4_sk4,512,8192,28672,1718.1
cutlass_64x64_s4_sk16,512,8192,28672,2249.3
cutlass_64x128_s4_sk16,512,8192,28672,1898.9
cutlass_64x64_k64_s4,512,8192,28672,1484.9
cutlass_64x64_k64_s3,512,8192,28672,1507.0
cutlass_64x128_k64_s4,512,8192,28672,1204.0
cutlass_64x128_k64_s3,512,8192,28672,1187.6
cutlass_128x64_k64_s4,512,8192,28672,1190.1
cutlass_128x64_k64_s3,512,8192,28672,1186.6
cutlass_128x128_k64_s4,512,8192,28672,0.0
cutlass_128x128_k64_s3,512,8192,28672,926.2
cutlass_256x64_k64_s4,512,8192,28672,0.0
cutlass_256x64_k64_s3,512,8192,28672,0.0
cutlass_128x256_k64_s3,512,8192,28672,0.0
cutlass_32x64_k64_s4,512,8192,28672,2163.0
cutlass_32x128_k64_s4,512,8192,28672,1832.3
cutlass_64x64_k64_s4_sk2,512,8192,28672,5609.0
cutlass_64x64_k64_s4_sk4,512,8192,28672,4372.7
cutlass_64x64_k64_s4_sk8,512,8192,28672,2258.1
cutlass_128x128_k64_s3_sk2,512,8192,28672,1769.1
cutlass_128x128_k64_s3_sk4,512,8192,28672,2013.2
cutlass_128x128_k64_s2,512,8192,28672,1147.0
cutlass_64x64_k64_s2,512,8192,28672,1622.3
cutlass_64x128_k64_s2,512,8192,28672,1171.0
cutlass_128x64_k64_s2,512,8192,28672,1195.4
cutlass_256x64_k64_s2,512,8192,28672,1235.4
cutlass_256x128_s2,512,8192,28672,0.0
cutlass_64x64_s2,512,8192,28672,1569.2
cutlass_64x128_s2,512,8192,28672,1619.1
cutlass_128x64_s2,512,8192,28672,1570.1
cutlass_128x128_s2,512,8192,28672,1234.7
cutlass_128x256_s2,512,8192,28672,978.0
cutlass_256x64_s2,512,8192,28672,1323.2
cublas,1024,8192,28672,1710.9
cutlass_32x64_s4,1024,8192,28672,4232.2
cutlass_32x64_s3,1024,8192,28672,4262.7
cutlass_32x128_s4,1024,8192,28672,3704.6
cutlass_32x128_s3,1024,8192,28672,3577.9
cutlass_32x256_s3,1024,8192,28672,3537.3
cutlass_64x64_s4,1024,8192,28672,2974.8
cutlass_64x64_s3,1024,8192,28672,3462.5
cutlass_64x128_s4,1024,8192,28672,2455.3
cutlass_64x128_s3,1024,8192,28672,2451.9
cutlass_128x64_s4,1024,8192,28672,2422.6
cutlass_128x64_s3,1024,8192,28672,2443.1
cutlass_128x128_s4,1024,8192,28672,1956.2
cutlass_128x128_s3,1024,8192,28672,1977.7
cutlass_128x256_s3,1024,8192,28672,1804.0
cutlass_256x64_s4,1024,8192,28672,2121.1
cutlass_256x64_s3,1024,8192,28672,2132.3
cutlass_64x64_s4_sk2,1024,8192,28672,7720.6
cutlass_64x64_s4_sk4,1024,8192,28672,5073.1
cutlass_64x64_s4_sk8,1024,8192,28672,3782.8
cutlass_128x128_s3_sk2,1024,8192,28672,3477.4
cutlass_128x128_s3_sk4,1024,8192,28672,3581.9
cutlass_128x128_s3_sk8,1024,8192,28672,3078.7
cutlass_64x128_s4_sk2,1024,8192,28672,5143.4
cutlass_64x128_s4_sk4,1024,8192,28672,4109.2
cutlass_64x128_s4_sk8,1024,8192,28672,3194.4
cutlass_32x64_s4_sk4,1024,8192,28672,5673.6
cutlass_32x64_s4_sk8,1024,8192,28672,5081.2
cutlass_32x64_s4_sk16,1024,8192,28672,5406.8
cutlass_128x128_s4_sk2,1024,8192,28672,3387.7
cutlass_128x128_s4_sk4,1024,8192,28672,3478.5
cutlass_128x128_s4_sk8,1024,8192,28672,3008.8
cutlass_128x64_s4_sk2,1024,8192,28672,4592.4
cutlass_128x64_s4_sk4,1024,8192,28672,3380.3
cutlass_128x64_s4_sk8,1024,8192,28672,3114.0
cutlass_256x64_s4_sk2,1024,8192,28672,3178.3
cutlass_256x64_s4_sk4,1024,8192,28672,3225.6
cutlass_64x64_s4_sk16,1024,8192,28672,4246.6
cutlass_64x128_s4_sk16,1024,8192,28672,3656.6
cutlass_64x64_k64_s4,1024,8192,28672,2846.8
cutlass_64x64_k64_s3,1024,8192,28672,2882.2
cutlass_64x128_k64_s4,1024,8192,28672,2295.2
cutlass_64x128_k64_s3,1024,8192,28672,2292.3
cutlass_128x64_k64_s4,1024,8192,28672,2265.6
cutlass_128x64_k64_s3,1024,8192,28672,2270.8
cutlass_128x128_k64_s4,1024,8192,28672,0.0
cutlass_128x128_k64_s3,1024,8192,28672,1804.7
cutlass_256x64_k64_s4,1024,8192,28672,0.0
cutlass_256x64_k64_s3,1024,8192,28672,0.0
cutlass_128x256_k64_s3,1024,8192,28672,0.0
cutlass_32x64_k64_s4,1024,8192,28672,4260.4
cutlass_32x128_k64_s4,1024,8192,28672,3512.0
cutlass_64x64_k64_s4_sk2,1024,8192,28672,11309.2
cutlass_64x64_k64_s4_sk4,1024,8192,28672,8769.3
cutlass_64x64_k64_s4_sk8,1024,8192,28672,3980.9
cutlass_128x128_k64_s3_sk2,1024,8192,28672,3370.4
cutlass_128x128_k64_s3_sk4,1024,8192,28672,3439.0
cutlass_128x128_k64_s2,1024,8192,28672,2169.9
cutlass_64x64_k64_s2,1024,8192,28672,2937.0
cutlass_64x128_k64_s2,1024,8192,28672,2363.5
cutlass_128x64_k64_s2,1024,8192,28672,2390.0
cutlass_256x64_k64_s2,1024,8192,28672,2387.4
cutlass_256x128_s2,1024,8192,28672,0.0
cutlass_64x64_s2,1024,8192,28672,3155.9
cutlass_64x128_s2,1024,8192,28672,2627.8
cutlass_128x64_s2,1024,8192,28672,2602.2
cutlass_128x128_s2,1024,8192,28672,2401.2
cutlass_128x256_s2,1024,8192,28672,1852.2
cutlass_256x64_s2,1024,8192,28672,2595.1
cublas,2048,8192,28672,3461.2
cutlass_32x64_s4,2048,8192,28672,8641.9
cutlass_32x64_s3,2048,8192,28672,8709.7
cutlass_32x128_s4,2048,8192,28672,7455.9
cutlass_32x128_s3,2048,8192,28672,7301.4
cutlass_32x256_s3,2048,8192,28672,6789.7
cutlass_64x64_s4,2048,8192,28672,6055.6
cutlass_64x64_s3,2048,8192,28672,7012.3
cutlass_64x128_s4,2048,8192,28672,4856.4
cutlass_64x128_s3,2048,8192,28672,4878.5
cutlass_128x64_s4,2048,8192,28672,4877.3
cutlass_128x64_s3,2048,8192,28672,4966.8
cutlass_128x128_s4,2048,8192,28672,3939.5
cutlass_128x128_s3,2048,8192,28672,3935.7
cutlass_128x256_s3,2048,8192,28672,3500.9
cutlass_256x64_s4,2048,8192,28672,4175.5
cutlass_256x64_s3,2048,8192,28672,4210.8
cutlass_64x64_s4_sk2,2048,8192,28672,19677.2
cutlass_64x64_s4_sk4,2048,8192,28672,10910.4
cutlass_64x64_s4_sk8,2048,8192,28672,7340.4
cutlass_128x128_s3_sk2,2048,8192,28672,6451.2
cutlass_128x128_s3_sk4,2048,8192,28672,6709.3
cutlass_128x128_s3_sk8,2048,8192,28672,5592.4
cutlass_64x128_s4_sk2,2048,8192,28672,10678.3
cutlass_64x128_s4_sk4,2048,8192,28672,8490.2
cutlass_64x128_s4_sk8,2048,8192,28672,6009.4
cutlass_32x64_s4_sk4,2048,8192,28672,10380.3
cutlass_32x64_s4_sk8,2048,8192,28672,9765.6
cutlass_32x64_s4_sk16,2048,8192,28672,10479.9
cutlass_128x128_s4_sk2,2048,8192,28672,6307.9
cutlass_128x128_s4_sk4,2048,8192,28672,6498.1
cutlass_128x128_s4_sk8,2048,8192,28672,5395.7
cutlass_128x64_s4_sk2,2048,8192,28672,10537.6
cutlass_128x64_s4_sk4,2048,8192,28672,6311.6
cutlass_128x64_s4_sk8,2048,8192,28672,5949.2
cutlass_256x64_s4_sk2,2048,8192,28672,6171.8
cutlass_256x64_s4_sk4,2048,8192,28672,6301.6
cutlass_64x64_s4_sk16,2048,8192,28672,8217.2
cutlass_64x128_s4_sk16,2048,8192,28672,6961.1
cutlass_64x64_k64_s4,2048,8192,28672,5995.2
cutlass_64x64_k64_s3,2048,8192,28672,5769.4
cutlass_64x128_k64_s4,2048,8192,28672,4606.4
cutlass_64x128_k64_s3,2048,8192,28672,4584.4
cutlass_128x64_k64_s4,2048,8192,28672,4516.0
cutlass_128x64_k64_s3,2048,8192,28672,4560.2
cutlass_128x128_k64_s4,2048,8192,28672,0.0
cutlass_128x128_k64_s3,2048,8192,28672,3587.5
cutlass_256x64_k64_s4,2048,8192,28672,0.0
cutlass_256x64_k64_s3,2048,8192,28672,0.0
cutlass_128x256_k64_s3,2048,8192,28672,0.0
cutlass_32x64_k64_s4,2048,8192,28672,8820.5
cutlass_32x128_k64_s4,2048,8192,28672,6992.4
cutlass_64x64_k64_s4_sk2,2048,8192,28672,22718.1
cutlass_64x64_k64_s4_sk4,2048,8192,28672,17036.8
cutlass_64x64_k64_s4_sk8,2048,8192,28672,7352.7
cutlass_128x128_k64_s3_sk2,2048,8192,28672,6258.4
cutlass_128x128_k64_s3_sk4,2048,8192,28672,6411.0
cutlass_128x128_k64_s2,2048,8192,28672,4276.1
cutlass_64x64_k64_s2,2048,8192,28672,5926.2
cutlass_64x128_k64_s2,2048,8192,28672,4760.3
cutlass_128x64_k64_s2,2048,8192,28672,4740.6
cutlass_256x64_k64_s2,2048,8192,28672,4758.5
cutlass_256x128_s2,2048,8192,28672,0.0
cutlass_64x64_s2,2048,8192,28672,6350.7
cutlass_64x128_s2,2048,8192,28672,5019.2
cutlass_128x64_s2,2048,8192,28672,4964.8
cutlass_128x128_s2,2048,8192,28672,4817.2
cutlass_128x256_s2,2048,8192,28672,3654.1
cutlass_256x64_s2,2048,8192,28672,5145.3
cublas,4096,8192,28672,6872.3
cutlass_32x64_s4,4096,8192,28672,20229.8
cutlass_32x64_s3,4096,8192,28672,18460.4
cutlass_32x128_s4,4096,8192,28672,15373.1
cutlass_32x128_s3,4096,8192,28672,15264.4
cutlass_32x256_s3,4096,8192,28672,14309.2
cutlass_64x64_s4,4096,8192,28672,21153.4
cutlass_64x64_s3,4096,8192,28672,15608.7
cutlass_64x128_s4,4096,8192,28672,11862.4
cutlass_64x128_s3,4096,8192,28672,12037.7
cutlass_128x64_s4,4096,8192,28672,11236.3
cutlass_128x64_s3,4096,8192,28672,11359.9
cutlass_128x128_s4,4096,8192,28672,8029.6
cutlass_128x128_s3,4096,8192,28672,7985.2
cutlass_128x256_s3,4096,8192,28672,6965.2
cutlass_256x64_s4,4096,8192,28672,8686.1
cutlass_256x64_s3,4096,8192,28672,8525.8
cutlass_64x64_s4_sk2,4096,8192,28672,43376.5
cutlass_64x64_s4_sk4,4096,8192,28672,21159.2
cutlass_64x64_s4_sk8,4096,8192,28672,14189.1
cutlass_128x128_s3_sk2,4096,8192,28672,12578.3
cutlass_128x128_s3_sk4,4096,8192,28672,12975.0
cutlass_128x128_s3_sk8,4096,8192,28672,10025.8
cutlass_64x128_s4_sk2,4096,8192,28672,21487.3
cutlass_64x128_s4_sk4,4096,8192,28672,18001.9
cutlass_64x128_s4_sk8,4096,8192,28672,11258.2
cutlass_32x64_s4_sk4,4096,8192,28672,21033.7
cutlass_32x64_s4_sk8,4096,8192,28672,19020.4
cutlass_32x64_s4_sk16,4096,8192,28672,20529.8
cutlass_128x128_s4_sk2,4096,8192,28672,12295.8
cutlass_128x128_s4_sk4,4096,8192,28672,12514.5
cutlass_128x128_s4_sk8,4096,8192,28672,9784.8
cutlass_128x64_s4_sk2,4096,8192,28672,22731.3
cutlass_128x64_s4_sk4,4096,8192,28672,11984.0
cutlass_128x64_s4_sk8,4096,8192,28672,11498.0
cutlass_256x64_s4_sk2,4096,8192,28672,12271.0
cutlass_256x64_s4_sk4,4096,8192,28672,12504.1
cutlass_64x64_s4_sk16,4096,8192,28672,15996.1
cutlass_64x128_s4_sk16,4096,8192,28672,13248.0
cutlass_64x64_k64_s4,4096,8192,28672,20802.7
cutlass_64x64_k64_s3,4096,8192,28672,12617.8
cutlass_64x128_k64_s4,4096,8192,28672,11185.2
cutlass_64x128_k64_s3,4096,8192,28672,11886.5
cutlass_128x64_k64_s4,4096,8192,28672,11007.2
cutlass_128x64_k64_s3,4096,8192,28672,11237.1
cutlass_128x128_k64_s4,4096,8192,28672,0.0
cutlass_128x128_k64_s3,4096,8192,28672,7388.4
cutlass_256x64_k64_s4,4096,8192,28672,0.0
cutlass_256x64_k64_s3,4096,8192,28672,0.0
cutlass_128x256_k64_s3,4096,8192,28672,0.0
cutlass_32x64_k64_s4,4096,8192,28672,20912.7
cutlass_32x128_k64_s4,4096,8192,28672,21492.6
cutlass_64x64_k64_s4_sk2,4096,8192,28672,46045.4
cutlass_64x64_k64_s4_sk4,4096,8192,28672,34192.2
cutlass_64x64_k64_s4_sk8,4096,8192,28672,14083.7
cutlass_128x128_k64_s3_sk2,4096,8192,28672,12189.2
cutlass_128x128_k64_s3_sk4,4096,8192,28672,12340.1
cutlass_128x128_k64_s2,4096,8192,28672,8563.1
cutlass_64x64_k64_s2,4096,8192,28672,12834.1
cutlass_64x128_k64_s2,4096,8192,28672,9602.2
cutlass_128x64_k64_s2,4096,8192,28672,9417.7
cutlass_256x64_k64_s2,4096,8192,28672,9924.0
cutlass_256x128_s2,4096,8192,28672,0.0
cutlass_64x64_s2,4096,8192,28672,14115.7
cutlass_64x128_s2,4096,8192,28672,10530.7
cutlass_128x64_s2,4096,8192,28672,10488.1
cutlass_128x128_s2,4096,8192,28672,9469.9
cutlass_128x256_s2,4096,8192,28672,7423.9
cutlass_256x64_s2,4096,8192,28672,10123.7
rms_norm,1,2048,0,0.03
silu_mul,1,2048,0,0.00
rms_norm,2,2048,0,0.08
silu_mul,2,2048,0,0.20
rms_norm,4,2048,0,0.16
silu_mul,4,2048,0,0.00
rms_norm,8,2048,0,0.06
silu_mul,8,2048,0,0.03
rms_norm,16,2048,0,0.06
silu_mul,16,2048,0,0.00
rms_norm,32,2048,0,0.04
silu_mul,32,2048,0,0.00
rms_norm,64,2048,0,0.45
silu_mul,64,2048,0,0.00
rms_norm,128,2048,0,0.52
silu_mul,128,2048,0,0.05
rms_norm,256,2048,0,1.19
silu_mul,256,2048,0,0.55
rms_norm,512,2048,0,2.66
silu_mul,512,2048,0,1.83
rms_norm,1024,2048,0,5.52
silu_mul,1024,2048,0,3.90
rms_norm,2048,2048,0,11.15
silu_mul,2048,2048,0,8.14
rms_norm,4096,2048,0,22.52
silu_mul,4096,2048,0,16.82
rms_norm,1,3072,0,0.23
silu_mul,1,3072,0,0.00
rms_norm,2,3072,0,0.04
silu_mul,2,3072,0,0.20
rms_norm,4,3072,0,0.03
silu_mul,4,3072,0,0.00
rms_norm,8,3072,0,0.24
silu_mul,8,3072,0,0.22
rms_norm,16,3072,0,0.08
silu_mul,16,3072,0,0.00
rms_norm,32,3072,0,0.13
silu_mul,32,3072,0,0.00
rms_norm,64,3072,0,0.30
silu_mul,64,3072,0,0.18
rms_norm,128,3072,0,0.59
silu_mul,128,3072,0,0.08
rms_norm,256,3072,0,1.30
silu_mul,256,3072,0,0.79
rms_norm,512,3072,0,2.86
silu_mul,512,3072,0,2.07
rms_norm,1024,3072,0,6.06
silu_mul,1024,3072,0,4.44
rms_norm,2048,3072,0,11.37
silu_mul,2048,3072,0,8.61
rms_norm,4096,3072,0,22.93
silu_mul,4096,3072,0,17.53
rms_norm,1,4096,0,0.08
silu_mul,1,4096,0,0.16
rms_norm,2,4096,0,0.15
silu_mul,2,4096,0,0.00
rms_norm,4,4096,0,0.04
silu_mul,4,4096,0,0.20
rms_norm,8,4096,0,0.01
silu_mul,8,4096,0,0.00
rms_norm,16,4096,0,0.05
silu_mul,16,4096,0,0.12
rms_norm,32,4096,0,0.10
silu_mul,32,4096,0,0.00
rms_norm,64,4096,0,0.25
silu_mul,64,4096,0,0.11
rms_norm,128,4096,0,0.54
silu_mul,128,4096,0,0.05
rms_norm,256,4096,0,1.30
silu_mul,256,4096,0,0.90
rms_norm,512,4096,0,3.01
silu_mul,512,4096,0,2.24
rms_norm,1024,4096,0,6.25
silu_mul,1024,4096,0,4.64
rms_norm,2048,4096,0,12.57
silu_mul,2048,4096,0,9.51
rms_norm,4096,4096,0,25.24
silu_mul,4096,4096,0,35.26
rms_norm,1,8192,0,0.18
silu_mul,1,8192,0,0.07
rms_norm,2,8192,0,0.16
silu_mul,2,8192,0,0.32
rms_norm,4,8192,0,0.18
silu_mul,4,8192,0,0.00
rms_norm,8,8192,0,0.18
silu_mul,8,8192,0,0.07
rms_norm,16,8192,0,0.18
silu_mul,16,8192,0,0.00
rms_norm,32,8192,0,0.46
silu_mul,32,8192,0,0.08
rms_norm,64,8192,0,0.53
silu_mul,64,8192,0,0.05
rms_norm,128,8192,0,1.17
silu_mul,128,8192,0,0.38
rms_norm,256,8192,0,2.47
silu_mul,256,8192,0,1.79
rms_norm,512,8192,0,4.62
silu_mul,512,8192,0,4.06
rms_norm,1024,8192,0,8.74
silu_mul,1024,8192,0,8.00
rms_norm,2048,8192,0,17.13
silu_mul,2048,8192,0,34.72
rms_norm,4096,8192,0,184.34
silu_mul,4096,8192,0,296.59
rope_1b,1,3072,64,0.16
rope_1b,2,3072,64,0.19
rope_1b,4,3072,64,0.27
rope_1b,8,3072,64,0.22
rope_1b,16,3072,64,0.21
rope_1b,32,3072,64,0.24
rope_1b,64,3072,64,0.26
rope_1b,128,3072,64,0.34
rope_1b,256,3072,64,0.57
rope_1b,512,3072,64,1.91
rope_1b,1024,3072,64,3.48
rope_1b,2048,3072,64,6.55
rope_1b,4096,3072,64,12.86
rope_7b,1,6144,128,0.42
rope_7b,2,6144,128,0.23
rope_7b,4,6144,128,0.24
rope_7b,8,6144,128,0.25
rope_7b,16,6144,128,0.28
rope_7b,32,6144,128,0.28
rope_7b,64,6144,128,0.39
rope_7b,128,6144,128,0.62
rope_7b,256,6144,128,1.19
rope_7b,512,6144,128,2.91
rope_7b,1024,6144,128,5.19
rope_7b,2048,6144,128,9.89
rope_7b,4096,6144,128,63.61
rope_70b,1,10240,128,0.48
rope_70b,2,10240,128,0.49
rope_70b,4,10240,128,0.78
rope_70b,8,10240,128,0.52
rope_70b,16,10240,128,0.55
rope_70b,32,10240,128,0.57
rope_70b,64,10240,128,0.74
rope_70b,128,10240,128,1.20
rope_70b,256,10240,128,2.26
rope_70b,512,10240,128,4.78
rope_70b,1024,10240,128,8.63
rope_70b,2048,10240,128,16.46
rope_70b,4096,10240,128,258.74
